Family,Genus,Species,NOW_ID,PBDB_ID,Original_Genus,Original_Species,Database,Latitude,Longitude,Continent,Country,Minimum_Age,Maximum_Age
Canidae,Aelurodon,asthenostylus,10371,NA,Aelurodon,aesthenostylus,NOW,39.739167,-104.984722,NorthAmerica,United_States,12.5,14.8
Canidae ,Aelurodon,asthenostylus,10372,NA,Aelurodon,aesthenostylus,NOW,40.815278,-104.065833,NorthAmerica,United_States,12.5,14.8
Canidae,Aelurodon,asthenostylus,10639,NA,Aelurodon,aesthenostylus,NOW,35.031944,-117.04,NorthAmerica,United_States,12.5,14.8
Canidae,Aelurodon,asthenostylus,NA,19097,Aelurodon,asthenostylus,PaleoDB,38.1,-117.3,NorthAmerica,United_States,13.7,13.7
Canidae,Aelurodon,asthenostylus,NA,18203,Aelurodon,asthenostylus,PaleoDB,40.8,-104.2,NorthAmerica,United_States,13.7,13.8
Canidae,Aelurodon,asthenostylus,NA,19364,Aelurodon,asthenostylus,PaleoDB,35.05,-117.066667,NorthAmerica,United_States,14,14
Canidae,Aelurodon,asthenostylus,NA,19366,Aelurodon,asthenostylus,PaleoDB,34.8,-117,NorthAmerica,United_States,14,14.2
Canidae,Aelurodon,asthenostylus,NA,19422,Aelurodon,asthenostylus,PaleoDB,34.8,-117,NorthAmerica,United_States,14,14.2
Canidae,Aelurodon,asthenostylus,NA,19457,Aelurodon,asthenostylus,PaleoDB,34.8,-117,NorthAmerica,United_States,14.1,14.4
Canidae,Aelurodon,asthenostylus,NA,19458,Aelurodon,asthenostylus,PaleoDB,34.8,-117,NorthAmerica,United_States,14.1,14.2
Canidae,Aelurodon,asthenostylus,NA,19463,Aelurodon,asthenostylus,PaleoDB,34.8,-117,NorthAmerica,United_States,14.1,14.4
Canidae,Aelurodon,asthenostylus,NA,19548,Aelurodon,asthenostylus,PaleoDB,34.8,-117,NorthAmerica,United_States,14.3,14.4
Canidae,Aelurodon,asthenostylus,10442,NA,Aelurodon,aesthenostylus,NOW,42.690278,-102.840278,NorthAmerica,United_States,14.8,16
Canidae,Aelurodon,asthenostylus,10370,NA,Aelurodon,aesthenostylus,NOW,40.870556,-103.920556,NorthAmerica,United_States,14.8,16
Canidae,Aelurodon,asthenostylus,10674,NA,Aelurodon,aesthenostylus,NOW,38.586111,-117.926389,NorthAmerica,United_States,14.8,16
Canidae,Aelurodon,asthenostylus,10638,NA,Aelurodon,aesthenostylus,NOW,35.032222,-117.052778,NorthAmerica,United_States,14.8,16
Canidae,Aelurodon,asthenostylus,NA,17908,Aelurodon,asthenostylus,PaleoDB,40.8,-104.2,NorthAmerica,United_States,15.97,20.43
Canidae,Aelurodon,asthenostylus,NA,17998,Aelurodon,asthenostylus,PaleoDB,42.8,-103.1,NorthAmerica,United_States,15.97,20.43
Canidae,Aelurodon,asthenostylus,NA,17983,Aelurodon,wheelerianus,PaleoDB,42.4,-103.8,NorthAmerica,United_States,17.2,17.2
Canidae,Aelurodon,ferox,NA,18138,Aelurodon,ferox,PaleoDB,43.3,-102.5,NorthAmerica,United_States,4.9,13.6
Canidae,Aelurodon,ferox,11049,NA,Aelurodon,ferox,NOW,35.91666,-106.16666,NorthAmerica,United_States,7.6,9
Canidae,Aelurodon,ferox,11039,NA,Aelurodon,ferox,NOW,35.891389,-106.020833,NorthAmerica,United_States,10.1,12.5
Canidae,Aelurodon,ferox,11040,NA,Aelurodon,ferox,NOW,36.171667,-106.089167,NorthAmerica,United_States,10.1,12.1
Canidae,Aelurodon,ferox,NA,18422,Aelurodon,ferox,PaleoDB,42.8,-99.7,NorthAmerica,United_States,10.3,15.97
Canidae,Aelurodon,ferox,NA,18032,Aelurodon,ferox,PaleoDB,42.8,-100.8,NorthAmerica,United_States,12,17.1
Canidae,Aelurodon,ferox,NA,18077,Aelurodon,ferox,PaleoDB,42.8,-100.8,NorthAmerica,United_States,12,12
Canidae,Aelurodon,ferox,NA,18075,Aelurodon,ferox,PaleoDB,42.6,-98,NorthAmerica,United_States,12,12.3
Canidae,Aelurodon,ferox,NA,18152,Aelurodon,ferox,PaleoDB,42.7,-100,NorthAmerica,United_States,12,12.3
Canidae,Aelurodon,ferox,NA,18188,Aelurodon,ferox,PaleoDB,42.7,-102.5,NorthAmerica,United_States,12,17.1
Canidae,Aelurodon,ferox,NA,18267,Aelurodon,ferox,PaleoDB,42.8,-100.8,NorthAmerica,United_States,12,12.3
Canidae,Aelurodon,ferox,NA,18282,Aelurodon,ferox,PaleoDB,42.7,-102.5,NorthAmerica,United_States,12,17.1
Canidae,Aelurodon,ferox,NA,18405,Aelurodon,ferox,PaleoDB,42.6,-98,NorthAmerica,United_States,12,17.1
Canidae,Aelurodon,ferox,NA,18461,Aelurodon,ferox,PaleoDB,42.6,-98,NorthAmerica,United_States,12,17.1
Canidae,Aelurodon,ferox,NA,18466,Aelurodon,ferox,PaleoDB,42.7,-100,NorthAmerica,United_States,12,12.3
Canidae,Aelurodon,ferox,10447,NA,Aelurodon,ferox,NOW,42.665278,-102.109167,NorthAmerica,United_States,12.1,12.5
Canidae,Aelurodon,ferox,10456,NA,Aelurodon,ferox,NOW,42.6425,-100.064444,NorthAmerica,United_States,12.1,12.5
Canidae,Aelurodon,ferox,NA,18176,Aelurodon,ferox,PaleoDB,42.8,-100.8,NorthAmerica,United_States,12.1,12.2
Canidae,Aelurodon,ferox,NA,18217,Aelurodon,ferox,PaleoDB,42.7,-100,NorthAmerica,United_States,12.2,12.3
Canidae,Aelurodon,ferox,NA,18242,Aelurodon,ferox,PaleoDB,42.7,-100,NorthAmerica,United_States,12.2,12.3
Canidae,Aelurodon,ferox,NA,18260,Aelurodon,ferox,PaleoDB,42.8,-100.8,NorthAmerica,United_States,12.3,12.3
Canidae,Aelurodon,ferox,10446,NA,Aelurodon,ferox,NOW,40.809868,-96.675345,NorthAmerica,United_States,12.5,14.8
Canidae,Aelurodon,ferox,10453,NA,Aelurodon,ferox,NOW,42.784444,-100.035278,NorthAmerica,United_States,12.5,14.8
Canidae,Aelurodon,ferox,10454,NA,Aelurodon,ferox,NOW,42.826667,-97.636389,NorthAmerica,United_States,12.5,14.8
Canidae,Aelurodon,ferox,10455,NA,Aelurodon,ferox,NOW,42.712222,-99.788889,NorthAmerica,United_States,12.5,14.8
Canidae,Aelurodon,ferox,10537,NA,Aelurodon,ferox,NOW,30.345,-96.031667,NorthAmerica,United_States,12.5,14.8
Canidae,Aelurodon,ferox,11023,NA,Aelurodon,ferox,NOW,35.458056,-106.7525,NorthAmerica,United_States,12.5,14.8
Canidae,Aelurodon,ferox,11033,NA,Aelurodon,ferox,NOW,36.146944,-106.243056,NorthAmerica,United_States,12.5,14.8
Canidae,Aelurodon,ferox,11034,NA,Aelurodon,ferox,NOW,35.824722,-105.978611,NorthAmerica,United_States,12.5,14.8
Canidae,Aelurodon,ferox,11037,NA,Aelurodon,ferox,NOW,36.078611,-106.086389,NorthAmerica,United_States,12.5,14.8
Canidae,Aelurodon,ferox,11038,NA,Aelurodon,ferox,NOW,36.390833,-106.044167,NorthAmerica,United_States,12.5,14.8
Canidae,Aelurodon,ferox,10454,NA,Aelurodon,marshi,NOW,42.826667,-97.636389,NorthAmerica,United_States,12.5,14.8
Canidae,Aelurodon,ferox,NA,18270,Aelurodon,ferox,PaleoDB,42.7,-100,NorthAmerica,United_States,12.7,13.8
Canidae,Aelurodon,ferox,NA,18628,Aelurodon,ferox,PaleoDB,30.7,-94.7,NorthAmerica,United_States,13.4,13.5
Canidae,Aelurodon,ferox,NA,19519,Aelurodon,ferox,PaleoDB,36.5,-107,NorthAmerica,United_States,13.5,13.8
Canidae,Aelurodon,ferox,NA,18090,Aelurodon,ferox,PaleoDB,42.7,-100,NorthAmerica,United_States,13.6,15.97
Canidae,Aelurodon,ferox,NA,18284,Aelurodon,ferox,PaleoDB,42.783333,-100.033333,NorthAmerica,United_States,13.6,15.97
Canidae,Aelurodon,ferox,NA,18443,Aelurodon,ferox,PaleoDB,42.6,-98,NorthAmerica,United_States,13.6,15.97
Canidae,Aelurodon,ferox,NA,18803,Aelurodon,ferox,PaleoDB,45.926111,-111.294722,NorthAmerica,United_States,13.6,15.97
Canidae,Aelurodon,ferox,NA,18051,Aelurodon,ferox,PaleoDB,42.7,-100,NorthAmerica,United_States,13.6,15.97
Canidae,Aelurodon,ferox,NA,18124,Aelurodon,ferox,PaleoDB,42.7,-100,NorthAmerica,United_States,13.6,15.97
Canidae,Aelurodon,ferox,NA,19287,Aelurodon,ferox,PaleoDB,36.5,-107,NorthAmerica,United_States,13.6,15.97
Canidae,Aelurodon,ferox,NA,19535,Aelurodon,ferox,PaleoDB,35.5,-106.2,NorthAmerica,United_States,13.6,15.97
Canidae,Aelurodon,ferox,NA,18031,Aelurodon,ferox,PaleoDB,42.49,-98.11,NorthAmerica,United_States,13.6,15.97
Canidae,Aelurodon,ferox,NA,18068,Aelurodon,ferox,PaleoDB,42.8,-100.8,NorthAmerica,United_States,13.6,15.97
Canidae,Aelurodon,ferox,NA,18109,Aelurodon,ferox,PaleoDB,42.8,-100.8,NorthAmerica,United_States,13.6,15.97
Canidae,Aelurodon,ferox,NA,18120,Aelurodon,ferox,PaleoDB,42.7,-100,NorthAmerica,United_States,13.6,15.97
Canidae,Aelurodon,ferox,NA,18162,Aelurodon,ferox,PaleoDB,42.8,-100.8,NorthAmerica,United_States,13.6,15.97
Canidae,Aelurodon,ferox,NA,18164,Aelurodon,ferox,PaleoDB,42.9,-98.8,NorthAmerica,United_States,13.6,15.97
Canidae,Aelurodon,ferox,NA,18167,Aelurodon,ferox,PaleoDB,42.6,-98,NorthAmerica,United_States,13.6,15.97
Canidae,Aelurodon,ferox,NA,18192,Aelurodon,ferox,PaleoDB,40.2,-101.1,NorthAmerica,United_States,13.6,15.97
Canidae,Aelurodon,ferox,NA,18206,Aelurodon,ferox,PaleoDB,41.5,-103.8,NorthAmerica,United_States,13.6,15.97
Canidae,Aelurodon,ferox,NA,18209,Aelurodon,ferox,PaleoDB,42.9,-98.8,NorthAmerica,United_States,13.6,15.97
Canidae,Aelurodon,ferox,NA,18248,Aelurodon,ferox,PaleoDB,41.5,-103.8,NorthAmerica,United_States,13.6,15.97
Canidae,Aelurodon,ferox,NA,18266,Aelurodon,ferox,PaleoDB,42.8,-100.8,NorthAmerica,United_States,13.6,15.97
Canidae,Aelurodon,ferox,NA,18275,Aelurodon,ferox,PaleoDB,40.238,-98.5271,NorthAmerica,United_States,13.6,15.97
Canidae,Aelurodon,ferox,NA,18281,Aelurodon,ferox,PaleoDB,42.8,-100.8,NorthAmerica,United_States,13.6,15.97
Canidae,Aelurodon,ferox,NA,18357,Aelurodon,ferox,PaleoDB,42.6,-98,NorthAmerica,United_States,13.6,15.97
Canidae,Aelurodon,ferox,NA,18361,Aelurodon,ferox,PaleoDB,42.8,-100.8,NorthAmerica,United_States,13.6,15.97
Canidae,Aelurodon,ferox,NA,18399,Aelurodon,ferox,PaleoDB,42.8,-99.7,NorthAmerica,United_States,13.6,15.97
Canidae,Aelurodon,ferox,NA,18411,Aelurodon,ferox,PaleoDB,42.8,-100.8,NorthAmerica,United_States,13.6,15.97
Canidae,Aelurodon,ferox,NA,18442,Aelurodon,ferox,PaleoDB,42.8,-100.8,NorthAmerica,United_States,13.6,15.97
Canidae,Aelurodon,ferox,NA,18464,Aelurodon,ferox,PaleoDB,42.7,-100,NorthAmerica,United_States,13.6,15.97
Canidae,Aelurodon,ferox,NA,18261,Aelurodon,ferox,PaleoDB,42.6,-98,NorthAmerica,United_States,13.8,13.8
Canidae,Aelurodon,ferox,NA,19520,Aelurodon,ferox,PaleoDB,36.5,-107,NorthAmerica,United_States,13.9,14
Canidae,Aelurodon,ferox,NA,18271,Aelurodon,ferox,PaleoDB,42.8,-100.8,NorthAmerica,United_States,14.4,14.5
Canidae,Aelurodon,ferox,10865,NA,Aelurodon,ferox,NOW,45.666667,-111.3,NorthAmerica,United_States,14.8,16
Canidae,Aelurodon,ferox,NA,18637,Aelurodon,ferox,PaleoDB,30.5,-95,NorthAmerica,United_States,17,17.1
Canidae,Aelurodon,Genus_Only,10099,NA,Aelurodon,indet.,NOW,35.474444,-118.926667,NorthAmerica,United_States,6.8,7.6
Canidae,Aelurodon,Genus_Only,10926,NA,Aelurodon,indet.,NOW,42.790278,-117.738611,NorthAmerica,United_States,7.6,9
Canidae,Aelurodon,Genus_Only,10689,NA,Aelurodon,indet.,NOW,39.934722,-119.066111,NorthAmerica,United_States,9,10.1
Canidae,Aelurodon,Genus_Only,NA,163573,Aelurodon,sp.,PaleoDB,35.3971,-118.145,NorthAmerica,United_States,9.23,9.308
Canidae,Aelurodon,Genus_Only,10320,NA,Aelurodon,indet.,NOW,42.461389,-107.486667,NorthAmerica,United_States,10.1,12.1
Canidae,Aelurodon,Genus_Only,11153,NA,Aelurodon,indet.,NOW,35.643333,-101.905,NorthAmerica,United_States,10.1,12.1
Canidae,Aelurodon,Genus_Only,NA,18180,Aelurodon,sp.,PaleoDB,41.2,-101.8,NorthAmerica,United_States,11.5,11.8
Canidae,Aelurodon,Genus_Only,NA,18295,Aelurodon,sp.,PaleoDB,41.2,-101.8,NorthAmerica,United_States,11.8,11.8
Canidae,Aelurodon,Genus_Only,NA,18027,Aelurodon,sp.,PaleoDB,42.7,-100,NorthAmerica,United_States,13.6,15.97
Canidae,Aelurodon,Genus_Only,NA,18121,Aelurodon,sp.,PaleoDB,42.8,-100.8,NorthAmerica,United_States,13.6,15.97
Canidae,Aelurodon,Genus_Only,NA,18141,Aelurodon,sp.,PaleoDB,42.8061,-100.505,NorthAmerica,United_States,13.6,15.97
Canidae,Aelurodon,Genus_Only,NA,18199,Aelurodon,sp.,PaleoDB,42.8,-99.7,NorthAmerica,United_States,13.6,15.97
Canidae,Aelurodon,Genus_Only,NA,18332,Aelurodon,sp.,PaleoDB,42.8,-99.7,NorthAmerica,United_States,13.6,15.97
Canidae,Aelurodon,Genus_Only,NA,18353,Aelurodon,sp.,PaleoDB,42.7,-100,NorthAmerica,United_States,13.6,15.97
Canidae,Aelurodon,Genus_Only,NA,19088,Aelurodon,sp.,PaleoDB,38.25,-117.9,NorthAmerica,United_States,13.6,15.97
Canidae,Aelurodon,Genus_Only,NA,19460,Aelurodon,sp.,PaleoDB,36.1,-120.4,NorthAmerica,United_States,13.6,15.97
Canidae,Aelurodon,Genus_Only,NA,19542,Aelurodon,sp.,PaleoDB,35.3,-118.5,NorthAmerica,United_States,13.6,15.97
Canidae,Aelurodon,mcgrewi,10454,NA,Aelurodon,mcgrewi,NOW,42.826667,-97.636389,NorthAmerica,United_States,12.5,14.8
Canidae,Aelurodon,mcgrewi,10455,NA,Aelurodon,mcgrewi,NOW,42.712222,-99.788889,NorthAmerica,United_States,12.5,14.8
Canidae,Aelurodon,mcgrewi,NA,18341,Aelurodon,mcgrewi,PaleoDB,40.2,-100.5,NorthAmerica,United_States,12.9,12.9
Canidae,Aelurodon,mcgrewi,NA,18442,Aelurodon,mcgrewi,PaleoDB,42.8,-100.8,NorthAmerica,United_States,13.6,15.97
Canidae,Aelurodon,mcgrewi,NA,18402,Aelurodon,mcgrewi,PaleoDB,42.7,-100,NorthAmerica,United_States,13.6,15.97
Canidae,Aelurodon,mcgrewi,NA,18058,Aelurodon,mcgrewi,PaleoDB,42.8,-100.8,NorthAmerica,United_States,13.6,15.97
Canidae,Aelurodon,mcgrewi,NA,18125,Aelurodon,mcgrewi,PaleoDB,42.8,-100.8,NorthAmerica,United_States,13.6,15.97
Canidae,Aelurodon,mcgrewi,NA,18153,Aelurodon,mcgrewi,PaleoDB,42.7,-100,NorthAmerica,United_States,13.6,15.97
Canidae,Aelurodon,mcgrewi,NA,18345,Aelurodon,mcgrewi,PaleoDB,42.8,-100.8,NorthAmerica,United_States,13.6,15.97
Canidae,Aelurodon,mcgrewi,NA,18363,Aelurodon,mcgrewi,PaleoDB,42.8,-99.7,NorthAmerica,United_States,13.6,15.97
Canidae,Aelurodon,mcgrewi,NA,18412,Aelurodon,mcgrewi,PaleoDB,42.8,-100.8,NorthAmerica,United_States,13.6,15.97
Canidae,Aelurodon,montanensis,NA,62876,Aelurodon,montanensis,PaleoDB,45.897,-112.1699,NorthAmerica,United_States,13.6,15.97
Canidae,Aelurodon,montanensis,10869,NA,Aelurodon,montanensis,NOW,45.890278,-112.1625,NorthAmerica,United_States,14.8,16
Canidae,Aelurodon,stirtoni,NA,18159,Aelurodon,stirtoni,PaleoDB,42.8,-100.8,NorthAmerica,United_States,12,12.3
Canidae,Aelurodon,stirtoni,NA,18414,Aelurodon,stirtoni,PaleoDB,42.8,-100.8,NorthAmerica,United_States,12,12.3
Canidae,Aelurodon,stirtoni,NA,18077,Aelurodon,stirtoni,PaleoDB,42.8,-100.8,NorthAmerica,United_States,12,12
Canidae,Aelurodon,stirtoni,NA,18408,Aelurodon,stirtoni,PaleoDB,42.8,-100.8,NorthAmerica,United_States,12,12.3
Canidae,Aelurodon,stirtoni,10456,NA,Aelurodon,stirtoni,NOW,42.6425,-100.064444,NorthAmerica,United_States,12.1,12.5
Canidae,Aelurodon,stirtoni,NA,18176,Aelurodon,stirtoni,PaleoDB,42.8,-100.8,NorthAmerica,United_States,12.1,12.2
Canidae,Aelurodon,stirtoni,NA,18217,Aelurodon,stirtoni,PaleoDB,42.7,-100,NorthAmerica,United_States,12.2,12.3
Canidae,Aelurodon,stirtoni,10454,NA,Aelurodon,stirtoni,NOW,42.826667,-97.636389,NorthAmerica,United_States,12.5,14.8
Canidae,Aelurodon,stirtoni,11033,NA,Aelurodon,stirtoni,NOW,36.146944,-106.243056,NorthAmerica,United_States,12.5,14.8
Canidae,Aelurodon,stirtoni,11034,NA,Aelurodon,stirtoni,NOW,35.824722,-105.978611,NorthAmerica,United_States,12.5,14.8
Canidae,Aelurodon,stirtoni,NA,19535,Aelurodon,stirtoni,PaleoDB,35.5,-106.2,NorthAmerica,United_States,13.6,15.97
Canidae,Aelurodon,stirtoni,NA,18119,Aelurodon,stirtoni,PaleoDB,42.7,-100,NorthAmerica,United_States,13.6,15.97
Canidae,Aelurodon,stirtoni,NA,19520,Aelurodon,stirtoni,PaleoDB,36.5,-107,NorthAmerica,United_States,13.9,14
Canidae,Aelurodon,taxoides,NA,18323,Aelurodon,taxoides,PaleoDB,42.4,-103.8,NorthAmerica,United_States,4.9,10.3
Canidae,Aelurodon,taxoides,10459,NA,Aelurodon,taxoides,NOW,42.198056,-103.780833,NorthAmerica,United_States,6.8,7.6
Canidae,Aelurodon,taxoides,10459,NA,Tomarctus,propter,NOW,42.198056,-103.780833,NorthAmerica,United_States,6.8,7.6
Canidae,Aelurodon,taxoides,10083,NA,Aelurodon,taxoides,NOW,37.829722,-121.918611,NorthAmerica,United_States,9,10.1
Canidae,Aelurodon,taxoides,10084,NA,Aelurodon,taxoides,NOW,37.829722,-121.929167,NorthAmerica,United_States,9,10.1
Canidae,Aelurodon,taxoides,10088,NA,Aelurodon,taxoides,NOW,38.555605,-121.468926,NorthAmerica,United_States,9,10.1
Canidae,Aelurodon,taxoides,10458,NA,Aelurodon,taxoides,NOW,42.166111,-103.726667,NorthAmerica,United_States,9,10.1
Canidae,Aelurodon,taxoides,10465,NA,Aelurodon,taxoides,NOW,42.694167,-100.856389,NorthAmerica,United_States,9,12.1
Canidae,Aelurodon,taxoides,10480,NA,Aelurodon,taxoides,NOW,38.878056,-99.510278,NorthAmerica,United_States,9,10.1
Canidae,Aelurodon,taxoides,10448,NA,Aelurodon,taxoides,NOW,40.0575,-100.883056,NorthAmerica,United_States,10.1,12.1
Canidae,Aelurodon,taxoides,10462,NA,Aelurodon,taxoides,NOW,42.421111,-98.156667,NorthAmerica,United_States,10.1,12.1
Canidae,Aelurodon,taxoides,10405,NA,Aelurodon,taxoides,NOW,43.119444,-101.930833,NorthAmerica,United_States,10.1,12.1
Canidae,Aelurodon,taxoides,10406,NA,Aelurodon,taxoides,NOW,43.002222,-102.386944,NorthAmerica,United_States,10.1,12.1
Canidae,Aelurodon,taxoides,10565,NA,Aelurodon,taxoides,NOW,28.133333,-81.631667,NorthAmerica,United_States,10.1,12.5
Canidae,Aelurodon,taxoides,10540,NA,Aelurodon,taxoides,NOW,28.42,-97.74,NorthAmerica,United_States,10.1,12.1
Canidae,Aelurodon,taxoides,10541,NA,Aelurodon,taxoides,NOW,28.531389,-97.591389,NorthAmerica,United_States,10.1,12.1
Canidae,Aelurodon,taxoides,10675,NA,Aelurodon,taxoides,NOW,38.603611,-117.843056,NorthAmerica,United_States,10.1,12.1
Canidae,Aelurodon,taxoides,11048,NA,Aelurodon,taxoides,NOW,35.955,-106.120833,NorthAmerica,United_States,10.1,12.1
Canidae,Aelurodon,taxoides,11153,NA,Aelurodon,taxoides,NOW,35.643333,-101.905,NorthAmerica,United_States,10.1,12.1
Canidae,Aelurodon,taxoides,11154,NA,Aelurodon,taxoides,NOW,30.267222,-97.763889,NorthAmerica,United_States,10.1,12.1
Canidae,Aelurodon,taxoides,11162,NA,Aelurodon,taxoides,NOW,35.065833,-100.909722,NorthAmerica,United_States,10.1,12.1
Canidae,Aelurodon,taxoides,NA,19320,Aelurodon,taxoides,PaleoDB,36.5,-107,NorthAmerica,United_States,10.6,12.3
Canidae,Aelurodon,taxoides,NA,18071,Aelurodon,taxoides,PaleoDB,39.7,-99.1,NorthAmerica,United_States,10.6,12.3
Canidae,Aelurodon,taxoides,NA,18091,Aelurodon,taxoides,PaleoDB,35.7,-102.3,NorthAmerica,United_States,10.6,11.6
Canidae,Aelurodon,taxoides,NA,18174,Aelurodon,taxoides,PaleoDB,42.8,-100.8,NorthAmerica,United_States,10.6,12.3
Canidae,Aelurodon,taxoides,NA,18190,Aelurodon,taxoides,PaleoDB,41.5,-103.8,NorthAmerica,United_States,10.6,12.3
Canidae,Aelurodon,taxoides,NA,18256,Aelurodon,taxoides,PaleoDB,42.8,-100.8,NorthAmerica,United_States,10.6,12.3
Canidae,Aelurodon,taxoides,NA,18262,Aelurodon,taxoides,PaleoDB,34.8,-100.8,NorthAmerica,United_States,10.6,12.3
Canidae,Aelurodon,taxoides,NA,18278,Aelurodon,taxoides,PaleoDB,41.5,-103.8,NorthAmerica,United_States,10.6,12.3
Canidae,Aelurodon,taxoides,NA,18348,Aelurodon,taxoides,PaleoDB,42.7,-102.5,NorthAmerica,United_States,10.6,12.3
Canidae,Aelurodon,taxoides,NA,18358,Aelurodon,taxoides,PaleoDB,35.4,-101.4,NorthAmerica,United_States,10.6,12.3
Canidae,Aelurodon,taxoides,NA,18378,Aelurodon,taxoides,PaleoDB,42.8,-100.8,NorthAmerica,United_States,10.6,11.8
Canidae,Aelurodon,taxoides,NA,18446,Aelurodon,taxoides,PaleoDB,42.8,-100.8,NorthAmerica,United_States,10.6,11.8
Canidae,Aelurodon,taxoides,NA,18457,Aelurodon,taxoides,PaleoDB,42.8,-99.7,NorthAmerica,United_States,10.6,11.8
Canidae,Aelurodon,taxoides,NA,18494,Aelurodon,taxoides,PaleoDB,42.8,-100.8,NorthAmerica,United_States,10.6,12.3
Canidae,Aelurodon,taxoides,NA,18074,Aelurodon,taxoides,PaleoDB,35,-100.8,NorthAmerica,United_States,10.9,12.3
Canidae,Aelurodon,taxoides,NA,18321,Aelurodon,taxoides,PaleoDB,42.8,-100.8,NorthAmerica,United_States,11.5,11.6
Canidae,Aelurodon,taxoides,NA,18213,Aelurodon,taxoides,PaleoDB,42.7,-100,NorthAmerica,United_States,11.6,11.9
Canidae,Aelurodon,taxoides,NA,18214,Aelurodon,taxoides,PaleoDB,42.8,-100.8,NorthAmerica,United_States,11.6,11.6
Canidae,Aelurodon,taxoides,NA,18218,Aelurodon,taxoides,PaleoDB,42.8,-100.8,NorthAmerica,United_States,11.6,11.6
Canidae,Aelurodon,taxoides,NA,18227,Aelurodon,taxoides,PaleoDB,42.8,-100.8,NorthAmerica,United_States,11.6,11.6
Canidae,Aelurodon,taxoides,NA,18245,Aelurodon,taxoides,PaleoDB,42.8,-100.8,NorthAmerica,United_States,11.6,11.6
Canidae,Aelurodon,taxoides,NA,18283,Aelurodon,taxoides,PaleoDB,35,-100.8,NorthAmerica,United_States,11.6,12.3
Canidae,Aelurodon,taxoides,NA,18333,Aelurodon,taxoides,PaleoDB,42.8,-100.8,NorthAmerica,United_States,11.6,11.6
Canidae,Aelurodon,taxoides,NA,18458,Aelurodon,taxoides,PaleoDB,42.8,-100.8,NorthAmerica,United_States,11.6,11.6
Canidae,Aelurodon,taxoides,NA,18468,Aelurodon,taxoides,PaleoDB,42.7,-100,NorthAmerica,United_States,11.6,11.6
Canidae,Aelurodon,taxoides,NA,18496,Aelurodon,taxoides,PaleoDB,42.8,-100.8,NorthAmerica,United_States,11.6,11.6
Canidae,Aelurodon,taxoides,NA,19528,Aelurodon,taxoides,PaleoDB,36.5,-107,NorthAmerica,United_States,11.7,11.7
Canidae,Aelurodon,taxoides,NA,18096,Aelurodon,taxoides,PaleoDB,35.4,-101.9,NorthAmerica,United_States,11.7,12.3
Canidae,Aelurodon,taxoides,NA,18463,Aelurodon,taxoides,PaleoDB,36.8,-100.5,NorthAmerica,United_States,11.7,11.7
Canidae,Aelurodon,taxoides,NA,19185,Aelurodon,taxoides,PaleoDB,37.9,-122.1,NorthAmerica,United_States,11.7,11.7
Canidae,Aelurodon,taxoides,NA,18200,Aelurodon,taxoides,PaleoDB,43.2,-100.7,NorthAmerica,United_States,11.7,11.9
Canidae,Aelurodon,taxoides,NA,18268,Aelurodon,taxoides,PaleoDB,43.4,-100.6,NorthAmerica,United_States,11.7,11.7
Canidae,Aelurodon,taxoides,NA,18301,Aelurodon,taxoides,PaleoDB,42.4,-103.8,NorthAmerica,United_States,11.7,11.9
Canidae,Aelurodon,taxoides,NA,18501,Aelurodon,taxoides,PaleoDB,27.9,-81.8,NorthAmerica,United_States,11.7,11.7
Canidae,Aelurodon,taxoides,NA,18151,Aelurodon,taxoides,PaleoDB,42.7,-100,NorthAmerica,United_States,11.8,11.9
Canidae,Aelurodon,taxoides,NA,18022,Aelurodon,taxoides,PaleoDB,42.6,-98,NorthAmerica,United_States,11.8,11.9
Canidae,Aelurodon,taxoides,NA,18042,Aelurodon,taxoides,PaleoDB,42.8,-100.8,NorthAmerica,United_States,11.8,11.8
Canidae,Aelurodon,taxoides,NA,18057,Aelurodon,taxoides,PaleoDB,42.8,-100.8,NorthAmerica,United_States,11.8,11.9
Canidae,Aelurodon,taxoides,NA,18063,Aelurodon,taxoides,PaleoDB,43.2,-101.8,NorthAmerica,United_States,11.8,11.8
Canidae,Aelurodon,taxoides,NA,18087,Aelurodon,taxoides,PaleoDB,43.2,-100.7,NorthAmerica,United_States,11.8,12.3
Canidae,Aelurodon,taxoides,NA,18092,Aelurodon,taxoides,PaleoDB,42.6,-98,NorthAmerica,United_States,11.8,11.9
Canidae,Aelurodon,taxoides,NA,18095,Aelurodon,taxoides,PaleoDB,42.7,-100,NorthAmerica,United_States,11.8,11.8
Canidae,Aelurodon,taxoides,NA,18118,Aelurodon,taxoides,PaleoDB,42.7,-100,NorthAmerica,United_States,11.8,11.9
Canidae,Aelurodon,taxoides,NA,18134,Aelurodon,taxoides,PaleoDB,42.7,-100,NorthAmerica,United_States,11.8,11.8
Canidae,Aelurodon,taxoides,NA,18171,Aelurodon,taxoides,PaleoDB,42.8,-100.8,NorthAmerica,United_States,11.8,11.8
Canidae,Aelurodon,taxoides,NA,18222,Aelurodon,taxoides,PaleoDB,42.4,-103.8,NorthAmerica,United_States,11.8,11.9
Canidae,Aelurodon,taxoides,NA,18279,Aelurodon,taxoides,PaleoDB,42.7,-100,NorthAmerica,United_States,11.8,11.9
Canidae,Aelurodon,taxoides,NA,18288,Aelurodon,taxoides,PaleoDB,42.8,-99.7,NorthAmerica,United_States,11.8,11.9
Canidae,Aelurodon,taxoides,NA,18336,Aelurodon,taxoides,PaleoDB,42.7,-100,NorthAmerica,United_States,11.8,11.8
Canidae,Aelurodon,taxoides,NA,18352,Aelurodon,taxoides,PaleoDB,43.2,-100.7,NorthAmerica,United_States,11.8,11.9
Canidae,Aelurodon,taxoides,NA,18409,Aelurodon,taxoides,PaleoDB,42.8,-100.8,NorthAmerica,United_States,11.8,11.9
Canidae,Aelurodon,taxoides,NA,18459,Aelurodon,taxoides,PaleoDB,42.8,-100.8,NorthAmerica,United_States,11.8,11.9
Canidae,Aelurodon,taxoides,NA,19391,Aelurodon,taxoides,PaleoDB,37.9,-122.1,NorthAmerica,United_States,11.8,11.8
Canidae,Aelurodon,taxoides,NA,18230,Aelurodon,taxoides,PaleoDB,42.8,-100.8,NorthAmerica,United_States,11.9,12
Canidae,Aelurodon,taxoides,NA,18299,Aelurodon,taxoides,PaleoDB,42.4,-103.8,NorthAmerica,United_States,11.9,11.9
Canidae,Aelurodon,taxoides,NA,18355,Aelurodon,taxoides,PaleoDB,35,-100.8,NorthAmerica,United_States,11.9,11.9
Canidae,Aelurodon,taxoides,NA,18610,Aelurodon,taxoides,PaleoDB,28.6,-97.7,NorthAmerica,United_States,11.9,11.9
Canidae,Aelurodon,taxoides,NA,18179,Aelurodon,taxoides,PaleoDB,35,-100.8,NorthAmerica,United_States,12.1,12.3
Canidae,Aelurodon,taxoides,NA,18845,Aelurodon,taxoides,PaleoDB,38.25,-117.9,NorthAmerica,United_States,12.1,12.2
Canidae,Aelurodon,taxoides,NA,18149,Aelurodon,taxoides,PaleoDB,36,-101.8,NorthAmerica,United_States,12.2,12.3
Canidae,Aelurodon,taxoides,NA,18244,Aelurodon,taxoides,PaleoDB,35,-100.8,NorthAmerica,United_States,12.2,12.3
Canidae,Aelurodon,taxoides,11036,NA,Aelurodon,taxoides,NOW,36.255,-106.146944,NorthAmerica,United_States,12.5,14.8
Canidae,Aelurodon,taxoides,10443,NA,Aelurodon,taxoides,NOW,42.913056,-100.386667,NorthAmerica,United_States,14.8,16
Canidae,Aelurodon,taxoides,10370,NA,Aelurodon,taxoides,NOW,40.870556,-103.920556,NorthAmerica,United_States,14.8,16
Canidae,Aelurodon,taxoides,11032,NA,Aelurodon,taxoides,NOW,35.978333,-105.988333,NorthAmerica,United_States,14.8,16
Canidae,Archaeocyon,falkenbachi,10312,NA,Archaeocyon,falchenbachi,NOW,42.6525,-104.823611,NorthAmerica,United_States,23,28.1
Canidae,Archaeocyon,falkenbachi,NA,17472,Archaeocyon,falkenbachi,PaleoDB,42,-104.2,NorthAmerica,United_States,24.9,25
Canidae,Archaeocyon,leptodus,NA,17479,Archaeocyon,leptodus,PaleoDB,46.6,-112.1,NorthAmerica,United_States,20.43,30.8
Canidae,Archaeocyon,leptodus,NA,17724,Archaeocyon,leptodus,PaleoDB,46.4,-103.3,NorthAmerica,United_States,20.43,30.8
Canidae,Archaeocyon,leptodus,10309,NA,Archaeocyon,leptodus,NOW,41.6625,-104.259722,NorthAmerica,United_States,23,28.1
Canidae,Archaeocyon,leptodus,10312,NA,Archaeocyon,leptodus,NOW,42.6525,-104.823611,NorthAmerica,United_States,23,28.1
Canidae,Archaeocyon,leptodus,10392,NA,Archaeocyon,leptodus,NOW,43.08333333,-102.3333333,NorthAmerica,United_States,23,30
Canidae,Archaeocyon,leptodus,10419,NA,Archaeocyon,leptodus,NOW,40.809868,-96.675345,NorthAmerica,United_States,23,30
Canidae,Archaeocyon,leptodus,10850,NA,Archaeocyon,leptodus,NOW,46.6525,-111.694167,NorthAmerica,United_States,23,28.1
Canidae,Archaeocyon,leptodus,10887,NA,Archaeocyon,leptodus,NOW,46.813343,-100.779004,NorthAmerica,United_States,23,30
Canidae,Archaeocyon,leptodus,NA,17465,Archaeocyon,leptodus,PaleoDB,41.5,-103.8,NorthAmerica,United_States,24.4,26.3
Canidae,Archaeocyon,leptodus,NA,17574,Archaeocyon,leptodus,PaleoDB,42,-104.2,NorthAmerica,United_States,24.8,29.8
Canidae,Archaeocyon,leptodus,NA,17472,Archaeocyon,leptodus,PaleoDB,42,-104.2,NorthAmerica,United_States,24.9,25
Canidae,Archaeocyon,leptodus,NA,17727,Archaeocyon,leptodus,PaleoDB,43,-104.5,NorthAmerica,United_States,24.9,25
Canidae,Archaeocyon,leptodus,NA,17605,Archaeocyon,leptodus,PaleoDB,43.5,-101.9,NorthAmerica,United_States,25.1,26.3
Canidae,Archaeocyon,leptodus,NA,17524,Archaeocyon,leptodus,PaleoDB,42,-104.2,NorthAmerica,United_States,25.2,25.2
Canidae,Archaeocyon,leptodus,NA,17532,Archaeocyon,leptodus,PaleoDB,43,-104.5,NorthAmerica,United_States,25.2,25.2
Canidae,Archaeocyon,leptodus,NA,17598,Archaeocyon,leptodus,PaleoDB,41.7,-103.1,NorthAmerica,United_States,26.2,26.3
Canidae,Archaeocyon,leptodus,NA,17602,Archaeocyon,leptodus,PaleoDB,41.7,-103.1,NorthAmerica,United_States,26.2,26.3
Canidae,Archaeocyon,leptodus,NA,17729,Archaeocyon,leptodus,PaleoDB,41.5,-103.8,NorthAmerica,United_States,26.2,29.5
Canidae,Archaeocyon,leptodus,NA,17629,Archaeocyon,leptodus,PaleoDB,43.3,-102.5,NorthAmerica,United_States,26.3,30.8
Canidae,Archaeocyon,leptodus,NA,17635,Archaeocyon,leptodus,PaleoDB,43.3,-102.5,NorthAmerica,United_States,26.3,30.8
Canidae,Archaeocyon,leptodus,NA,17607,Archaeocyon,leptodus,PaleoDB,43.3,-102.5,NorthAmerica,United_States,26.3,30.8
Canidae,Archaeocyon,leptodus,NA,17627,Archaeocyon,leptodus,PaleoDB,43.3,-102.5,NorthAmerica,United_States,26.3,30.8
Canidae,Archaeocyon,leptodus,NA,17630,Archaeocyon,leptodus,PaleoDB,43.3,-102.5,NorthAmerica,United_States,26.3,30.8
Canidae,Archaeocyon,leptodus,NA,17633,Archaeocyon,leptodus,PaleoDB,43.3,-102.5,NorthAmerica,United_States,26.3,30.8
Canidae,Archaeocyon,leptodus,NA,17634,Archaeocyon,leptodus,PaleoDB,43.3,-102.5,NorthAmerica,United_States,26.3,30.8
Canidae,Archaeocyon,leptodus,NA,17636,Archaeocyon,leptodus,PaleoDB,43.3,-102.5,NorthAmerica,United_States,26.3,30.8
Canidae,Archaeocyon,leptodus,NA,17637,Archaeocyon,leptodus,PaleoDB,43.3,-102.5,NorthAmerica,United_States,26.3,30.8
Canidae,Archaeocyon,leptodus,NA,17644,Archaeocyon,leptodus,PaleoDB,43.3,-102.5,NorthAmerica,United_States,26.3,30.8
Canidae,Archaeocyon,leptodus,NA,17654,Archaeocyon,leptodus,PaleoDB,43.3,-102.5,NorthAmerica,United_States,26.3,30.8
Canidae,Archaeocyon,leptodus,NA,17651,Archaeocyon,leptodus,PaleoDB,43.3,-102.5,NorthAmerica,United_States,26.3,30.8
Canidae,Archaeocyon,leptodus,NA,17568,Archaeocyon,leptodus,PaleoDB,41.7,-103.1,NorthAmerica,United_States,26.5,28.1
Canidae,Archaeocyon,leptodus,10424,NA,Archaeocyon,leptodus,NOW,41.615,-103.251111,NorthAmerica,United_States,28.1,30
Canidae,Archaeocyon,leptodus,10296,NA,Archaeocyon,leptodus,NOW,41.7025,-104.081944,NorthAmerica,United_States,28.1,31.4
Canidae,Archaeocyon,leptodus,10307,NA,Archaeocyon,leptodus,NOW,42.671944,-104.755556,NorthAmerica,United_States,28.1,30
Canidae,Archaeocyon,leptodus,10308,NA,Archaeocyon,leptodus,NOW,41.14555,-104.801944,NorthAmerica,United_States,28.1,30
Canidae,Archaeocyon,leptodus,10391,NA,Archaeocyon,leptodus,NOW,43.08333,-102.333,NorthAmerica,United_States,28.1,30
Canidae,Archaeocyon,leptodus,10291,NA,Archaeocyon,leptodus,NOW,43.05,-104.47,NorthAmerica,United_States,30,32
Canidae,Archaeocyon,leptodus,10417,NA,Archaeocyon,leptodus,NOW,40.809868,-96.675345,NorthAmerica,United_States,30,32
Canidae,Archaeocyon,leptodus,NA,17335,Archaeocyon,leptodus,PaleoDB,42,-104.2,NorthAmerica,United_States,30.8,33.3
Canidae,Archaeocyon,leptodus,NA,17377,Archaeocyon,leptodus,PaleoDB,42.4,-103.8,NorthAmerica,United_States,30.9,30.9
Canidae,Archaeocyon,pavidus,NA,17663,Archaeocyon,pavidus,PaleoDB,43.3,-102.5,NorthAmerica,United_States,27.7,27.8
Canidae,Archaeocyon,pavidus,10034,NA,Archaeocyon,pavidus,NOW,34.28333333,-118.9166667,NorthAmerica,United_States,28.1,30
Canidae,Archaeocyon,pavidus,10390,NA,Archaeocyon,pavidus,NOW,43.389722,-102.464722,NorthAmerica,United_States,28.1,30
Canidae,Archaeocyon,pavidus,10386,NA,Archaeocyon,pavidus,NOW,44.5,-100,NorthAmerica,United_States,30,32
Canidae,Archaeocyon,pavidus,10417,NA,Archaeocyon,pavidus,NOW,40.809868,-96.675345,NorthAmerica,United_States,30,32
Canidae,Archaeocyon,pavidus,NA,17527,Archaeocyon,pavidus,PaleoDB,34.3,-119,NorthAmerica,United_States,30.7,30.8
Canidae,Archaeocyon,pavidus,NA,17317,Archaeocyon,pavidus,PaleoDB,43.5,-101.9,NorthAmerica,United_States,30.8,33.3
Canidae,Archaeocyon,pavidus,NA,17356,Archaeocyon,pavidus,PaleoDB,43.2,-103.2,NorthAmerica,United_States,30.8,33.3
Canidae,Archaeocyon,pavidus,NA,17349,Archaeocyon,pavidus,PaleoDB,44.6,-119.616667,NorthAmerica,United_States,30.8,33.3
Canidae,Archaeocyon,pavidus,NA,17305,Archaeocyon,pavidus,PaleoDB,42.4,-103.8,NorthAmerica,United_States,30.9,31.2
Canidae,Archaeocyon,pavidus,NA,17374,Archaeocyon,pavidus,PaleoDB,41.7,-103.1,NorthAmerica,United_States,31.1,31.2
Canidae,Archaeocyon,pavidus,NA,17325,Archaeocyon,pavidus,PaleoDB,42.8,-103.1,NorthAmerica,United_States,31.1,31.2
Canidae,Archaeocyon,pavidus,NA,17380,Archaeocyon,pavidus,PaleoDB,43.9,-102.4,NorthAmerica,United_States,31.1,31.2
Canidae,Borophagus,diversidens,10594,NA,Borophagus,diversidens,NOW,28.133333,-81.631667,NorthAmerica,United_States,0.85,1.9
Canidae,Borophagus,diversidens,NA,19663,Borophagus,diversidens,PaleoDB,35.3,-118.5,NorthAmerica,United_States,1.8,4.9
Canidae,Borophagus,diversidens,NA,19665,Borophagus,diversidens,PaleoDB,36.1,-117.9,NorthAmerica,United_States,1.8,4.9
Canidae,Borophagus,diversidens,NA,19701,Borophagus,diversidens,PaleoDB,37.9,-122.1,NorthAmerica,United_States,1.8,4.9
Canidae,Borophagus,diversidens,NA,19662,Borophagus,diversidens,PaleoDB,33,-109.6,NorthAmerica,United_States,1.8,4.9
Canidae,Borophagus,diversidens,NA,19757,Borophagus,diversidens,PaleoDB,27,-82.2,NorthAmerica,United_States,1.8,4.9
Canidae,Borophagus,diversidens,NA,19957,Borophagus,diversidens,PaleoDB,42.7,-100,NorthAmerica,United_States,1.8,4.9
Canidae,Borophagus,diversidens,11147,NA,Borophagus,diversidens,NOW,21.01666667,-100.7833333,NorthAmerica,Mexico,1.9,4.9
Canidae,Borophagus,diversidens,11149,NA,Borophagus,diversidens,NOW,19.43333,-99.133333,NorthAmerica,Mexico,1.9,2.5
Canidae,Borophagus,diversidens,10110,NA,Borophagus,diversidens,NOW,38.555605,-121.468926,NorthAmerica,United_States,1.9,4.9
Canidae,Borophagus,diversidens,10476,NA,Borophagus,diversidens,NOW,40.809868,-96.675345,NorthAmerica,United_States,1.9,2.5
Canidae,Borophagus,diversidens,10576,NA,Borophagus,diversidens,NOW,30.23,-82.63,NorthAmerica,United_States,1.9,2.5
Canidae,Borophagus,diversidens,10652,NA,Borophagus,diversidens,NOW,38.555605,-121.468926,NorthAmerica,United_States,1.9,2.5
Canidae,Borophagus,diversidens,10697,NA,Borophagus,diversidens,NOW,39.160833,-119.753889,NorthAmerica,United_States,1.9,2.5
Canidae,Borophagus,diversidens,10952,NA,Borophagus,diversidens,NOW,43.613739,-116.237651,NorthAmerica,United_States,1.9,2.5
Canidae,Borophagus,diversidens,10899,NA,Borophagus,diversidens,NOW,0,0,NorthAmerica,United_States,1.9,2.5
Canidae,Borophagus,diversidens,10975,NA,Borophagus,diversidens,NOW,33.448457,-112.073844,NorthAmerica,United_States,1.9,2.5
Canidae,Borophagus,diversidens,10985,NA,Borophagus,diversidens,NOW,33.448457,-112.073844,NorthAmerica,United_States,1.9,2.5
Canidae,Borophagus,diversidens,10987,NA,Borophagus,diversidens,NOW,33.448457,-112.073844,NorthAmerica,United_States,1.9,2.5
Canidae,Borophagus,diversidens,11029,NA,Borophagus,diversidens,NOW,35.667222,-105.964444,NorthAmerica,United_States,1.9,2.5
Canidae,Borophagus,diversidens,11107,NA,Borophagus,diversidens,NOW,30.75,-105,NorthAmerica,United_States,1.9,2.5
Canidae,Borophagus,diversidens,11161,NA,Borophagus,diversidens,NOW,34.97,-101.9,NorthAmerica,United_States,1.9,2.5
Canidae,Borophagus,diversidens,11168,NA,Borophagus,diversidens,NOW,29.910577,-95.060882,NorthAmerica,United_States,1.9,2.5
Canidae,Borophagus,diversidens,NA,20117,Borophagus,diversidens,PaleoDB,32.9,-117.1,NorthAmerica,United_States,2,2
Canidae,Borophagus,diversidens,NA,20119,Borophagus,diversidens,PaleoDB,32.9,-117.1,NorthAmerica,United_States,2,2
Canidae,Borophagus,diversidens,NA,19913,Borophagus,diversidens,PaleoDB,43,-118,NorthAmerica,United_States,2.1,2.6
Canidae,Borophagus,diversidens,NA,19631,Borophagus,diversidens,PaleoDB,32,-110.2,NorthAmerica,United_States,2.2,4.1
Canidae,Borophagus,diversidens,NA,19954,Borophagus,diversidens,PaleoDB,42.378333,-98.234444,NorthAmerica,United_States,2.4,2.4
Canidae,Borophagus,diversidens,10106,NA,Borophagus,diversidens,NOW,38.555605,-121.468926,NorthAmerica,United_States,2.5,4.9
Canidae,Borophagus,diversidens,10109,NA,Borophagus,diversidens,NOW,38.555605,-121.468926,NorthAmerica,United_States,2.5,4.9
Canidae,Borophagus,diversidens,10471,NA,Borophagus,diversidens,NOW,40.809868,-96.675345,NorthAmerica,United_States,2.5,4.9
Canidae,Borophagus,diversidens,10472,NA,Borophagus,diversidens,NOW,40.809868,-96.675345,NorthAmerica,United_States,2.5,4.9
Canidae,Borophagus,diversidens,10473,NA,Borophagus,diversidens,NOW,40.809868,-96.675345,NorthAmerica,United_States,2.5,4.9
Canidae,Borophagus,diversidens,10494,NA,Borophagus,diversidens,NOW,39.055833,-95.689444,NorthAmerica,United_States,2.5,4.9
Canidae,Borophagus,diversidens,10496,NA,Borophagus,diversidens,NOW,39.055833,-95.689444,NorthAmerica,United_States,2.5,4.9
Canidae,Borophagus,diversidens,10497,NA,Borophagus,diversidens,NOW,39.055833,-95.689444,NorthAmerica,United_States,2.5,4.9
Canidae,Borophagus,diversidens,10900,NA,Borophagus,diversidens,NOW,47.0425,-122.893056,NorthAmerica,United_States,2.5,4.9
Canidae,Borophagus,diversidens,10968,NA,Borophagus,diversidens,NOW,33.448457,-112.073844,NorthAmerica,United_States,2.5,4.9
Canidae,Borophagus,diversidens,10969,NA,Borophagus,diversidens,NOW,32.11361,-109.92111,NorthAmerica,United_States,2.5,4.9
Canidae,Borophagus,diversidens,11159,NA,Borophagus,diversidens,NOW,32.518611,-96.380833,NorthAmerica,United_States,2.5,4.9
Canidae,Borophagus,diversidens,NA,19758,Borophagus,diversidens,PaleoDB,29.7,-82.6,NorthAmerica,United_States,2.9,3
Canidae,Borophagus,diversidens,NA,19963,Borophagus,diversidens,PaleoDB,42.7,-100,NorthAmerica,United_States,3,3
Canidae,Borophagus,diversidens,NA,20026,Borophagus,diversidens,PaleoDB,33.7,-101.1,NorthAmerica,United_States,3,3.3
Canidae,Borophagus,diversidens,NA,20034,Borophagus,diversidens,PaleoDB,35.4,-102.5,NorthAmerica,United_States,3,3.3
Canidae,Borophagus,diversidens,NA,20033,Borophagus,diversidens,PaleoDB,34.883333,-101.633333,NorthAmerica,United_States,3.3,3.3
Canidae,Borophagus,diversidens,NA,20023,Borophagus,diversidens,PaleoDB,33.7,-101.1,NorthAmerica,United_States,3.3,3.3
Canidae,Borophagus,diversidens,NA,20032,Borophagus,diversidens,PaleoDB,33.7,-101.1,NorthAmerica,United_States,3.3,3.3
Canidae,Borophagus,diversidens,NA,20062,Borophagus,diversidens,PaleoDB,47,-118.5,NorthAmerica,United_States,3.3,3.4
Canidae,Borophagus,diversidens,NA,20060,Borophagus,diversidens,PaleoDB,32.716667,-100.916667,NorthAmerica,United_States,3.4,3.4
Canidae,Borophagus,diversidens,NA,19955,Borophagus,diversidens,PaleoDB,41.7,-103.1,NorthAmerica,United_States,3.5,3.5
Canidae,Borophagus,diversidens,NA,19960,Borophagus,diversidens,PaleoDB,41.4,-102.4,NorthAmerica,United_States,3.5,3.7
Canidae,Borophagus,diversidens,NA,19932,Borophagus,diversidens,PaleoDB,37.2,-100.3,NorthAmerica,United_States,3.5,3.5
Canidae,Borophagus,diversidens,NA,19664,Borophagus,diversidens,PaleoDB,36.1,-117.9,NorthAmerica,United_States,3.7,4
Canidae,Borophagus,diversidens,NA,20075,Borophagus,diversidens,PaleoDB,23.4,-109.8,NorthAmerica,Mexico,4.1,4.1
Canidae,Borophagus,diversidens,NA,20077,Borophagus,diversidens,PaleoDB,21.033333,-100.75,NorthAmerica,Mexico,4.2,4.2
Canidae,Borophagus,diversidens,NA,19668,Borophagus,diversidens,PaleoDB,40,-122.2,NorthAmerica,United_States,4.2,4.3
Canidae,Borophagus,diversidens,NA,19965,Borophagus,diversidens,PaleoDB,37.8,-114.3,NorthAmerica,United_States,4.6,4.6
Canidae,Borophagus,diversidens,10649,NA,Borophagus,solus,NOW,35.981667,-117.663889,NorthAmerica,United_States,4.9,6.8
Canidae,Borophagus,diversidens,10574,NA,Borophagus,diversidens,NOW,27.49611,-82.53972,NorthAmerica,United_States,6.8,7.6
Canidae,Borophagus,dudleyi,NA,52582,Borophagus,dudleyi,PaleoDB,35.359722,-76.8175,NorthAmerica,United_States,3.9,4.9
Canidae,Borophagus,dudleyi,10518,NA,Borophagus,dudleyi,NOW,35.818889,-78.644722,NorthAmerica,United_States,4.9,5.9
Canidae,Borophagus,dudleyi,10575,NA,Borophagus,dudleyi,NOW,28.18222,-81.82417,NorthAmerica,United_States,4.9,5.9
Canidae,Borophagus,Genus_Only,11068,NA,Borophagus,indet.,NOW,32.16667,-106.8333,NorthAmerica,United_States,0.85,2.5
Canidae,Borophagus,Genus_Only,NA,19867,Borophagus,sp.,PaleoDB,42.8,-114.9,NorthAmerica,United_States,1.8,4.9
Canidae,Borophagus,Genus_Only,NA,19958,Borophagus,sp.,PaleoDB,41.4,-102.4,NorthAmerica,United_States,1.8,4.9
Canidae,Borophagus,Genus_Only,NA,19625,Borophagus,sp.,PaleoDB,32,-110.2,NorthAmerica,United_States,2.2,3.3
Canidae,Borophagus,Genus_Only,10495,NA,Borophagus,indet.,NOW,39.055833,-95.689444,NorthAmerica,United_States,2.5,4.9
Canidae,Borophagus,Genus_Only,11065,NA,Borophagus,indet.,NOW,35.667222,-105.964444,NorthAmerica,United_States,2.5,4.9
Canidae,Borophagus,Genus_Only,NA,19981,Borophagus,sp.,PaleoDB,32,-106.7,NorthAmerica,United_States,2.9,3.7
Canidae,Borophagus,Genus_Only,NA,19657,Borophagus,sp.,PaleoDB,33,-109.6,NorthAmerica,United_States,3,3
Canidae,Borophagus,Genus_Only,NA,19658,Borophagus,sp.,PaleoDB,33,-109.6,NorthAmerica,United_States,3,3
Canidae,Borophagus,Genus_Only,NA,20050,Borophagus,sp.,PaleoDB,31.5,-105.2,NorthAmerica,United_States,3,3.3
Canidae,Borophagus,Genus_Only,NA,19628,Borophagus,sp.,PaleoDB,31.966667,-110.3,NorthAmerica,United_States,3.3,3.3
Canidae,Borophagus,Genus_Only,NA,19936,Borophagus,sp.,PaleoDB,37.2,-100.3,NorthAmerica,United_States,3.5,3.5
Canidae,Borophagus,Genus_Only,NA,19959,Borophagus,sp.,PaleoDB,41.4,-102.4,NorthAmerica,United_States,3.5,3.5
Canidae,Borophagus,Genus_Only,11135,NA,Borophagus,indet.,NOW,28.5,-108.25,NorthAmerica,Mexico,4.9,5.9
Canidae,Borophagus,Genus_Only,10468,NA,Borophagus,indet.,NOW,42.815833,-97.725278,NorthAmerica,United_States,4.9,5.9
Canidae,Borophagus,Genus_Only,10493,NA,Borophagus,indet.,NOW,38.456389,-97.4725,NorthAmerica,United_States,4.9,5.9
Canidae,Borophagus,Genus_Only,10518,NA,Borophagus,indet.,NOW,35.818889,-78.644722,NorthAmerica,United_States,4.9,5.9
Canidae,Borophagus,Genus_Only,10649,NA,Borophagus,indet.,NOW,35.981667,-117.663889,NorthAmerica,United_States,4.9,6.8
Canidae,Borophagus,Genus_Only,NA,18046,Borophagus,sp.,PaleoDB,37.2,-99.9,NorthAmerica,United_States,4.9,10.3
Canidae,Borophagus,Genus_Only,NA,18170,Borophagus,sp.,PaleoDB,37.2,-101.8,NorthAmerica,United_States,4.9,10.3
Canidae,Borophagus,Genus_Only,NA,18441,Borophagus,sp.,PaleoDB,41.1,-103,NorthAmerica,United_States,4.9,10.3
Canidae,Borophagus,Genus_Only,NA,18539,Borophagus,sp.,PaleoDB,29.683333,-82.566667,NorthAmerica,United_States,4.9,10.3
Canidae,Borophagus,Genus_Only,NA,18560,Borophagus,sp.,PaleoDB,29.65,-82.6,NorthAmerica,United_States,4.9,10.3
Canidae,Borophagus,Genus_Only,NA,18975,Borophagus,sp.,PaleoDB,39,-119.2,NorthAmerica,United_States,4.9,10.3
Canidae,Borophagus,Genus_Only,NA,19342,Borophagus,sp.,PaleoDB,33.6,-117.8,NorthAmerica,United_States,4.9,10.3
Canidae,Borophagus,Genus_Only,NA,19348,Borophagus,sp.,PaleoDB,34.8,-106.9,NorthAmerica,United_States,4.9,10.3
Canidae,Borophagus,Genus_Only,NA,19351,Borophagus,sp.,PaleoDB,34.8,-106.9,NorthAmerica,United_States,4.9,10.3
Canidae,Borophagus,Genus_Only,NA,19419,Borophagus,sp.,PaleoDB,34.8,-117,NorthAmerica,United_States,4.9,10.3
Canidae,Borophagus,Genus_Only,NA,18086,Borophagus,sp.,PaleoDB,40.5,-100.5,NorthAmerica,United_States,4.9,10.3
Canidae,Borophagus,Genus_Only,NA,18110,Borophagus,sp.,PaleoDB,35,-101.9,NorthAmerica,United_States,5.6,10.1
Canidae,Borophagus,Genus_Only,NA,18755,Borophagus,sp.,PaleoDB,28.8,-108,NorthAmerica,Mexico,5.7,5.8
Canidae,Borophagus,Genus_Only,10097,NA,Borophagus,indet.,NOW,37.859722,-122.145833,NorthAmerica,United_States,5.9,6.8
Canidae,Borophagus,Genus_Only,10467,NA,Borophagus,indet.,NOW,42.393056,-98.126111,NorthAmerica,United_States,5.9,6.8
Canidae,Borophagus,Genus_Only,10931,NA,Borophagus,indet.,NOW,45.596389,-118.784722,NorthAmerica,United_States,5.9,6.8
Canidae,Borophagus,Genus_Only,10933,NA,Borophagus,indet.,NOW,44.930833,-123.028889,NorthAmerica,United_States,5.9,6.8
Canidae,Borophagus,Genus_Only,NA,18550,Borophagus,sp.,PaleoDB,35.4,-76.8,NorthAmerica,United_States,6.4,6.5
Canidae,Borophagus,Genus_Only,10099,NA,Borophagus,indet.,NOW,35.474444,-118.926667,NorthAmerica,United_States,6.8,7.6
Canidae,Borophagus,Genus_Only,10466,NA,Borophagus,indet.,NOW,40.395,-100.257778,NorthAmerica,United_States,6.8,7.6
Canidae,Borophagus,Genus_Only,10570,NA,Borophagus,indet.,NOW,28.133333,-81.631667,NorthAmerica,United_States,6.8,9
Canidae,Borophagus,Genus_Only,10929,NA,Borophagus,indet.,NOW,44.486111,-119.666667,NorthAmerica,United_States,6.8,7.6
Canidae,Borophagus,Genus_Only,NA,18714,Borophagus,sp.,PaleoDB,28.5,-107.3,NorthAmerica,Mexico,7,7.4
Canidae,Borophagus,Genus_Only,NA,18359,Borophagus,sp.,PaleoDB,42.8068,-97.8463,NorthAmerica,United_States,7.2,7.3
Canidae,Borophagus,Genus_Only,NA,18126,Borophagus,sp.,PaleoDB,42.8214,-97.7289,NorthAmerica,United_States,7.4,7.4
Canidae,Borophagus,Genus_Only,10686,NA,Borophagus,indet.,NOW,38.830278,-119.040278,NorthAmerica,United_States,7.6,9
Canidae,Borophagus,Genus_Only,10928,NA,Borophagus,indet.,NOW,44.930833,-123.028889,NorthAmerica,United_States,7.6,9
Canidae,Borophagus,Genus_Only,NA,18073,Borophagus,sp.,PaleoDB,33.7,-101.5,NorthAmerica,United_States,7.6,8.4
Canidae,Borophagus,Genus_Only,NA,18263,Borophagus,sp.,PaleoDB,39.3,-99.9,NorthAmerica,United_States,8.8,8.9
Canidae,Borophagus,Genus_Only,NA,19479,Borophagus,sp.,PaleoDB,37.9,-122.1,NorthAmerica,United_States,9.1,9.2
Canidae,Borophagus,Genus_Only,NA,18072,Borophagus,sp.,PaleoDB,36.1,-100.1,NorthAmerica,United_States,9.2,9.3
Canidae,Borophagus,Genus_Only,NA,18320,Borophagus,sp.,PaleoDB,40.454444,-85.791944,NorthAmerica,United_States,9.9,9.9
Canidae,Borophagus,Genus_Only,NA,70119,Borophagus,sp.,PaleoDB,35.683333,-99.6,NorthAmerica,United_States,9.9,9.9
Canidae,Borophagus,hilli,NA,107827,Borophagus,hilli,PaleoDB,13.818333,-89.190556,NorthAmerica,El_Salvador,1.8,4.9
Canidae,Borophagus,hilli,NA,19922,Borophagus,hilli,PaleoDB,37.1,-100.9,NorthAmerica,United_States,1.8,4.9
Canidae,Borophagus,hilli,10128,NA,Borophagus,hilli,NOW,23,-112,NorthAmerica,Mexico,2.5,4.9
Canidae,Borophagus,hilli,10130,NA,Borophagus,hilli,NOW,39.79094,-86.147685,NorthAmerica,United_States,2.5,4.9
Canidae,Borophagus,hilli,10950,NA,Borophagus,hilli,NOW,43.613739,-116.237651,NorthAmerica,United_States,2.5,4.9
Canidae,Borophagus,hilli,10898,NA,Borophagus,hilli,NOW,47.0425,-122.893056,NorthAmerica,United_States,2.5,4.9
Canidae,Borophagus,hilli,11058,NA,Borophagus,hilli,NOW,35.667222,-105.964444,NorthAmerica,United_States,2.5,4.9
Canidae,Borophagus,hilli,11059,NA,Borophagus,hilli,NOW,33.08333,-107.25,NorthAmerica,United_States,2.5,4.9
Canidae,Borophagus,hilli,NA,178479,Borophagus,hilli,PaleoDB,33.347222,-80.25,NorthAmerica,United_States,3.1,3.9
Canidae,Borophagus,hilli,NA,19974,Borophagus,hilli,PaleoDB,33.1,-107.3,NorthAmerica,United_States,3.5,3.5
Canidae,Borophagus,hilli,NA,19673,Borophagus,hilli,PaleoDB,23.3,-109.6,NorthAmerica,Mexico,3.6,3.6
Canidae,Borophagus,hilli,NA,18535,Borophagus,hilli,PaleoDB,27.9,-81.8,NorthAmerica,United_States,3.6,5.332
Canidae,Borophagus,hilli,NA,19808,Borophagus,hilli,PaleoDB,42.818735,-114.943473,NorthAmerica,United_States,3.7,3.8
Canidae,Borophagus,hilli,NA,20063,Borophagus,hilli,PaleoDB,46.3,-119.1,NorthAmerica,United_States,4.5,4.5
Canidae,Borophagus,hilli,10575,NA,Borophagus,hilli,NOW,28.18222,-81.82417,NorthAmerica,United_States,4.9,5.9
Canidae,Borophagus,hilli,11167,NA,Borophagus,hilli,NOW,34.952778,-101.494722,NorthAmerica,United_States,4.9,5.9
Canidae,Borophagus,hilli,NA,18532,Borophagus,hilli,PaleoDB,27.9,-81.8,NorthAmerica,United_States,4.9,10.3
Canidae,Borophagus,hilli,NA,18036,Borophagus,hilli,PaleoDB,35,-101.9,NorthAmerica,United_States,6.1,10
Canidae,Borophagus,hilli,NA,18093,Borophagus,hilli,PaleoDB,35,-101.3,NorthAmerica,United_States,6.7,8.4
Canidae,Borophagus,hilli,NA,18527,Borophagus,hilli,PaleoDB,27.7,-81.85,NorthAmerica,United_States,7.4,10
Canidae,Borophagus,hilli,NA,18513,Borophagus,hilli,PaleoDB,27.9,-81.8,NorthAmerica,United_States,7.8,10
Canidae,Borophagus,hilli,NA,18595,Borophagus,hilli,PaleoDB,27.9,-81.8,NorthAmerica,United_States,7.8,7.9
Canidae,Borophagus,hilli,NA,18533,Borophagus,hilli,PaleoDB,27.9,-81.8,NorthAmerica,United_States,8.7,10
Canidae,Borophagus,hilli,NA,18502,Borophagus,hilli,PaleoDB,27.9,-81.8,NorthAmerica,United_States,10,10
Canidae,Borophagus,littoralis,10647,NA,Borophagus,littoralis,NOW,35.087778,-118.233889,NorthAmerica,United_States,4.9,5.9
Canidae,Borophagus,littoralis,10646,NA,Borophagus,littoralis,NOW,35.462222,-117.520278,NorthAmerica,United_States,7.6,9
Canidae,Borophagus,littoralis,10084,NA,Borophagus,littoralis,NOW,37.829722,-121.929167,NorthAmerica,United_States,9,10.1
Canidae,Borophagus,littoralis,10090,NA,Borophagus,littoralis,NOW,37.538611,-121.283889,NorthAmerica,United_States,9,12.1
Canidae,Borophagus,littoralis,10092,NA,Borophagus,littoralis,NOW,35.133611,-118.817778,NorthAmerica,United_States,9,10.1
Canidae,Borophagus,littoralis,10689,NA,Borophagus,littoralis,NOW,39.934722,-119.066111,NorthAmerica,United_States,9,10.1
Canidae,Borophagus,littoralis,10643,NA,Borophagus,littoralis,NOW,35.385,-117.988056,NorthAmerica,United_States,9,12.1
Canidae,Borophagus,littoralis,10091,NA,Borophagus,littoralis,NOW,35.1,-118.8,NorthAmerica,United_States,10.1,12.1
Canidae,Borophagus,littoralis,NA,19324,Borophagus,littoralis,PaleoDB,35.3,-118.5,NorthAmerica,United_States,11.6,11.6
Canidae,Borophagus,littoralis,NA,19308,Borophagus,littoralis,PaleoDB,35.3,-118.5,NorthAmerica,United_States,11.6,11.7
Canidae,Borophagus,littoralis,NA,19380,Borophagus,littoralis,PaleoDB,37.6,-120.8,NorthAmerica,United_States,11.6,11.7
Canidae,Borophagus,littoralis,NA,19553,Borophagus,littoralis,PaleoDB,35.3,-118.5,NorthAmerica,United_States,11.7,11.7
Canidae,Borophagus,littoralis,NA,19185,Borophagus,littoralis,PaleoDB,37.9,-122.1,NorthAmerica,United_States,11.7,11.7
Canidae,Borophagus,littoralis,NA,19322,Borophagus,littoralis,PaleoDB,35.3,-118.5,NorthAmerica,United_States,11.7,11.7
Canidae,Borophagus,littoralis,NA,19323,Borophagus,littoralis,PaleoDB,35.3,-118.5,NorthAmerica,United_States,11.7,11.7
Canidae,Borophagus,littoralis,NA,19466,Borophagus,littoralis,PaleoDB,35.3,-118.5,NorthAmerica,United_States,11.7,11.7
Canidae,Borophagus,littoralis,11189,NA,Borophagus,littoralis,NOW,35.231667,-119.659167,NorthAmerica,United_States,12.1,12.5
Canidae,Borophagus,orc,NA,52582,Borophagus,orc,PaleoDB,35.359722,-76.8175,NorthAmerica,United_States,3.9,4.9
Canidae,Borophagus,orc,10572,NA,Borophagus,orc,NOW,28.133333,-81.631667,NorthAmerica,United_States,6.8,7.6
Canidae,Borophagus,orc,NA,18564,Borophagus,orc,PaleoDB,29.1,-82.3,NorthAmerica,United_States,8.9,9
Canidae,Borophagus,orc,NA,18601,Borophagus,orc,PaleoDB,28.8,-82.316667,NorthAmerica,United_States,9,9.1
Canidae,Borophagus,parvus,10082,NA,Borophagus,parvus,NOW,37.600278,-120.579167,NorthAmerica,United_States,4.9,5.9
Canidae,Borophagus,parvus,10098,NA,Borophagus,parvus,NOW,38.01,-122.301111,NorthAmerica,United_States,4.9,5.9
Canidae,Borophagus,parvus,10964,NA,Borophagus,parvus,NOW,32.621944,-110.525833,NorthAmerica,United_States,4.9,6.8
Canidae,Borophagus,parvus,10963,NA,Borophagus,parvus,NOW,34.613611,-113.535833,NorthAmerica,United_States,4.9,5.9
Canidae,Borophagus,parvus,NA,19514,Borophagus,parvus,PaleoDB,32.5,-110.6,NorthAmerica,United_States,6.8,6.9
Canidae,Borophagus,parvus,NA,19582,Borophagus,parvus,PaleoDB,37.6,-120.8,NorthAmerica,United_States,7.6,7.7
Canidae,Borophagus,parvus,NA,19612,Borophagus,parvus,PaleoDB,34.7,-113.4,NorthAmerica,United_States,8.5,8.5
Canidae,Borophagus,pugnator,10575,NA,Borophagus,pugnator,NOW,28.18222,-81.82417,NorthAmerica,United_States,4.9,5.9
Canidae,Borophagus,pugnator,10895,NA,Borophagus,pugnator,NOW,47.0425,-122.893056,NorthAmerica,United_States,4.9,6.8
Canidae,Borophagus,pugnator,NA,18415,Borophagus,pugnator,PaleoDB,37.2,-99.9,NorthAmerica,United_States,4.9,10.3
Canidae,Borophagus,pugnator,NA,18563,Borophagus,pugnator,PaleoDB,29.4,-82.6,NorthAmerica,United_States,4.9,10.3
Canidae,Borophagus,pugnator,NA,18111,Borophagus,pugnator,PaleoDB,37.2,-99.9,NorthAmerica,United_States,4.9,10.3
Canidae,Borophagus,pugnator,NA,18254,Borophagus,pugnator,PaleoDB,40.5,-100.5,NorthAmerica,United_States,4.9,10.3
Canidae,Borophagus,pugnator,NA,18532,Borophagus,pugnator,PaleoDB,27.9,-81.8,NorthAmerica,United_States,4.9,10.3
Canidae,Borophagus,pugnator,10450,NA,Borophagus,pugnator,NOW,40.548889,-100.401667,NorthAmerica,United_States,6.8,7.6
Canidae,Borophagus,pugnator,10378,NA,Borophagus,pugnator,NOW,40.075833,-102.223333,NorthAmerica,United_States,6.8,7.6
Canidae,Borophagus,pugnator,10572,NA,Borophagus,pugnator,NOW,28.133333,-81.631667,NorthAmerica,United_States,6.8,7.6
Canidae,Borophagus,pugnator,10949,NA,Borophagus,pugnator,NOW,43.2925,-116.678889,NorthAmerica,United_States,6.8,9
Canidae,Borophagus,pugnator,11164,NA,Borophagus,pugnator,NOW,36.233889,-100.096389,NorthAmerica,United_States,6.8,7.6
Canidae,Borophagus,pugnator,10481,NA,Borophagus,pugnator,NOW,37.371389,-99.785278,NorthAmerica,United_States,7.6,9
Canidae,Borophagus,pugnator,10568,NA,Borophagus,pugnator,NOW,29.61667,-82.36667,NorthAmerica,United_States,7.6,9
Canidae,Borophagus,pugnator,10926,NA,Borophagus,pugnator,NOW,42.790278,-117.738611,NorthAmerica,United_States,7.6,9
Canidae,Borophagus,pugnator,NA,18193,Borophagus,pugnator,PaleoDB,41.4,-102.4,NorthAmerica,United_States,7.8,11.4
Canidae,Borophagus,pugnator,NA,18504,Borophagus,pugnator,PaleoDB,27.7,-81.85,NorthAmerica,United_States,7.8,11.4
Canidae,Borophagus,pugnator,NA,18513,Borophagus,pugnator,PaleoDB,27.9,-81.8,NorthAmerica,United_States,7.8,10
Canidae,Borophagus,pugnator,NA,18573,Borophagus,pugnator,PaleoDB,27.683333,-81.95,NorthAmerica,United_States,7.8,7.9
Canidae,Borophagus,pugnator,NA,18342,Borophagus,pugnator,PaleoDB,38.9,-101.7,NorthAmerica,United_States,8.4,8.4
Canidae,Borophagus,pugnator,NA,18602,Borophagus,pugnator,PaleoDB,28.8,-82.2,NorthAmerica,United_States,8.6,10.3
Canidae,Borophagus,pugnator,NA,18601,Borophagus,pugnator,PaleoDB,28.8,-82.316667,NorthAmerica,United_States,9,9.1
Canidae,Borophagus,pugnator,NA,18072,Borophagus,pugnator,PaleoDB,36.1,-100.1,NorthAmerica,United_States,9.2,9.3
Canidae,Borophagus,pugnator,NA,18495,Borophagus,pugnator,PaleoDB,40.1,-102.2,NorthAmerica,United_States,9.2,9.4
Canidae,Borophagus,pugnator,NA,18565,Borophagus,pugnator,PaleoDB,27.7,-81.85,NorthAmerica,United_States,10.3,13.6
Canidae,Borophagus,pugnator,NA,19023,Borophagus,pugnator,PaleoDB,43,-118,NorthAmerica,United_States,10.3,13.6
Canidae,Borophagus,pugnator,NA,18545,Borophagus,pugnator,PaleoDB,29.8,-82.1,NorthAmerica,United_States,10.9,11
Canidae,Borophagus,pugnator,NA,19036,Borophagus,pugnator,PaleoDB,43.6,-117.5,NorthAmerica,United_States,11.4,11.4
Canidae,Borophagus,secundus,11147,NA,Borophagus,secundus,NOW,21.01666667,-100.7833333,NorthAmerica,Mexico,1.9,4.9
Canidae,Borophagus,secundus,11126,NA,Borophagus,secundus,NOW,21.08333333,-100.6833333,NorthAmerica,Mexico,4.9,6.8
Canidae,Borophagus,secundus,11127,NA,Borophagus,secundus,NOW,21.08333333,-100.6833333,NorthAmerica,Mexico,4.9,5.9
Canidae,Borophagus,secundus,11130,NA,Borophagus,secundus,NOW,20.56666,-103.676389,NorthAmerica,Mexico,4.9,5.9
Canidae,Borophagus,secundus,11134,NA,Borophagus,secundus,NOW,19.43333,-99.133333,NorthAmerica,Mexico,4.9,6.8
Canidae,Borophagus,secundus,10082,NA,Borophagus,secundus,NOW,37.600278,-120.579167,NorthAmerica,United_States,4.9,5.9
Canidae,Borophagus,secundus,10102,NA,Borophagus,secundus,NOW,33.891111,-117.047222,NorthAmerica,United_States,4.9,5.9
Canidae,Borophagus,secundus,NA,157349,Borophagus,secundus,PaleoDB,21.714444,-102.962778,NorthAmerica,Mexico,4.9,10.3
Canidae,Borophagus,secundus,NA,18499,Borophagus,secundus,PaleoDB,42.4,-103.8,NorthAmerica,United_States,4.9,10.3
Canidae,Borophagus,secundus,NA,19473,Borophagus,secundus,PaleoDB,36.5,-107,NorthAmerica,United_States,4.9,10.3
Canidae,Borophagus,secundus,NA,18033,Borophagus,secundus,PaleoDB,42.4,-103.8,NorthAmerica,United_States,4.9,10.3
Canidae,Borophagus,secundus,NA,18432,Borophagus,secundus,PaleoDB,41.1,-103,NorthAmerica,United_States,4.9,10.3
Canidae,Borophagus,secundus,NA,170201,Borophagus,secundus,PaleoDB,35.540962,-99.862205,NorthAmerica,United_States,4.9,10.3
Canidae,Borophagus,secundus,NA,154947,Borophagus,secundus,PaleoDB,43.75,-118.1,NorthAmerica,United_States,5.332,11.608
Canidae,Borophagus,secundus,10451,NA,Borophagus,secundus,NOW,41.196667,-103.002222,NorthAmerica,United_States,5.9,6.8
Canidae,Borophagus,secundus,10460,NA,Borophagus,secundus,NOW,40.809868,-96.675345,NorthAmerica,United_States,5.9,6.8
Canidae,Borophagus,secundus,10483,NA,Borophagus,secundus,NOW,39.154722,-101.509722,NorthAmerica,United_States,5.9,6.8
Canidae,Borophagus,secundus,11157,NA,Borophagus,secundus,NOW,35.993333,-100.588333,NorthAmerica,United_States,5.9,6.8
Canidae,Borophagus,secundus,11166,NA,Borophagus,secundus,NOW,34.9625,-101.1925,NorthAmerica,United_States,5.9,6.8
Canidae,Borophagus,secundus,NA,18715,Borophagus,secundus,PaleoDB,21.5,-102.4,NorthAmerica,Mexico,6.3,11.6
Canidae,Borophagus,secundus,NA,18740,Borophagus,secundus,PaleoDB,21.1,-100.8,NorthAmerica,Mexico,6.3,10.1
Canidae,Borophagus,secundus,NA,18747,Borophagus,secundus,PaleoDB,21.4,-102.6,NorthAmerica,Mexico,6.3,10.1
Canidae,Borophagus,secundus,NA,19604,Borophagus,secundus,PaleoDB,35.3,-118.5,NorthAmerica,United_States,6.3,6.3
Canidae,Borophagus,secundus,NA,19445,Borophagus,secundus,PaleoDB,33.9,-117,NorthAmerica,United_States,6.7,6.7
Canidae,Borophagus,secundus,10459,NA,Borophagus,secundus,NOW,42.198056,-103.780833,NorthAmerica,United_States,6.8,7.6
Canidae,Borophagus,secundus,11050,NA,Borophagus,secundus,NOW,36.114167,-105.978889,NorthAmerica,United_States,6.8,7.6
Canidae,Borophagus,secundus,11165,NA,Borophagus,secundus,NOW,35.733056,-100.523611,NorthAmerica,United_States,6.8,7.6
Canidae,Borophagus,secundus,NA,18140,Borophagus,secundus,PaleoDB,39.3,-101.7,NorthAmerica,United_States,7.1,7.2
Canidae,Borophagus,secundus,10012,NA,Borophagus,secundus,NOW,13.75,-88.16666,NorthAmerica,El_Salvador,7.6,9
Canidae,Borophagus,secundus,10011,NA,Borophagus,secundus,NOW,14.5,-88.5,NorthAmerica,Honduras,7.6,9
Canidae,Borophagus,secundus,NA,18175,Borophagus,secundus,PaleoDB,35,-101.3,NorthAmerica,United_States,7.6,8.4
Canidae,Borophagus,secundus,NA,18241,Borophagus,secundus,PaleoDB,38.9,-101.7,NorthAmerica,United_States,7.6,8.4
Canidae,Borophagus,secundus,NA,19582,Borophagus,secundus,PaleoDB,37.6,-120.8,NorthAmerica,United_States,7.6,7.7
Canidae,Borophagus,secundus,NA,18097,Borophagus,secundus,PaleoDB,35.9,-100.2,NorthAmerica,United_States,8.1,8.1
Canidae,Borophagus,secundus,NA,18304,Borophagus,secundus,PaleoDB,36.7,-101.4,NorthAmerica,United_States,8.4,8.4
Canidae,Borophagus,secundus,NA,18166,Borophagus,secundus,PaleoDB,38.9,-101.7,NorthAmerica,United_States,8.5,8.5
Canidae,Borophagus,secundus,NA,18732,Borophagus,secundus,PaleoDB,14.6,-88.5,NorthAmerica,Honduras,8.6,11.6
Canidae,Borophagus,secundus,NA,18198,Borophagus,secundus,PaleoDB,36.1,-100.1,NorthAmerica,United_States,9.2,9.3
Canidae,Borophagus,secundus,NA,18737,Borophagus,secundus,PaleoDB,21.083333,-100.666667,NorthAmerica,Mexico,10.1,10.1
Canidae,Borophagus,secundus,NA,18745,Borophagus,secundus,PaleoDB,20.2,-104.1,NorthAmerica,Mexico,10.1,10.1
Canidae,Borophagus,secundus,NA,19318,Borophagus,secundus,PaleoDB,34,-118.2,NorthAmerica,United_States,10.3,13.6
Canidae,Borophagus,secundus,NA,18091,Borophagus,secundus,PaleoDB,35.7,-102.3,NorthAmerica,United_States,10.6,11.6
Canidae,Borophagus,secundus,NA,18720,Borophagus,secundus,PaleoDB,13.9,-88.1,NorthAmerica,El_Salvador,11.6,11.6
Canidae,Borophagus,secundus,NA,18736,Borophagus,secundus,PaleoDB,14.6,-88.5,NorthAmerica,Honduras,11.6,11.6
Canidae,Borophagus,secundus,NA,18739,Borophagus,secundus,PaleoDB,14.6,-88.5,NorthAmerica,Honduras,11.6,11.6
Canidae,Borophagus,secundus,NA,18750,Borophagus,secundus,PaleoDB,14.6,-88.5,NorthAmerica,Honduras,11.6,11.6
Canidae,Caedocyon,tedfordi,NA,17493,Caedocyon,tedfordi,PaleoDB,42,-104.2,NorthAmerica,United_States,22.7,28.8
Canidae,Caedocyon,tedfordi,10296,NA,Caedocyon,tedfordi,NOW,41.7025,-104.081944,NorthAmerica,United_States,28.1,31.4
Canidae,Canis,adustus,28096,NA,Canis,adustus,NOW,-14.4166667,28.55,Africa,Zambia,0,2.58
Canidae,Canis,adustus,28097,NA,Canis,adustus,NOW,-15.18333333,26.28333333,Africa,Zimbabwe,0,2.58
Canidae,Canis,adustus,26964,NA,Canis,adustus,NOW,33.56666667,-7.551111111,Africa,Morocco,0.01,1.95
Canidae,Canis,adustus,26962,NA,Canis,adustus,NOW,33.56666667,-7.551666667,Africa,Morocco,0.01,1.95
Canidae,Canis,adustus,26965,NA,Canis,adustus,NOW,33.56666667,-7.550833333,Africa,Morocco,0.126,0.8
Canidae,Canis,adustus,26963,NA,Canis,adustus,NOW,31.08333333,-8,Africa,Morocco,0.126,0.8
Canidae,Canis,adustus,23868,NA,Canis,adustus,NOW,-24.15805556,29.16666667,Africa,South_Africa,1.81,2.59
Canidae,Canis,armbrusteri,NA,20593,Canis,armbrusteri,PaleoDB,29.8,-82.1,NorthAmerica,United_States,0.012,0.126
Canidae,Canis,armbrusteri,NA,20289,Canis,armbrusteri,PaleoDB,28.799167,-82.070278,NorthAmerica,United_States,0.3,0.3
Canidae,Canis,armbrusteri,NA,79919,Canis,armbrusteri,PaleoDB,33.214444,-80.448056,NorthAmerica,United_States,0.3,1.8
Canidae,Canis,armbrusteri,NA,20400,Canis,armbrusteri,PaleoDB,27.7,-82.5,NorthAmerica,United_States,0.3,1.8
Canidae,Canis,armbrusteri,NA,20401,Canis,armbrusteri,PaleoDB,27.7,-82.5,NorthAmerica,United_States,0.3,1.8
Canidae,Canis,armbrusteri,NA,20537,Canis,armbrusteri,PaleoDB,37.1,-100.9,NorthAmerica,United_States,0.3,1.8
Canidae,Canis,armbrusteri,NA,20558,Canis,armbrusteri,PaleoDB,32,-106.7,NorthAmerica,United_States,0.3,1.8
Canidae,Canis,armbrusteri,10586,NA,Canis,armbrusteri,NOW,28.133333,-81.631667,NorthAmerica,United_States,0.4,0.85
Canidae,Canis,armbrusteri,NA,20530,Canis,armbrusteri,PaleoDB,33.7,-101.9,NorthAmerica,United_States,0.4,0.4
Canidae,Canis,armbrusteri,NA,20290,Canis,armbrusteri,PaleoDB,36,-93.2,NorthAmerica,United_States,0.4,0.4
Canidae,Canis,armbrusteri,NA,20479,Canis,armbrusteri,PaleoDB,40.2,-75.3,NorthAmerica,United_States,0.4,0.4
Canidae,Canis,armbrusteri,NA,20415,Canis,armbrusteri,PaleoDB,29.4,-82.6,NorthAmerica,United_States,0.4,0.4
Canidae,Canis,armbrusteri,NA,20498,Canis,armbrusteri,PaleoDB,34.5,-101.3,NorthAmerica,United_States,0.6,0.6
Canidae,Canis,armbrusteri,NA,20342,Canis,armbrusteri,PaleoDB,33.75,-99.5,NorthAmerica,United_States,0.7,0.7
Canidae,Canis,armbrusteri,NA,20302,Canis,armbrusteri,PaleoDB,39.6,-78.7,NorthAmerica,United_States,0.8,0.9
Canidae,Canis,armbrusteri,NA,20302,Canis,armbrusteri,PaleoDB,39.6,-78.7,NorthAmerica,United_States,0.8,0.9
Canidae,Canis,armbrusteri,10585,NA,Canis,armbrusteri,NOW,28.133333,-81.631667,NorthAmerica,United_States,0.85,1.9
Canidae,Canis,armbrusteri,10592,NA,Canis,armbrusteri,NOW,28.133333,-81.631667,NorthAmerica,United_States,0.85,1.9
Canidae,Canis,armbrusteri,10980,NA,Canis,armbrusteri,NOW,33.448457,-112.073844,NorthAmerica,United_States,0.85,2.5
Canidae,Canis,armbrusteri,11069,NA,Canis,armbrusteri,NOW,35.667222,-105.964444,NorthAmerica,United_States,0.85,1.9
Canidae,Canis,armbrusteri,NA,20351,Canis,armbrusteri,PaleoDB,29.8,-82.1,NorthAmerica,United_States,1.5,1.6
Canidae,Canis,armbrusteri,NA,19617,Canis,armbrusteri,PaleoDB,35.7,-112.4,NorthAmerica,United_States,3.1,3.1
Canidae,Canis,arnensis,24436,NA,Canis,arnensis,NOW,40.6667,23,Europe,Greece,0.01,1.95
Canidae,Canis,arnensis,21039,NA,Canis,arnensis,NOW,40.75,23.3,Europe,Greece,0.3,1.95
Canidae,Canis,arnensis,21038,NA,Canis,arnensis,NOW,40.3,23.3,Europe,Greece,0.3,1.95
Canidae,Canis,arnensis,28022,NA,Canis,arnensis,NOW,43.0025,13.5,Europe,Italy,0.3,1.95
Canidae,Canis,arnensis,28020,NA,Canis,arnensis,NOW,43.33333333,12.0025,Europe,Italy,0.3,1.95
Canidae,Canis,arnensis,28025,NA,Canis,arnensis,NOW,41.33333333,13.03333333,Europe,Italy,0.3,1.95
Canidae,Canis,arnensis,28024,NA,Canis,arnensis,NOW,41.58583333,14.21666667,Europe,Italy,0.3,1.95
Canidae,Canis,arnensis,28021,NA,Canis,arnensis,NOW,42.15,15,Europe,Italy,0.3,1.95
Canidae,Canis,arnensis,28023,NA,Canis,arnensis,NOW,45.11666667,14.0025,Europe,Italy,0.3,1.95
Canidae,Canis,arnensis,28019,NA,Canis,arnensis,NOW,44.01666667,11.98333333,Europe,Italy,0.3,1.95
Canidae,Canis,arnensis,21034,NA,Canis,arnensis,NOW,39.15,22.45,Europe,Greece,1.95,3.4
Canidae,Canis,arnensis,24455,NA,Canis,arnensis,NOW,42,15.1667,Europe,Italy,1.95,3.4
Canidae,Canis,arnensis,20733,NA,Canis,arnensis,NOW,40.38,23.4,Europe,Greece,2.675,3.4
Canidae,Canis,aureus,NA,83304,Canis,aureus,PaleoDB,16.966667,9.833333,Africa,Niger,0.0025,0.0052
Canidae,Canis,aureus,27998,NA,Canis,aureus,NOW,39.61916667,46.98861111,Asia,Azerbaijan,0.01,1.95
Canidae,Canis,aureus,23910,NA,Canis,aureus,NOW,33.567,-7.55,Africa,Morocco,1.81,2.2
Canidae,Canis,brevirostris,20380,NA,Canis,brevirostris,NOW,-3.5,35,Africa,Tanzania,2.4,3.5
Canidae,Canis,brevirostris,23867,NA,Canis,brevirostris,NOW,-26.083,27.767,Africa,South_Africa,2.6,4.2
Canidae,Canis,brevirostris,20357,NA,Canis,brevirostris,NOW,-3.5,35,Africa,Tanzania,3.5,3.8
Canidae,Canis,brevirostris,20358,NA,Canis,brevirostris,NOW,-3.5,35,Africa,Tanzania,3.5,3.8
Canidae,Canis,brevirostris,20359,NA,Canis,brevirostris,NOW,-3.5,35,Africa,Tanzania,3.5,3.8
Canidae,Canis,brevirostris,20360,NA,Canis,brevirostris,NOW,-3.5,35,Africa,Tanzania,3.5,3.8
Canidae,Canis,brevirostris,20366,NA,Canis,brevirostris,NOW,-3.5,35,Africa,Tanzania,3.5,3.8
Canidae,Canis,brevirostris,20376,NA,Canis,brevirostris,NOW,-3.5,35,Africa,Tanzania,3.5,3.8
Canidae,Canis,brevirostris,20378,NA,Canis,brevirostris,NOW,-3.5,35,Africa,Tanzania,3.5,3.8
Canidae,Canis,brevirostris,20379,NA,Canis,brevirostris,NOW,-3.5,35,Africa,Tanzania,3.5,3.8
Canidae,Canis,brevirostris,20382,NA,Canis,brevirostris,NOW,-3.25,35.1667,Africa,Tanzania,3.5,3.8
Canidae,Canis,cautleyi,27009,NA,Canis,cautleyi,NOW,30.78333333,76.91666667,Asia,India,0.63,2
Canidae,Canis,cedazoensis,NA,20283,Canis,cedazoensis,PaleoDB,21.8,-102.3,NorthAmerica,Mexico,0.4,0.4
Canidae,Canis,dirus,NA,20495,Canis,dirus,PaleoDB,29.683333,-109.65,NorthAmerica,Mexico,0.012,0.3
Canidae,Canis,dirus,NA,74292,Canis,dirus,PaleoDB,28.083333,-80.6,NorthAmerica,United_States,0.012,0.126
Canidae,Canis,dirus,NA,79630,Canis,dirus,PaleoDB,34.4,-119.516667,NorthAmerica,United_States,0.012,2.588
Canidae,Canis,dirus,NA,93103,Canis,dirus,PaleoDB,32.714722,-96.7075,NorthAmerica,United_States,0.012,0.126
Canidae,Canis,dirus,NA,79581,Canis,dirus,PaleoDB,30.358333,-98.1,NorthAmerica,United_States,0.012,0.126
Canidae,Canis,dirus,NA,154910,Canis,dirus,PaleoDB,29.85,-82.6,NorthAmerica,United_States,0.012,0.126
Canidae,Canis,dirus,NA,34269,Canis,dirus,PaleoDB,27.638333,-80.3975,NorthAmerica,United_States,0.012,0.126
Canidae,Canis,dirus,NA,93181,Canis,dirus,PaleoDB,44.983333,-108.2,NorthAmerica,United_States,0.012,0.126
Canidae,Canis,dirus,NA,154771,Canis,dirus,PaleoDB,27.8,-82.7,NorthAmerica,United_States,0.012,0.126
Canidae,Canis,dirus,NA,20600,Canis,dirus,PaleoDB,39,-86.5,NorthAmerica,United_States,0.012,0.126
Canidae,Canis,dirus,NA,20624,Canis,dirus,PaleoDB,33.6,-117.8,NorthAmerica,United_States,0.012,0.3
Canidae,Canis,dirus,NA,20628,Canis,dirus,PaleoDB,34,-118.2,NorthAmerica,United_States,0.012,0.126
Canidae,Canis,dirus,NA,20639,Canis,dirus,PaleoDB,34,-118,NorthAmerica,United_States,0.012,0.126
Canidae,Canis,dirus,NA,20641,Canis,dirus,PaleoDB,40.9,-111.2,NorthAmerica,United_States,0.012,0.126
Canidae,Canis,dirus,NA,73752,Canis,dirus,PaleoDB,33.895278,-117.9875,NorthAmerica,United_States,0.012,0.126
Canidae,Canis,dirus,NA,79683,Canis,dirus,PaleoDB,30.633333,-97.683333,NorthAmerica,United_States,0.012,0.126
Canidae,Canis,dirus,NA,93251,Canis,dirus,PaleoDB,43.333333,-120.5,NorthAmerica,United_States,0.012,0.126
Canidae,Canis,dirus,NA,103991,Canis,dirus,PaleoDB,38.086111,-79.656944,NorthAmerica,United_States,0.012,0.126
Canidae,Canis,dirus,NA,155409,Canis,dirus,PaleoDB,38.908333,-121.013889,NorthAmerica,United_States,0.012,0.126
Canidae,Canis,dirus,NA,20398,Canis,dirus,PaleoDB,28.8,-82.2,NorthAmerica,United_States,0.012,0.3
Canidae,Canis,dirus,NA,20491,Canis,dirus,PaleoDB,29.1,-82.3,NorthAmerica,United_States,0.012,0.3
Canidae,Canis,dirus,NA,20569,Canis,dirus,PaleoDB,42.8,-112.9,NorthAmerica,United_States,0.012,0.126
Canidae,Canis,dirus,NA,20572,Canis,dirus,PaleoDB,29.8,-82.1,NorthAmerica,United_States,0.012,0.126
Canidae,Canis,dirus,NA,20573,Canis,dirus,PaleoDB,29.6,-82.416667,NorthAmerica,United_States,0.012,0.126
Canidae,Canis,dirus,NA,20580,Canis,dirus,PaleoDB,27.5,-82.5,NorthAmerica,United_States,0.012,0.126
Canidae,Canis,dirus,NA,20594,Canis,dirus,PaleoDB,29.8,-82.1,NorthAmerica,United_States,0.012,0.126
Canidae,Canis,dirus,NA,20619,Canis,dirus,PaleoDB,32,-110.2,NorthAmerica,United_States,0.012,0.126
Canidae,Canis,dirus,NA,20636,Canis,dirus,PaleoDB,28.716667,-81.45,NorthAmerica,United_States,0.012,0.126
Canidae,Canis,dirus,NA,20638,Canis,dirus,PaleoDB,28.8,-82.2,NorthAmerica,United_States,0.012,0.126
Canidae,Canis,dirus,NA,20642,Canis,dirus,PaleoDB,38.6,-121.5,NorthAmerica,United_States,0.012,0.126
Canidae,Canis,dirus,NA,74141,Canis,dirus,PaleoDB,37.866667,-84.75,NorthAmerica,United_States,0.012,0.126
Canidae,Canis,dirus,NA,75995,Canis,dirus,PaleoDB,36.666667,-93.216667,NorthAmerica,United_States,0.012,0.126
Canidae,Canis,dirus,NA,79757,Canis,dirus,PaleoDB,32.479444,-80.334722,NorthAmerica,United_States,0.012,0.3
Canidae,Canis,dirus,NA,79918,Canis,dirus,PaleoDB,33.010278,-79.087778,NorthAmerica,United_States,0.012,0.3
Canidae,Canis,dirus,NA,85314,Canis,dirus,PaleoDB,33.7625,-118.293333,NorthAmerica,United_States,0.012,0.3
Canidae,Canis,dirus,NA,93257,Canis,dirus,PaleoDB,31.883333,-104.883333,NorthAmerica,United_States,0.012,2.588
Canidae,Canis,dirus,NA,93379,Canis,dirus,PaleoDB,38.266667,-90.366667,NorthAmerica,United_States,0.012,0.126
Canidae,Canis,dirus,NA,104797,Canis,dirus,PaleoDB,40.427222,-78.388889,NorthAmerica,United_States,0.012,0.126
Canidae,Canis,dirus,NA,150336,Canis,dirus,PaleoDB,34.069722,-118.348889,NorthAmerica,United_States,0.012,0.3
Canidae,Canis,dirus,NA,154722,Canis,dirus,PaleoDB,25.7,-80.4,NorthAmerica,United_States,0.012,0.126
Canidae,Canis,dirus,NA,154804,Canis,dirus,PaleoDB,27.17,-81.9,NorthAmerica,United_States,0.012,0.126
Canidae,Canis,dirus,NA,154805,Canis,dirus,PaleoDB,29.4075,-82.476389,NorthAmerica,United_States,0.012,0.126
Canidae,Canis,dirus,NA,144976,Canis,dirus,PaleoDB,-4.689722,-81.091389,SouthAmerica,Peru,0.012,0.126
Canidae,Canis,dirus,NA,63515,Canis,dirus,PaleoDB,10.794722,-72.239167,SouthAmerica,Venezuela,0.012,0.126
Canidae,Canis,dirus,NA,145366,Canis,dirus,PaleoDB,10.795,-72.239167,SouthAmerica,Venezuela,0.012,0.126
Canidae,Canis,dirus,27714,NA,Canis,dirus,NOW,11.482159,-69.544647,SouthAmerica,Venezuela,0.014,0.017
Canidae,Canis,dirus,NA,155393,Canis,dirus,PaleoDB,40.784,-122.282,NorthAmerica,United_States,0.0143,0.0261
Canidae,Canis,dirus,NA,76059,Canis,dirus,PaleoDB,32.366667,-104.45,NorthAmerica,United_States,0.02516,0.03359
Canidae,Canis,dirus,27715,NA,Canis,dirus,NOW,10.79527778,-72.23916667,SouthAmerica,Venezuela,0.0255,0.02798
Canidae,Canis,dirus,NA,93332,Canis,dirus,PaleoDB,38.602778,-79.368889,NorthAmerica,United_States,0.0294,0.0294
Canidae,Canis,dirus,NA,93332,Canis,dirus,PaleoDB,38.602778,-79.368889,NorthAmerica,United_States,0.0294,0.0294
Canidae,Canis,dirus,NA,63335,Canis,sp.,PaleoDB,-38.5,-61.766667,SouthAmerica,Argentina,0.126,0.781
Canidae,Canis,dirus,NA,20285,Canis,dirus,PaleoDB,20.3,-103.2,NorthAmerica,Mexico,0.3,0.3
Canidae,Canis,dirus,NA,74240,Canis,dirus,PaleoDB,36.266667,-83.133333,NorthAmerica,United_States,0.3,0.3
Canidae,Canis,dirus,NA,20295,Canis,dirus,PaleoDB,37.2,-100.3,NorthAmerica,United_States,0.3,0.3
Canidae,Canis,dirus,NA,20376,Canis,dirus,PaleoDB,42.7,-102.5,NorthAmerica,United_States,0.3,0.9
Canidae,Canis,dirus,NA,20500,Canis,dirus,PaleoDB,42.7,-102.5,NorthAmerica,United_States,0.3,0.3
Canidae,Canis,dirus,NA,20503,Canis,dirus,PaleoDB,43.8,-103.1,NorthAmerica,United_States,0.3,1.8
Canidae,Canis,dirus,NA,20138,Canis,dirus,PaleoDB,40.2,-98.1,NorthAmerica,United_States,0.3,1.8
Canidae,Canis,dirus,NA,20166,Canis,dirus,PaleoDB,37.447,-100.4771,NorthAmerica,United_States,0.3,0.3
Canidae,Canis,dirus,NA,20347,Canis,dirus,PaleoDB,42.7,-102.5,NorthAmerica,United_States,0.3,0.3
Canidae,Canis,dirus,NA,20501,Canis,dirus,PaleoDB,42.7,-102.5,NorthAmerica,United_States,0.3,0.3
Canidae,Canis,dirus,NA,20283,Canis,dirus,PaleoDB,21.8,-102.3,NorthAmerica,Mexico,0.4,0.4
Canidae,Canis,dirus,NA,20273,Canis,dirus,PaleoDB,34.8,-117,NorthAmerica,United_States,0.4,0.4
Canidae,Canis,dirus,NA,20520,Canis,dirus,PaleoDB,29.7,-82.6,NorthAmerica,United_States,0.4,0.4
Canidae,Canis,dirus,NA,65405,Canis,dirus,PaleoDB,32.559167,-80.2925,NorthAmerica,United_States,0.4,0.4
Canidae,Canis,dirus,NA,70673,Canis,dirus,PaleoDB,-21.533333,-64.733333,SouthAmerica,Bolivia,0.781,2.588
Canidae,Canis,dirus,NA,20327,Canis,dirus,PaleoDB,37.056667,-120.195833,NorthAmerica,United_States,0.8,0.9
Canidae,Canis,dirus,NA,20387,Canis,dirus,PaleoDB,37.6,-122,NorthAmerica,United_States,1.1,1.2
Canidae,Canis,dirus,NA,20419,Canis,dirus,PaleoDB,28.1,-80.5,NorthAmerica,United_States,1.1,1.1
Canidae,Canis,edwardii,NA,20150,Canis,edwardii,PaleoDB,39.3,-105.7,NorthAmerica,United_States,0.3,0.3
Canidae,Canis,edwardii,NA,20148,Canis,edwardii,PaleoDB,37.1,-100.9,NorthAmerica,United_States,0.3,1.8
Canidae,Canis,edwardii,NA,20536,Canis,edwardii,PaleoDB,32,-110.2,NorthAmerica,United_States,0.3,1.8
Canidae,Canis,edwardii,NA,20329,Canis,edwardii,PaleoDB,39.3,-105.7,NorthAmerica,United_States,0.3,0.9
Canidae,Canis,edwardii,NA,20528,Canis,edwardii,PaleoDB,33.9,-117,NorthAmerica,United_States,0.3,0.3
Canidae,Canis,edwardii,NA,20319,Canis,edwardii,PaleoDB,33.9,-117,NorthAmerica,United_States,0.3,1.8
Canidae,Canis,edwardii,NA,20334,Canis,edwardii,PaleoDB,26.9,-82,NorthAmerica,United_States,0.3,1.8
Canidae,Canis,edwardii,NA,20400,Canis,edwardii,PaleoDB,27.7,-82.5,NorthAmerica,United_States,0.3,1.8
Canidae,Canis,edwardii,NA,20494,Canis,edwardii,PaleoDB,27,-82.2,NorthAmerica,United_States,0.3,1.8
Canidae,Canis,edwardii,NA,20499,Canis,edwardii,PaleoDB,43.6,-117.5,NorthAmerica,United_States,0.3,0.9
Canidae,Canis,edwardii,NA,159674,Canis,edwardii,PaleoDB,42.3524,-97.866081,NorthAmerica,United_States,0.3,1.8
Canidae,Canis,edwardii,NA,159675,Canis,edwardii,PaleoDB,40.205278,-100.626111,NorthAmerica,United_States,0.3,1.8
Canidae,Canis,edwardii,NA,159676,Canis,edwardii,PaleoDB,40.18,-101.04,NorthAmerica,United_States,0.3,1.8
Canidae,Canis,edwardii,NA,159677,Canis,edwardii,PaleoDB,40.18,-100.48,NorthAmerica,United_States,0.3,1.8
Canidae,Canis,edwardii,NA,159678,Canis,edwardii,PaleoDB,40.283333,-100.170833,NorthAmerica,United_States,0.3,1.8
Canidae,Canis,edwardii,NA,159679,Canis,edwardii,PaleoDB,43.6,-117.5,NorthAmerica,United_States,0.3,1.8
Canidae,Canis,edwardii,10586,NA,Canis,edwardii,NOW,28.133333,-81.631667,NorthAmerica,United_States,0.4,0.85
Canidae,Canis,edwardii,NA,20301,Canis,edwardii,PaleoDB,37.2,-100.3,NorthAmerica,United_States,0.5,0.6
Canidae,Canis,edwardii,NA,20342,Canis,edwardii,PaleoDB,33.75,-99.5,NorthAmerica,United_States,0.7,0.7
Canidae,Canis,edwardii,10585,NA,Canis,edwardii,NOW,28.133333,-81.631667,NorthAmerica,United_States,0.85,1.9
Canidae,Canis,edwardii,10592,NA,Canis,edwardii,NOW,28.133333,-81.631667,NorthAmerica,United_States,0.85,1.9
Canidae,Canis,edwardii,10593,NA,Canis,edwardii,NOW,28.133333,-81.631667,NorthAmerica,United_States,0.85,1.9
Canidae,Canis,edwardii,10656,NA,Canis,edwardii,NOW,38.555605,-121.468926,NorthAmerica,United_States,0.85,2.5
Canidae,Canis,edwardii,10980,NA,Canis,edwardii,NOW,33.448457,-112.073844,NorthAmerica,United_States,0.85,2.5
Canidae,Canis,edwardii,NA,20299,Canis,edwardii,PaleoDB,28.8,-82.2,NorthAmerica,United_States,1.5,1.6
Canidae,Canis,edwardii,NA,20351,Canis,edwardii,PaleoDB,29.8,-82.1,NorthAmerica,United_States,1.5,1.6
Canidae,Canis,edwardii,NA,20308,Canis,edwardii,PaleoDB,27.041667,-81.821111,NorthAmerica,United_States,1.6,1.6
Canidae,Canis,edwardii,NA,20322,Canis,edwardii,PaleoDB,31.7,-114.5,NorthAmerica,Mexico,1.8,4.9
Canidae,Canis,edwardii,NA,19751,Canis,edwardii,PaleoDB,29.8,-82.1,NorthAmerica,United_States,1.8,4.9
Canidae,Canis,edwardii,NA,20384,Canis,edwardii,PaleoDB,29,-82.68,NorthAmerica,United_States,1.8,4.9
Canidae,Canis,edwardii,11150,NA,Canis,edwardii,NOW,29.646111,-110.868889,NorthAmerica,Mexico,1.9,2.5
Canidae,Canis,edwardii,10476,NA,Canis,edwardii,NOW,40.809868,-96.675345,NorthAmerica,United_States,1.9,2.5
Canidae,Canis,edwardii,10582,NA,Canis,edwardii,NOW,28.133333,-81.631667,NorthAmerica,United_States,1.9,2.5
Canidae,Canis,edwardii,10583,NA,Canis,edwardii,NOW,28.133333,-81.631667,NorthAmerica,United_States,1.9,2.5
Canidae,Canis,edwardii,10591,NA,Canis,edwardii,NOW,28.133333,-81.631667,NorthAmerica,United_States,1.9,2.5
Canidae,Canis,edwardii,10974,NA,Canis,edwardii,NOW,32.11361,-109.92111,NorthAmerica,United_States,1.9,2.5
Canidae,Canis,edwardii,10983,NA,Canis,edwardii,NOW,33.448457,-112.073844,NorthAmerica,United_States,1.9,2.5
Canidae,Canis,edwardii,10985,NA,Canis,edwardii,NOW,33.448457,-112.073844,NorthAmerica,United_States,1.9,2.5
Canidae,Canis,edwardii,10987,NA,Canis,edwardii,NOW,33.448457,-112.073844,NorthAmerica,United_States,1.9,2.5
Canidae,Canis,edwardii,11161,NA,Canis,edwardii,NOW,34.97,-101.9,NorthAmerica,United_States,1.9,2.5
Canidae,Canis,edwardii,NA,20303,Canis,edwardii,PaleoDB,32,-110.2,NorthAmerica,United_States,2.1,2.1
Canidae,Canis,edwardii,NA,19954,Canis,edwardii,PaleoDB,42.378333,-98.234444,NorthAmerica,United_States,2.4,2.4
Canidae,Canis,edwardii,10120,NA,Canis,edwardii,NOW,38.555605,-121.468926,NorthAmerica,United_States,2.5,4.9
Canidae,Canis,edwardii,10473,NA,Canis,edwardii,NOW,40.809868,-96.675345,NorthAmerica,United_States,2.5,4.9
Canidae,Canis,edwardii,NA,19963,Canis,edwardii,PaleoDB,42.7,-100,NorthAmerica,United_States,3,3
Canidae,Canis,edwardii,NA,20074,Canis,edwardii,PaleoDB,28.5,-107.4,NorthAmerica,Mexico,3.1,3.2
Canidae,Canis,edwardii,NA,19617,Canis,edwardii,PaleoDB,35.7,-112.4,NorthAmerica,United_States,3.1,3.1
Canidae,Canis,edwardii,NA,20033,Canis,edwardii,PaleoDB,34.883333,-101.633333,NorthAmerica,United_States,3.3,3.3
Canidae,Canis,edwardii,NA,18500,Canis,edwardii,PaleoDB,27.9,-81.8,NorthAmerica,United_States,6.5,10.1
Canidae,Canis,etruscus,23056,NA,Canis,variabilis,NOW,33.4822,108.8683,Asia,China,0,1.8
Canidae,Canis,etruscus,24089,NA,Canis,variabilis,NOW,39.6833,115.9347222,Asia,China,0,0.7
Canidae,Canis,etruscus,28149,NA,Canis,variabilis,NOW,52,105,Europe,Russia,0,0.78
Canidae,Canis,etruscus,23300,NA,Canis,etruscus,NOW,40.729,35.418,Asia,Turkey,0.01,1.95
Canidae,Canis,etruscus,NA,50466,Canis,etruscus,PaleoDB,40.966667,15.816667,Europe,Italy,0.126,2.588
Canidae,Canis,etruscus,21039,NA,Canis,etruscus,NOW,40.75,23.3,Europe,Greece,0.3,1.95
Canidae,Canis,etruscus,28020,NA,Canis,etruscus,NOW,43.33333333,12.0025,Europe,Italy,0.3,1.95
Canidae,Canis,etruscus,28019,NA,Canis,etruscus,NOW,44.01666667,11.98333333,Europe,Italy,0.3,1.95
Canidae,Canis,etruscus,24084,NA,Canis,variabilis,NOW,34.2,109.4667,Asia,China,0.6,1.3
Canidae,Canis,etruscus,NA,56733,Canis,etruscus,PaleoDB,41.329167,44.195,Europe,Georgia,0.781,2.588
Canidae,Canis,etruscus,NA,77773,Canis,etruscus,PaleoDB,37.416667,-3.166667,Europe,Spain,0.781,2.588
Canidae,Canis,etruscus,21058,NA,Canis,variabilis,NOW,52,107,Europe,Russia,0.9,1.3
Canidae,Canis,etruscus,21060,NA,Canis,variabilis,NOW,52.3,109,Europe,Russia,1.177,2.131
Canidae,Canis,etruscus,24137,NA,Canis,chihliensis,NOW,35.8833,107.45,Asia,China,1.2,1.8
Canidae,Canis,etruscus,24136,NA,Canis,chihliensis,NOW,36.5756,107.2983,Asia,China,1.2,1.8
Canidae,Canis,etruscus,24139,NA,Canis,variabilis,NOW,35.7642,116.7914,Asia,China,1.2,1.8
Canidae,Canis,etruscus,24094,NA,Canis,variabilis,NOW,39.6833,115.9347,Asia,China,1.2,1.8
Canidae,Canis,etruscus,24091,NA,Canis,variabilis,NOW,39.6833,115.9347,Asia,China,1.2,1.8
Canidae,Canis,etruscus,21050,NA,Canis,etruscus,NOW,40.8,44.8,Europe,Georgia,1.4,2.131
Canidae,Canis,etruscus,20487,NA,Canis,etruscus,NOW,37.25,-3.1,Europe,Spain,1.675,1.95
Canidae,Canis,etruscus,20820,NA,Canis,etruscus,NOW,38.583,69.211,Asia,Tajikistan,1.81,2.005
Canidae,Canis,etruscus,28198,NA,Canis,chihliensis,NOW,50.53333333,106.9,Europe,Russia,1.81,2.59
Canidae,Canis,etruscus,27077,NA,Canis,chihliensis,NOW,39.66666667,115.9166667,Asia,China,1.95,2.6
Canidae,Canis,etruscus,22004,NA,Canis,etruscus,NOW,42.85,23.033,Europe,Bulgaria,1.95,3.4
Canidae,Canis,etruscus,27463,NA,Canis,etruscus,NOW,43.0668419,0.4148726,Europe,France,1.95,2.6
Canidae,Canis,etruscus,27094,NA,Canis,etruscus,NOW,41.575,44.08333333,Europe,Georgia,1.95,3.4
Canidae,Canis,etruscus,21034,NA,Canis,etruscus,NOW,39.15,22.45,Europe,Greece,1.95,3.4
Canidae,Canis,etruscus,28017,NA,Canis,etruscus,NOW,42.65,13.78333333,Europe,Italy,1.95,3.4
Canidae,Canis,etruscus,28018,NA,Canis,etruscus,NOW,44.16666667,10.15,Europe,Italy,1.95,3.4
Canidae,Canis,etruscus,24266,NA,Canis,etruscus,NOW,42.8742,12.4003,Europe,Italy,1.95,3.4
Canidae,Canis,etruscus,24267,NA,Canis,etruscus,NOW,44.2117,10.5628,Europe,Italy,1.95,3.4
Canidae,Canis,etruscus,24425,NA,Canis,etruscus,NOW,44.53,24,Europe,Romania,1.95,3.4
Canidae,Canis,etruscus,20391,NA,Canis,etruscus,NOW,40.17,-0.17,Europe,Spain,1.95,2.6
Canidae,Canis,etruscus,20830,NA,Canis,chihliensis,NOW,43.4,79,Asia,Kazakhstan,2.192,2.917
Canidae,Canis,etruscus,20830,NA,Canis,etruscus,NOW,43.4,79,Asia,Kazakhstan,2.192,2.917
Canidae,Canis,etruscus,20803,NA,Canis,etruscus,NOW,38.4,69.7,Asia,Tajikistan,2.433,2.917
Canidae,Canis,etruscus,NA,96741,Canis,etruscus,PaleoDB,43.549444,10.689444,Europe,Italy,2.588,5.332
Canidae,Canis,etruscus,24413,NA,Canis,etruscus,NOW,45.09,3.2697,Europe,France,2.6,3.56
Canidae,Canis,etruscus,20707,NA,Canis,etruscus,NOW,45.55,3.25,Europe,France,2.6,3.4
Canidae,Canis,etruscus,20706,NA,Canis,etruscus,NOW,45.07,2.46,Europe,France,2.6,3.4
Canidae,Canis,etruscus,20758,NA,Canis,chihliensis,NOW,50.542,106.914,Europe,Russia,2.6,3
Canidae,Canis,etruscus,20733,NA,Canis,etruscus,NOW,40.38,23.4,Europe,Greece,2.675,3.4
Canidae,Canis,etruscus,20775,NA,Canis,chihliensis,NOW,49.2,93.4,Asia,Mongolia,4.2,4.6
Canidae,Canis,ferox,NA,19832,Canis,ferox,PaleoDB,42.8,-114.9,NorthAmerica,United_States,1.8,4.9
Canidae,Canis,ferox,NA,19836,Canis,ferox,PaleoDB,42.8,-114.9,NorthAmerica,United_States,1.8,4.9
Canidae,Canis,ferox,NA,19902,Canis,ferox,PaleoDB,42.8,-114.9,NorthAmerica,United_States,1.8,4.9
Canidae,Canis,ferox,10471,NA,Canis,ferox,NOW,40.809868,-96.675345,NorthAmerica,United_States,2.5,4.9
Canidae,Canis,ferox,10497,NA,Canis,ferox,NOW,39.055833,-95.689444,NorthAmerica,United_States,2.5,4.9
Canidae,Canis,ferox,10950,NA,Canis,ferox,NOW,43.613739,-116.237651,NorthAmerica,United_States,2.5,4.9
Canidae,Canis,ferox,10898,NA,Canis,ferox,NOW,47.0425,-122.893056,NorthAmerica,United_States,2.5,4.9
Canidae,Canis,ferox,10968,NA,Canis,ferox,NOW,33.448457,-112.073844,NorthAmerica,United_States,2.5,4.9
Canidae,Canis,ferox,NA,19868,Canis,ferox,PaleoDB,42.8,-114.9,NorthAmerica,United_States,2.9,3.9
Canidae,Canis,ferox,NA,19925,Canis,ferox,PaleoDB,37.2,-100.3,NorthAmerica,United_States,3,3
Canidae,Canis,ferox,NA,19936,Canis,ferox,PaleoDB,37.2,-100.3,NorthAmerica,United_States,3.5,3.5
Canidae,Canis,ferox,NA,19959,Canis,ferox,PaleoDB,41.4,-102.4,NorthAmerica,United_States,3.5,3.5
Canidae,Canis,ferox,NA,19960,Canis,ferox,PaleoDB,41.4,-102.4,NorthAmerica,United_States,3.5,3.7
Canidae,Canis,ferox,NA,19906,Canis,ferox,PaleoDB,42.8,-114.9,NorthAmerica,United_States,3.9,3.9
Canidae,Canis,ferox,11135,NA,Canis,ferox,NOW,28.5,-108.25,NorthAmerica,Mexico,4.9,5.9
Canidae,Canis,ferox,10468,NA,Canis,ferox,NOW,42.815833,-97.725278,NorthAmerica,United_States,4.9,5.9
Canidae,Canis,ferox,10699,NA,Canis,ferox,NOW,38.100556,-114.167778,NorthAmerica,United_States,4.9,6.8
Canidae,Canis,ferox,10964,NA,Canis,ferox,NOW,32.621944,-110.525833,NorthAmerica,United_States,4.9,6.8
Canidae,Canis,ferox,10963,NA,Canis,ferox,NOW,34.613611,-113.535833,NorthAmerica,United_States,4.9,5.9
Canidae,Canis,ferox,NA,19473,Canis,ferox,PaleoDB,36.5,-107,NorthAmerica,United_States,4.9,10.3
Canidae,Canis,ferox,NA,18755,Canis,ferox,PaleoDB,28.8,-108,NorthAmerica,Mexico,5.7,5.8
Canidae,Canis,ferox,11146,NA,Canis,ferox,NOW,21.018889,-101.262778,NorthAmerica,Mexico,5.9,6.8
Canidae,Canis,ferox,11157,NA,Canis,ferox,NOW,35.993333,-100.588333,NorthAmerica,United_States,5.9,6.8
Canidae,Canis,ferox,11050,NA,Canis,ferox,NOW,36.114167,-105.978889,NorthAmerica,United_States,6.8,7.6
Canidae,Canis,ferox,NA,19514,Canis,ferox,PaleoDB,32.5,-110.6,NorthAmerica,United_States,6.8,6.9
Canidae,Canis,ferox,NA,18126,Canis,ferox,PaleoDB,42.8214,-97.7289,NorthAmerica,United_States,7.4,7.4
Canidae,Canis,ferox,NA,18304,Canis,ferox,PaleoDB,36.7,-101.4,NorthAmerica,United_States,8.4,8.4
Canidae,Canis,ferox,NA,19612,Canis,ferox,PaleoDB,34.7,-113.4,NorthAmerica,United_States,8.5,8.5
Canidae,Canis,ferox,NA,18745,Canis,ferox,PaleoDB,20.2,-104.1,NorthAmerica,Mexico,10.1,10.1
Canidae,Canis,ferox,NA,18737,Canis,ferox,PaleoDB,21.083333,-100.666667,NorthAmerica,Mexico,10.1,10.1
Canidae,Canis,Genus_Only,24111,NA,Canis,indet.,NOW,24.1831,109.4322,Asia,China,0,0.7
Canidae,Canis,Genus_Only,24116,NA,Canis,indet.,NOW,26.6,100.6,Asia,China,0,0.7
Canidae,Canis,Genus_Only,NA,32904,Canis,sp.,PaleoDB,20.133333,109.988056,Asia,Vietnam,0,0.012
Canidae,Canis,Genus_Only,NA,96683,Canis,sp.,PaleoDB,38.338333,-77.280278,NorthAmerica,United_States,0,2.588
Canidae,Canis,Genus_Only,NA,104034,Canis,sp.,PaleoDB,37.987222,-79.830833,NorthAmerica,United_States,0,0.126
Canidae,Canis,Genus_Only,NA,104680,Canis,sp.,PaleoDB,38.667222,-78.500556,NorthAmerica,United_States,0,0.126
Canidae,Canis,Genus_Only,NA,122440,Canis,sp.,PaleoDB,42.820328,-70.820328,NorthAmerica,United_States,0,0.012
Canidae,Canis,Genus_Only,NA,122450,Canis,sp.,PaleoDB,44.330556,-68.317778,NorthAmerica,United_States,0,0.012
Canidae,Canis,Genus_Only,NA,176525,Canis,sp.,PaleoDB,41.70011,-70.29946,NorthAmerica,United_States,0,0.012
Canidae,Canis,Genus_Only,NA,171637,Canis,sp.,PaleoDB,52.753889,106.821667,Europe,Russia,0.00094,0.00902
Canidae,Canis,Genus_Only,23247,NA,Canis,indet.,NOW,6,40,Africa,Ethiopia,0.01,1.95
Canidae,Canis,Genus_Only,27969,NA,Canis,indet.,NOW,19.05777778,73.83583333,Asia,India,0.01,1.95
Canidae,Canis,Genus_Only,27972,NA,Canis,indet.,NOW,15.80888889,78.05416667,Asia,India,0.01,1.95
Canidae,Canis,Genus_Only,27011,NA,Canis,indet.,NOW,24,80,Asia,India,0.01,1.95
Canidae,Canis,Genus_Only,27963,NA,Canis,indet.,NOW,25.58861111,83.78027778,Asia,India,0.01,1.95
Canidae,Canis,Genus_Only,24350,NA,Canis,indet.,NOW,35.5,36.3333,Asia,Syria,0.01,1.95
Canidae,Canis,Genus_Only,23437,NA,Canis,indet.,NOW,39.827,30.429,Asia,Turkey,0.01,1.95
Canidae,Canis,Genus_Only,27997,NA,Canis,indet.,NOW,42.29888889,44.05666667,Europe,Georgia,0.01,1.95
Canidae,Canis,Genus_Only,24402,NA,Canis,indet.,NOW,42.3333,-3.5,Europe,spain,0.01,1.95
Canidae,Canis,Genus_Only,NA,90070,Canis,sp.,PaleoDB,-32.317272,18.341816,Africa,South_Africa,0.012,0.126
Canidae,Canis,Genus_Only,NA,115167,Canis,sp.,PaleoDB,-34.408664,21.1951879,Africa,South_Africa,0.012,0.126
Canidae,Canis,Genus_Only,NA,34667,Canis,sp.,PaleoDB,41.166667,123.433333,Asia,China,0.012,2.588
Canidae,Canis,Genus_Only,NA,85159,Canis,sp.,PaleoDB,26.983333,-109.3,NorthAmerica,Mexico,0.012,0.126
Canidae,Canis,Genus_Only,NA,79632,Canis,sp.,PaleoDB,29.583333,-98.4,NorthAmerica,United_States,0.012,0.126
Canidae,Canis,Genus_Only,NA,20629,Canis,sp.,PaleoDB,29.8,-82.1,NorthAmerica,United_States,0.012,0.126
Canidae,Canis,Genus_Only,NA,34269,Canis,sp.,PaleoDB,27.638333,-80.3975,NorthAmerica,United_States,0.012,0.126
Canidae,Canis,Genus_Only,NA,63150,Canis,sp.,PaleoDB,42.808889,-83.364444,NorthAmerica,United_States,0.012,0.126
Canidae,Canis,Genus_Only,NA,63427,Canis,sp.,PaleoDB,36.183333,-86.783333,NorthAmerica,United_States,0.012,0.126
Canidae,Canis,Genus_Only,NA,84181,Canis,sp.,PaleoDB,34.729444,-87.792222,NorthAmerica,United_States,0.012,0.126
Canidae,Canis,Genus_Only,NA,93259,Canis,sp.,PaleoDB,30.716667,-97.05,NorthAmerica,United_States,0.012,0.126
Canidae,Canis,Genus_Only,NA,93527,Canis,sp.,PaleoDB,33.066667,-96.966667,NorthAmerica,United_States,0.012,0.126
Canidae,Canis,Genus_Only,NA,104664,Canis,sp.,PaleoDB,38.8725,-78.512222,NorthAmerica,United_States,0.012,0.126
Canidae,Canis,Genus_Only,NA,104668,Canis,sp.,PaleoDB,38.33,-77.247222,NorthAmerica,United_States,0.012,2.588
Canidae,Canis,Genus_Only,NA,63429,Canis,sp.,PaleoDB,36.183333,-86.783333,NorthAmerica,United_States,0.1,0.1
Canidae,Canis,Genus_Only,NA,20360,Canis,sp.,PaleoDB,37.366667,-105.75,NorthAmerica,United_States,0.2,0.2
Canidae,Canis,Genus_Only,NA,20335,Canis,sp.,PaleoDB,34.8,-117,NorthAmerica,United_States,0.2,0.9
Canidae,Canis,Genus_Only,21039,NA,Canis,indet.,NOW,40.75,23.3,Europe,Greece,0.3,1.95
Canidae,Canis,Genus_Only,NA,20123,Canis,sp.,PaleoDB,32.9,-117.1,NorthAmerica,United_States,0.3,1.8
Canidae,Canis,Genus_Only,NA,20150,Canis,sp.,PaleoDB,39.3,-105.7,NorthAmerica,United_States,0.3,0.3
Canidae,Canis,Genus_Only,NA,20205,Canis,sp.,PaleoDB,33.9,-117,NorthAmerica,United_States,0.3,1.8
Canidae,Canis,Genus_Only,NA,20237,Canis,sp.,PaleoDB,33.9,-117,NorthAmerica,United_States,0.3,1.8
Canidae,Canis,Genus_Only,NA,20277,Canis,sp.,PaleoDB,66.6,-161.9,NorthAmerica,United_States,0.3,1.8
Canidae,Canis,Genus_Only,NA,20281,Canis,sp.,PaleoDB,34.7,-87.9,NorthAmerica,United_States,0.3,1
Canidae,Canis,Genus_Only,NA,20375,Canis,sp.,PaleoDB,42.7,-102.5,NorthAmerica,United_States,0.3,0.3
Canidae,Canis,Genus_Only,NA,20504,Canis,sp.,PaleoDB,36.5,-107,NorthAmerica,United_States,0.3,1.8
Canidae,Canis,Genus_Only,NA,20143,Canis,sp.,PaleoDB,40.2,-98.1,NorthAmerica,United_States,0.4,0.4
Canidae,Canis,Genus_Only,NA,20479,Canis,sp.,PaleoDB,40.2,-75.3,NorthAmerica,United_States,0.4,0.4
Canidae,Canis,Genus_Only,NA,34382,Canis,sp.,PaleoDB,42.1189,-101.1862,NorthAmerica,United_States,0.5,0.5
Canidae,Canis,Genus_Only,NA,70118,Canis,sp.,PaleoDB,13.783333,-89.166667,NorthAmerica,El_Salvador,0.7,0.7
Canidae,Canis,Genus_Only,NA,48580,Canis,sp.,PaleoDB,70,159.3,Europe,Russia,0.781,2.588
Canidae,Canis,Genus_Only,NA,77773,Canis,sp.,PaleoDB,37.416667,-3.166667,Europe,Spain,0.781,2.588
Canidae,Canis,Genus_Only,NA,20302,Canis,sp.,PaleoDB,39.6,-78.7,NorthAmerica,United_States,0.8,0.9
Canidae,Canis,Genus_Only,11069,NA,Canis,indet.,NOW,35.667222,-105.964444,NorthAmerica,United_States,0.85,1.9
Canidae,Canis,Genus_Only,NA,20417,Canis,sp.,PaleoDB,50.1,-110.7,NorthAmerica,Canada,1.1,1.2
Canidae,Canis,Genus_Only,24114,NA,Canis,indet.,NOW,28,99.5,Asia,China,1.2,1.8
Canidae,Canis,Genus_Only,20799,NA,Canis,indet.,NOW,38.5,69.2,Asia,Tajikistan,1.4,1.95
Canidae,Canis,Genus_Only,NA,20121,Canis,sp.,PaleoDB,32.9,-117.1,NorthAmerica,United_States,1.8,1.9
Canidae,Canis,Genus_Only,NA,20122,Canis,sp.,PaleoDB,32.9,-117.1,NorthAmerica,United_States,1.8,1.9
Canidae,Canis,Genus_Only,NA,48093,Canis,sp.,PaleoDB,51.963333,1.351389,Europe,United_Kingdom,1.806,2.588
Canidae,Canis,Genus_Only,26771,NA,Canis,indet.,NOW,-3.5,35,Africa,Tanzania,1.81,2.59
Canidae,Canis,Genus_Only,26771,NA,Canis,indet.,NOW,-3.5,35,Africa,Tanzania,1.81,2.59
Canidae,Canis,Genus_Only,21190,NA,Canis,indet.,NOW,47.2333,39.71388889,Europe,Russia,1.81,2.07
Canidae,Canis,Genus_Only,11147,NA,Canis,indet.,NOW,21.01666667,-100.7833333,NorthAmerica,Mexico,1.9,4.9
Canidae,Canis,Genus_Only,10973,NA,Canis,indet.,NOW,33.448457,-112.073844,NorthAmerica,United_States,1.9,2.5
Canidae,Canis,Genus_Only,27076,NA,Canis,brevirostris,NOW,35.51666667,103.5,Asia,China,1.95,2.6
Canidae,Canis,Genus_Only,21249,NA,Canis,indet.,NOW,51.3,77.988,Asia,Kazakhstan,1.95,2.6
Canidae,Canis,Genus_Only,20711,NA,Canis,indet.,NOW,45.09,3.27,Europe,France,1.95,2.6
Canidae,Canis,Genus_Only,21034,NA,Canis,indet.,NOW,39.15,22.45,Europe,Greece,1.95,3.4
Canidae,Canis,Genus_Only,21036,NA,Canis,sp.,NOW,40.15,21.2,Europe,Greece,1.95,3.4
Canidae,Canis,Genus_Only,21036,NA,Canis,sp.,NOW,40.15,21.2,Europe,Greece,1.95,3.4
Canidae,Canis,Genus_Only,20750,NA,Canis,indet.,NOW,41,9.4,Europe,Italy,1.95,3.4
Canidae,Canis,Genus_Only,21053,NA,Canis,indet.,NOW,47,40,Europe,Russia,1.95,2.131
Canidae,Canis,Genus_Only,NA,20113,Canis,sp.,PaleoDB,32.9,-117.1,NorthAmerica,United_States,2,2
Canidae,Canis,Genus_Only,NA,20117,Canis,sp.,PaleoDB,32.9,-117.1,NorthAmerica,United_States,2,2
Canidae,Canis,Genus_Only,10125,NA,Canis,indet.,NOW,30.55,-115.166667,NorthAmerica,Mexico,2.5,4.9
Canidae,Canis,Genus_Only,11128,NA,Canis,indet.,NOW,21.08333333,-100.6833333,NorthAmerica,Mexico,2.5,4.9
Canidae,Canis,Genus_Only,10106,NA,Canis,indet.,NOW,38.555605,-121.468926,NorthAmerica,United_States,2.5,4.9
Canidae,Canis,Genus_Only,10494,NA,Canis,indet.,NOW,39.055833,-95.689444,NorthAmerica,United_States,2.5,4.9
Canidae,Canis,Genus_Only,10969,NA,Canis,indet.,NOW,32.11361,-109.92111,NorthAmerica,United_States,2.5,4.9
Canidae,Canis,Genus_Only,10970,NA,Canis,indet.,NOW,32.11361,-109.92111,NorthAmerica,United_States,2.5,4.9
Canidae,Canis,Genus_Only,10971,NA,Canis,indet.,NOW,33.448457,-112.073844,NorthAmerica,United_States,2.5,4.9
Canidae,Canis,Genus_Only,NA,22239,Canis,sp.,PaleoDB,2.9,36.05,Africa,Kenya,2.588,5.332
Canidae,Canis,Genus_Only,NA,59167,Canis,sp.,PaleoDB,-32.960178,18.1092694,Africa,South_Africa,2.588,7.246
Canidae,Canis,Genus_Only,NA,96713,Canis,sp.,PaleoDB,43.806944,10.420833,Europe,Italy,2.588,23.03
Canidae,Canis,Genus_Only,NA,76530,Canis,sp.,PaleoDB,47.233333,39.715,Europe,Russia,2.588,3.6
Canidae,Canis,Genus_Only,23275,NA,Canis,sp.,NOW,38.27,30.183,Asia,Turkey,2.6,3.4
Canidae,Canis,Genus_Only,20705,NA,Canis,indet.,NOW,42,46,Europe,Georgia,2.6,3.4
Canidae,Canis,Genus_Only,20470,NA,Canis,indet.,NOW,46.58,18.23,Europe,Hungary,2.6,3.4
Canidae,Canis,Genus_Only,NA,19921,Canis,sp.,PaleoDB,43,-118,NorthAmerica,United_States,2.7,2.7
Canidae,Canis,Genus_Only,NA,20062,Canis,sp.,PaleoDB,47,-118.5,NorthAmerica,United_States,3.3,3.4
Canidae,Canis,Genus_Only,24306,NA,Canis,indet.,NOW,46.0167,25.55,Europe,Romania,3.4,4.2
Canidae,Canis,Genus_Only,20382,NA,Canis,indet.,NOW,-3.25,35.1667,Africa,Tanzania,3.5,3.8
Canidae,Canis,Genus_Only,20378,NA,Megacyon,indet.,NOW,-3.5,35,Africa,Tanzania,3.5,3.8
Canidae,Canis,Genus_Only,20382,NA,Megacyon,indet.,NOW,-3.25,35.1667,Africa,Tanzania,3.5,3.8
Canidae,Canis,Genus_Only,NA,36318,Canis,sp.,PaleoDB,39.84,114.6,Asia,China,3.6,5.332
Canidae,Canis,Genus_Only,NA,20105,Canis,sp.,PaleoDB,32.9,-117.1,NorthAmerica,United_States,3.6,3.6
Canidae,Canis,Genus_Only,20727,NA,Canis,indet.,NOW,43.903,46.68,Europe,Russia,4.2,5.3
Canidae,Canis,Genus_Only,11126,NA,Canis,indet.,NOW,21.08333333,-100.6833333,NorthAmerica,Mexico,4.9,6.8
Canidae,Canis,Genus_Only,11127,NA,Canis,indet.,NOW,21.08333333,-100.6833333,NorthAmerica,Mexico,4.9,5.9
Canidae,Canis,Genus_Only,11129,NA,Canis,indet.,NOW,20.56666,-103.676389,NorthAmerica,Mexico,4.9,6.8
Canidae,Canis,Genus_Only,10102,NA,Canis,indet.,NOW,33.891111,-117.047222,NorthAmerica,United_States,4.9,5.9
Canidae,Canis,Genus_Only,NA,18900,Canis,sp.,PaleoDB,37.8,-114.3,NorthAmerica,United_States,8.1,9.8
Canidae,Canis,Genus_Only,NA,18201,Canis,sp.,PaleoDB,42.7,-98.8,NorthAmerica,United_States,8.2,8.2
Canidae,Canis,Genus_Only,NA,18320,Canis,sp.,PaleoDB,40.454444,-85.791944,NorthAmerica,United_States,9.9,9.9
Canidae,Canis,Genus_Only,11153,NA,Canis,indet.,NOW,35.643333,-101.905,NorthAmerica,United_States,10.1,12.1
Canidae,Canis,latrans,NA,93326,Canis,latrans,PaleoDB,39.483333,-114.033333,NorthAmerica,United_States,0,0.01882
Canidae,Canis,latrans,NA,74474,Canis,latrans,PaleoDB,31.183333,-104.2,NorthAmerica,United_States,0,0.012
Canidae,Canis,latrans,NA,93345,Canis,latrans,PaleoDB,33.5,-88.6,NorthAmerica,United_States,0,0.126
Canidae,Canis,latrans,NA,162133,Canis,latrans,PaleoDB,46.666667,-113.1,NorthAmerica,United_States,0,0.012
Canidae,Canis,latrans,NA,79584,Canis,latrans,PaleoDB,30.358333,-98.1,NorthAmerica,United_States,0.0093,0.0093
Canidae,Canis,latrans,NA,20635,Canis,latrans,PaleoDB,52.2,-106.7,NorthAmerica,Canada,0.012,0.126
Canidae,Canis,latrans,NA,79630,Canis,latrans,PaleoDB,34.4,-119.516667,NorthAmerica,United_States,0.012,2.588
Canidae,Canis,latrans,NA,154771,Canis,latrans,PaleoDB,27.8,-82.7,NorthAmerica,United_States,0.012,0.126
Canidae,Canis,latrans,NA,34269,Canis,latrans,PaleoDB,27.638333,-80.3975,NorthAmerica,United_States,0.012,0.126
Canidae,Canis,latrans,NA,93281,Canis,latrans,PaleoDB,32.35,-104.783333,NorthAmerica,United_States,0.012,0.126
Canidae,Canis,latrans,NA,150336,Canis,latrans,PaleoDB,34.069722,-118.348889,NorthAmerica,United_States,0.012,0.3
Canidae,Canis,latrans,NA,150336,Canis,latrans,PaleoDB,34.069722,-118.348889,NorthAmerica,United_States,0.012,0.3
Canidae,Canis,latrans,NA,155409,Canis,latrans,PaleoDB,38.908333,-121.013889,NorthAmerica,United_States,0.012,0.126
Canidae,Canis,latrans,NA,20641,Canis,latrans,PaleoDB,40.9,-111.2,NorthAmerica,United_States,0.012,0.126
Canidae,Canis,latrans,NA,20600,Canis,latrans,PaleoDB,39,-86.5,NorthAmerica,United_States,0.012,0.126
Canidae,Canis,latrans,NA,20646,Canis,latrans,PaleoDB,34,-118.2,NorthAmerica,United_States,0.012,0.126
Canidae,Canis,latrans,NA,73752,Canis,latrans,PaleoDB,33.895278,-117.9875,NorthAmerica,United_States,0.012,0.126
Canidae,Canis,latrans,NA,74292,Canis,latrans,PaleoDB,28.083333,-80.6,NorthAmerica,United_States,0.012,0.126
Canidae,Canis,latrans,NA,20491,Canis,latrans,PaleoDB,29.1,-82.3,NorthAmerica,United_States,0.012,0.3
Canidae,Canis,latrans,NA,20569,Canis,latrans,PaleoDB,42.8,-112.9,NorthAmerica,United_States,0.012,0.126
Canidae,Canis,latrans,NA,20612,Canis,latrans,PaleoDB,42.8,-112.9,NorthAmerica,United_States,0.012,0.126
Canidae,Canis,latrans,NA,20617,Canis,latrans,PaleoDB,37.3,-105,NorthAmerica,United_States,0.012,0.126
Canidae,Canis,latrans,NA,20619,Canis,latrans,PaleoDB,32,-110.2,NorthAmerica,United_States,0.012,0.126
Canidae,Canis,latrans,NA,20642,Canis,latrans,PaleoDB,38.6,-121.5,NorthAmerica,United_States,0.012,0.126
Canidae,Canis,latrans,NA,20644,Canis,latrans,PaleoDB,36.1,-120.4,NorthAmerica,United_States,0.012,0.126
Canidae,Canis,latrans,NA,20653,Canis,latrans,PaleoDB,28.8,-82.2,NorthAmerica,United_States,0.012,0.126
Canidae,Canis,latrans,NA,74953,Canis,latrans,PaleoDB,38.483333,-107.15,NorthAmerica,United_States,0.012,0.126
Canidae,Canis,latrans,NA,79582,Canis,latrans,PaleoDB,30.358333,-98.1,NorthAmerica,United_States,0.012,0.126
Canidae,Canis,latrans,NA,79683,Canis,latrans,PaleoDB,30.633333,-97.683333,NorthAmerica,United_States,0.012,0.126
Canidae,Canis,latrans,NA,93103,Canis,latrans,PaleoDB,32.714722,-96.7075,NorthAmerica,United_States,0.012,0.126
Canidae,Canis,latrans,NA,93141,Canis,latrans,PaleoDB,34.883333,-106.883333,NorthAmerica,United_States,0.012,0.126
Canidae,Canis,latrans,NA,93181,Canis,latrans,PaleoDB,44.983333,-108.2,NorthAmerica,United_States,0.012,0.126
Canidae,Canis,latrans,NA,93182,Canis,latrans,PaleoDB,44.633333,-112.583333,NorthAmerica,United_States,0.012,0.126
Canidae,Canis,latrans,NA,93251,Canis,latrans,PaleoDB,43.333333,-120.5,NorthAmerica,United_States,0.012,0.126
Canidae,Canis,latrans,NA,93281,Canis,latrans,PaleoDB,32.35,-104.783333,NorthAmerica,United_States,0.012,0.126
Canidae,Canis,latrans,NA,93379,Canis,latrans,PaleoDB,38.266667,-90.366667,NorthAmerica,United_States,0.012,0.126
Canidae,Canis,latrans,NA,104664,Canis,latrans,PaleoDB,38.8725,-78.512222,NorthAmerica,United_States,0.012,0.126
Canidae,Canis,latrans,NA,154722,Canis,latrans,PaleoDB,25.7,-80.4,NorthAmerica,United_States,0.012,0.126
Canidae,Canis,latrans,NA,155393,Canis,latrans,PaleoDB,40.784,-122.282,NorthAmerica,United_States,0.0143,0.0261
Canidae,Canis,latrans,NA,93528,Canis,latrans,PaleoDB,50.183333,-114.516667,NorthAmerica,Canada,0.0231,0.0335
Canidae,Canis,latrans,NA,76059,Canis,latrans,PaleoDB,32.366667,-104.45,NorthAmerica,United_States,0.02516,0.03359
Canidae,Canis,latrans,NA,93333,Canis,latrans,PaleoDB,43.433333,-103.466667,NorthAmerica,United_States,0.026075,0.026075
Canidae,Canis,latrans,NA,93332,Canis,latrans,PaleoDB,38.602778,-79.368889,NorthAmerica,United_States,0.0294,0.0294
Canidae,Canis,latrans,NA,93332,Canis,latrans,PaleoDB,38.602778,-79.368889,NorthAmerica,United_States,0.0294,0.0294
Canidae,Canis,latrans,NA,20285,Canis,latrans,PaleoDB,20.3,-103.2,NorthAmerica,Mexico,0.3,0.3
Canidae,Canis,latrans,NA,20178,Canis,latrans,PaleoDB,33.9,-117,NorthAmerica,United_States,0.3,1.8
Canidae,Canis,latrans,NA,20347,Canis,latrans,PaleoDB,42.7,-102.5,NorthAmerica,United_States,0.3,0.3
Canidae,Canis,latrans,NA,20173,Canis,latrans,PaleoDB,33.9,-117,NorthAmerica,United_States,0.3,1.8
Canidae,Canis,latrans,NA,20323,Canis,latrans,PaleoDB,33.6,-117.8,NorthAmerica,United_States,0.3,0.3
Canidae,Canis,latrans,NA,20514,Canis,latrans,PaleoDB,36.5,-107,NorthAmerica,United_States,0.3,1.8
Canidae,Canis,latrans,NA,20126,Canis,latrans,PaleoDB,32.9,-117.1,NorthAmerica,United_States,0.3,1.8
Canidae,Canis,latrans,NA,20134,Canis,latrans,PaleoDB,32.9,-117.1,NorthAmerica,United_States,0.3,1.8
Canidae,Canis,latrans,NA,20150,Canis,latrans,PaleoDB,39.3,-105.7,NorthAmerica,United_States,0.3,0.3
Canidae,Canis,latrans,NA,20280,Canis,latrans,PaleoDB,39,-114.1,NorthAmerica,United_States,0.3,0.3
Canidae,Canis,latrans,NA,20295,Canis,latrans,PaleoDB,37.2,-100.3,NorthAmerica,United_States,0.3,0.3
Canidae,Canis,latrans,NA,20329,Canis,latrans,PaleoDB,39.3,-105.7,NorthAmerica,United_States,0.3,0.9
Canidae,Canis,latrans,NA,20454,Canis,latrans,PaleoDB,33.9,-117,NorthAmerica,United_States,0.3,1.8
Canidae,Canis,latrans,NA,20477,Canis,latrans,PaleoDB,39.3,-105.7,NorthAmerica,United_States,0.3,0.3
Canidae,Canis,latrans,NA,20500,Canis,latrans,PaleoDB,42.7,-102.5,NorthAmerica,United_States,0.3,0.3
Canidae,Canis,latrans,NA,20501,Canis,latrans,PaleoDB,42.7,-102.5,NorthAmerica,United_States,0.3,0.3
Canidae,Canis,latrans,NA,20559,Canis,latrans,PaleoDB,39.3,-105.7,NorthAmerica,United_States,0.3,0.3
Canidae,Canis,latrans,NA,159680,Canis,latrans,PaleoDB,40.922222,-98.358056,NorthAmerica,United_States,0.3,1.8
Canidae,Canis,latrans,NA,20283,Canis,latrans,PaleoDB,21.8,-102.3,NorthAmerica,Mexico,0.4,0.4
Canidae,Canis,latrans,NA,20293,Canis,latrans,PaleoDB,39.8,-98.1,NorthAmerica,United_States,0.4,0.4
Canidae,Canis,latrans,NA,20143,Canis,latrans,PaleoDB,40.2,-98.1,NorthAmerica,United_States,0.4,0.4
Canidae,Canis,latrans,NA,20273,Canis,latrans,PaleoDB,34.8,-117,NorthAmerica,United_States,0.4,0.4
Canidae,Canis,latrans,NA,20290,Canis,latrans,PaleoDB,36,-93.2,NorthAmerica,United_States,0.4,0.4
Canidae,Canis,latrans,NA,20530,Canis,latrans,PaleoDB,33.7,-101.9,NorthAmerica,United_States,0.4,0.4
Canidae,Canis,latrans,NA,20532,Canis,latrans,PaleoDB,38.7,-79.3,NorthAmerica,United_States,0.4,1.6
Canidae,Canis,latrans,NA,20556,Canis,latrans,PaleoDB,42,-96,NorthAmerica,United_States,0.4,0.4
Canidae,Canis,latrans,NA,20567,Canis,latrans,PaleoDB,39,-98.2,NorthAmerica,United_States,0.5,0.6
Canidae,Canis,latrans,NA,20137,Canis,latrans,PaleoDB,37.477,-100.4952,NorthAmerica,United_States,0.5,0.6
Canidae,Canis,latrans,NA,20498,Canis,latrans,PaleoDB,34.5,-101.3,NorthAmerica,United_States,0.6,0.6
Canidae,Canis,latrans,NA,20342,Canis,latrans,PaleoDB,33.75,-99.5,NorthAmerica,United_States,0.7,0.7
Canidae,Canis,latrans,NA,20302,Canis,latrans,PaleoDB,39.6,-78.7,NorthAmerica,United_States,0.8,0.9
Canidae,Canis,latrans,NA,20327,Canis,latrans,PaleoDB,37.056667,-120.195833,NorthAmerica,United_States,0.8,0.9
Canidae,Canis,latrans,NA,20129,Canis,latrans,PaleoDB,32.9,-117.1,NorthAmerica,United_States,0.8,0.9
Canidae,Canis,latrans,NA,20130,Canis,latrans,PaleoDB,32.9,-117.1,NorthAmerica,United_States,0.8,0.9
Canidae,Canis,latrans,NA,20157,Canis,latrans,PaleoDB,36.8,-100.5,NorthAmerica,United_States,0.8,0.9
Canidae,Canis,latrans,NA,20387,Canis,latrans,PaleoDB,37.6,-122,NorthAmerica,United_States,1.1,1.2
Canidae,Canis,latrans,NA,20187,Canis,latrans,PaleoDB,33.9,-117,NorthAmerica,United_States,1.4,1.4
Canidae,Canis,latrans,NA,20127,Canis,latrans,PaleoDB,32.9,-117.1,NorthAmerica,United_States,1.4,1.5
Canidae,Canis,latrans,NA,19927,Canis,latrans,PaleoDB,37.2,-100.3,NorthAmerica,United_States,1.8,4.9
Canidae,Canis,latrans,NA,20122,Canis,latrans,PaleoDB,32.9,-117.1,NorthAmerica,United_States,1.8,1.9
Canidae,Canis,latrans,NA,20120,Canis,latrans,PaleoDB,32.9,-117.1,NorthAmerica,United_States,1.9,2
Canidae,Canis,latrans,NA,19973,Canis,latrans,PaleoDB,32,-106.7,NorthAmerica,United_States,2,2
Canidae,Canis,latrans,NA,20117,Canis,latrans,PaleoDB,32.9,-117.1,NorthAmerica,United_States,2,2
Canidae,Canis,latrans,NA,19656,Canis,latrans,PaleoDB,33,-109.6,NorthAmerica,United_States,3,3
Canidae,Canis,latrans,NA,19657,Canis,latrans,PaleoDB,33,-109.6,NorthAmerica,United_States,3,3
Canidae,Canis,latrans,NA,19658,Canis,latrans,PaleoDB,33,-109.6,NorthAmerica,United_States,3,3
Canidae,Canis,latrans,NA,20112,Canis,latrans,PaleoDB,32.9,-117.1,NorthAmerica,United_States,3,3
Canidae,Canis,latrans,NA,19617,Canis,latrans,PaleoDB,35.7,-112.4,NorthAmerica,United_States,3.1,3.1
Canidae,Canis,lepophagus,NA,79621,Canis,lepophagus,PaleoDB,29.883333,-82.883333,NorthAmerica,United_States,0.012,0.126
Canidae,Canis,lepophagus,11068,NA,Canis,lepophagus,NOW,32.16667,-106.8333,NorthAmerica,United_States,0.85,2.5
Canidae,Canis,lepophagus,NA,20322,Canis,lepophagus,PaleoDB,31.7,-114.5,NorthAmerica,Mexico,1.8,4.9
Canidae,Canis,lepophagus,NA,19807,Canis,lepophagus,PaleoDB,42.8,-114.9,NorthAmerica,United_States,1.8,4.9
Canidae,Canis,lepophagus,NA,19821,Canis,lepophagus,PaleoDB,42.8,-114.9,NorthAmerica,United_States,1.8,4.9
Canidae,Canis,lepophagus,NA,19879,Canis,lepophagus,PaleoDB,42.8,-114.9,NorthAmerica,United_States,1.8,4.9
Canidae,Canis,lepophagus,NA,19895,Canis,lepophagus,PaleoDB,42.8,-114.9,NorthAmerica,United_States,1.8,4.9
Canidae,Canis,lepophagus,NA,19914,Canis,lepophagus,PaleoDB,43,-118,NorthAmerica,United_States,1.8,4.9
Canidae,Canis,lepophagus,11150,NA,Canis,lepophagus,NOW,29.646111,-110.868889,NorthAmerica,Mexico,1.9,2.5
Canidae,Canis,lepophagus,10476,NA,Canis,lepophagus,NOW,40.809868,-96.675345,NorthAmerica,United_States,1.9,2.5
Canidae,Canis,lepophagus,10504,NA,Canis,lepophagus,NOW,39.055833,-95.689444,NorthAmerica,United_States,1.9,2.5
Canidae,Canis,lepophagus,10576,NA,Canis,lepophagus,NOW,30.23,-82.63,NorthAmerica,United_States,1.9,2.5
Canidae,Canis,lepophagus,10577,NA,Canis,lepophagus,NOW,28.133333,-81.631667,NorthAmerica,United_States,1.9,2.5
Canidae,Canis,lepophagus,10952,NA,Canis,lepophagus,NOW,43.613739,-116.237651,NorthAmerica,United_States,1.9,2.5
Canidae,Canis,lepophagus,10975,NA,Canis,lepophagus,NOW,33.448457,-112.073844,NorthAmerica,United_States,1.9,2.5
Canidae,Canis,lepophagus,10983,NA,Canis,lepophagus,NOW,33.448457,-112.073844,NorthAmerica,United_States,1.9,2.5
Canidae,Canis,lepophagus,11056,NA,Canis,lepophagus,NOW,35.667222,-105.964444,NorthAmerica,United_States,1.9,2.5
Canidae,Canis,lepophagus,11107,NA,Canis,lepophagus,NOW,30.75,-105,NorthAmerica,United_States,1.9,2.5
Canidae,Canis,lepophagus,11161,NA,Canis,lepophagus,NOW,34.97,-101.9,NorthAmerica,United_States,1.9,2.5
Canidae,Canis,lepophagus,11168,NA,Canis,lepophagus,NOW,29.910577,-95.060882,NorthAmerica,United_States,1.9,2.5
Canidae,Canis,lepophagus,NA,19954,Canis,lepophagus,PaleoDB,42.378333,-98.234444,NorthAmerica,United_States,2.4,2.4
Canidae,Canis,lepophagus,10106,NA,Canis,lepophagus,NOW,38.555605,-121.468926,NorthAmerica,United_States,2.5,4.9
Canidae,Canis,lepophagus,10471,NA,Canis,lepophagus,NOW,40.809868,-96.675345,NorthAmerica,United_States,2.5,4.9
Canidae,Canis,lepophagus,10472,NA,Canis,lepophagus,NOW,40.809868,-96.675345,NorthAmerica,United_States,2.5,4.9
Canidae,Canis,lepophagus,10473,NA,Canis,lepophagus,NOW,40.809868,-96.675345,NorthAmerica,United_States,2.5,4.9
Canidae,Canis,lepophagus,10696,NA,Canis,lepophagus,NOW,37.64,-114.88,NorthAmerica,United_States,2.5,4.9
Canidae,Canis,lepophagus,10951,NA,Canis,lepophagus,NOW,43.613739,-116.237651,NorthAmerica,United_States,2.5,4.9
Canidae,Canis,lepophagus,10900,NA,Canis,lepophagus,NOW,47.0425,-122.893056,NorthAmerica,United_States,2.5,4.9
Canidae,Canis,lepophagus,11065,NA,Canis,lepophagus,NOW,35.667222,-105.964444,NorthAmerica,United_States,2.5,4.9
Canidae,Canis,lepophagus,11160,NA,Canis,lepophagus,NOW,35.4,-102.6,NorthAmerica,United_States,2.5,4.9
Canidae,Canis,lepophagus,NA,19758,Canis,lepophagus,PaleoDB,29.7,-82.6,NorthAmerica,United_States,2.9,3
Canidae,Canis,lepophagus,NA,19805,Canis,lepophagus,PaleoDB,42.8,-114.9,NorthAmerica,United_States,2.9,4
Canidae,Canis,lepophagus,NA,19812,Canis,lepophagus,PaleoDB,42.8,-114.9,NorthAmerica,United_States,2.9,3.9
Canidae,Canis,lepophagus,NA,19839,Canis,lepophagus,PaleoDB,42.8,-114.9,NorthAmerica,United_States,2.9,3.9
Canidae,Canis,lepophagus,NA,19847,Canis,lepophagus,PaleoDB,42.8,-114.9,NorthAmerica,United_States,2.9,4.5
Canidae,Canis,lepophagus,NA,19854,Canis,lepophagus,PaleoDB,42.8,-114.9,NorthAmerica,United_States,2.9,4.5
Canidae,Canis,lepophagus,NA,19888,Canis,lepophagus,PaleoDB,42.8,-114.9,NorthAmerica,United_States,2.9,3.9
Canidae,Canis,lepophagus,NA,19981,Canis,lepophagus,PaleoDB,32,-106.7,NorthAmerica,United_States,2.9,3.7
Canidae,Canis,lepophagus,NA,19929,Canis,lepophagus,PaleoDB,37.2,-100.3,NorthAmerica,United_States,3,3
Canidae,Canis,lepophagus,NA,20050,Canis,lepophagus,PaleoDB,31.5,-105.2,NorthAmerica,United_States,3,3.3
Canidae,Canis,lepophagus,NA,19963,Canis,lepophagus,PaleoDB,42.7,-100,NorthAmerica,United_States,3,3
Canidae,Canis,lepophagus,NA,20034,Canis,lepophagus,PaleoDB,35.4,-102.5,NorthAmerica,United_States,3,3.3
Canidae,Canis,lepophagus,NA,20033,Canis,lepophagus,PaleoDB,34.883333,-101.633333,NorthAmerica,United_States,3.3,3.3
Canidae,Canis,lepophagus,NA,20023,Canis,lepophagus,PaleoDB,33.7,-101.1,NorthAmerica,United_States,3.3,3.3
Canidae,Canis,lepophagus,NA,20062,Canis,lepophagus,PaleoDB,47,-118.5,NorthAmerica,United_States,3.3,3.4
Canidae,Canis,lepophagus,NA,20060,Canis,lepophagus,PaleoDB,32.716667,-100.916667,NorthAmerica,United_States,3.4,3.4
Canidae,Canis,lepophagus,NA,19934,Canis,lepophagus,PaleoDB,37.2,-100.3,NorthAmerica,United_States,3.4,3.4
Canidae,Canis,lepophagus,NA,19955,Canis,lepophagus,PaleoDB,41.7,-103.1,NorthAmerica,United_States,3.5,3.5
Canidae,Canis,lepophagus,NA,19962,Canis,lepophagus,PaleoDB,41.8,-103.8,NorthAmerica,United_States,3.5,4.5
Canidae,Canis,lepophagus,NA,19932,Canis,lepophagus,PaleoDB,37.2,-100.3,NorthAmerica,United_States,3.5,3.5
Canidae,Canis,lepophagus,NA,19940,Canis,lepophagus,PaleoDB,37.133333,-100.483333,NorthAmerica,United_States,3.5,3.5
Canidae,Canis,lepophagus,NA,19815,Canis,lepophagus,PaleoDB,42.8,-114.9,NorthAmerica,United_States,3.7,3.8
Canidae,Canis,lepophagus,NA,19903,Canis,lepophagus,PaleoDB,42.8,-114.9,NorthAmerica,United_States,3.7,3.8
Canidae,Canis,lepophagus,NA,19819,Canis,lepophagus,PaleoDB,42.8,-114.9,NorthAmerica,United_States,3.8,3.9
Canidae,Canis,lepophagus,NA,19816,Canis,lepophagus,PaleoDB,42.8,-114.9,NorthAmerica,United_States,3.9,3.9
Canidae,Canis,lepophagus,NA,19668,Canis,lepophagus,PaleoDB,40,-122.2,NorthAmerica,United_States,4.2,4.3
Canidae,Canis,lepophagus,NA,19965,Canis,lepophagus,PaleoDB,37.8,-114.3,NorthAmerica,United_States,4.6,4.6
Canidae,Canis,lepophagus,NA,18359,Canis,lepophagus,PaleoDB,42.8068,-97.8463,NorthAmerica,United_States,7.2,7.3
Canidae,Canis,longdanensis,27076,NA,Canis,longdanensis,NOW,35.51666667,103.5,Asia,China,1.95,2.6
Canidae,Delete,Delete,NA,11803,Canis,lupaster,PaleoDB,32.716667,35.05,Asia,Israel,0.012,0.126
Canidae,Canis,lupus,24142,NA,Canis,lupus,NOW,44.7292,123.6961,Asia,China,0,0.7
Canidae,Canis,lupus,24111,NA,Canis,lupus,NOW,24.1831,109.4322,Asia,China,0,0.7
Canidae,Canis,lupus,24118,NA,Canis,lupus,NOW,27.4333,101.5167,Asia,China,0,0.7
Canidae,Canis,lupus,24115,NA,Canis,lupus,NOW,31.4,100.6333,Asia,China,0,0.7
Canidae,Canis,lupus,24110,NA,Canis,lupus,NOW,40.1,113.9833,Asia,China,0,0.7
Canidae,Canis,lupus,24096,NA,Canis,lupus,NOW,39.6833,115.9347,Asia,China,0,0.7
Canidae,Canis,lupus,NA,59150,Canis,lupus,PaleoDB,50.3,2.95,Europe,France,0,0.012
Canidae,Canis,lupus,NA,36376,Canis,familiaris,PaleoDB,45.8,8.8333,Europe,Italy,0,2.588
Canidae,Canis,lupus,NA,122115,Canis,familiaris,PaleoDB,52.451944,4.630556,Europe,Netherlands,0,0.012
Canidae,Canis,lupus,NA,55533,Canis,lupus,PaleoDB,51.958056,4.053056,Europe,Netherlands,0,0.012
Canidae,Canis,lupus,NA,102954,Canis,lupus,PaleoDB,55,3,Europe,United_Kingdom,0,0.126
Canidae,Canis,lupus,NA,162545,Canis,familiaris,PaleoDB,81.558611,-14.765556,NorthAmerica,Greenland,0,0.012
Canidae,Canis,lupus,NA,162014,Canis,lupus,PaleoDB,82.125,-29.888333,NorthAmerica,Greenland,0,0.012
Canidae,Canis,lupus,NA,104667,Canis,familiaris,PaleoDB,36.733889,-83.057778,NorthAmerica,United_States,0,0.012
Canidae,Canis,lupus,NA,104675,Canis,familiaris,PaleoDB,38.628056,-78.414722,NorthAmerica,United_States,0,0.012
Canidae,Canis,lupus,NA,162133,Canis,familiaris,PaleoDB,46.666667,-113.1,NorthAmerica,United_States,0,0.012
Canidae,Canis,lupus,NA,176411,Canis,familiaris,PaleoDB,63.7,-170.383333,NorthAmerica,United_States,0,0.012
Canidae,Canis,lupus,NA,122450,Canis,lupus,PaleoDB,44.330556,-68.317778,NorthAmerica,United_States,0,0.012
Canidae,Canis,lupus,NA,93326,Canis,lupus,PaleoDB,39.483333,-114.033333,NorthAmerica,United_States,0,0.01882
Canidae,Canis,lupus,NA,104689,Canis,lupus,PaleoDB,37.334722,-80.679167,NorthAmerica,United_States,0,0.126
Canidae,Canis,lupus,NA,175941,Canis,familiaris,PaleoDB,66.048889,-169.903333,Europe,Russia,0.001,0.001
Canidae,Canis,lupus,NA,175942,Canis,familiaris,PaleoDB,66.034444,-170.046389,Europe,Russia,0.001,0.001
Canidae,Canis,lupus,NA,175940,Canis,familiaris,PaleoDB,74.939444,149.074444,Europe,Russia,0.009,0.009
Canidae,Canis,lupus,NA,175940,Canis,lupus,PaleoDB,74.939444,149.074444,Europe,Russia,0.009,0.009
Canidae,Canis,lupus,NA,93376,Canis,lupus,PaleoDB,35.258333,-106.4,NorthAmerica,United_States,0.0091,0.01283
Canidae,Canis,lupus,27998,NA,Canis,lupus,NOW,39.61916667,46.98861111,Asia,Azerbaijan,0.01,1.95
Canidae,Canis,lupus,28002,NA,Canis,lupus,NOW,40.47611111,49.84861111,Asia,Azerbaijan,0.01,1.95
Canidae,Canis,lupus,24347,NA,Canis,mosbachensis,NOW,32.6667,35.5833,Asia,Israel,0.01,1.95
Canidae,Canis,lupus,27496,NA,Canis,lupus,NOW,43.0601217,0.5294623,Europe,France,0.01,0.115
Canidae,Canis,lupus,28001,NA,Canis,lupus,NOW,42.29888889,44.05666667,Europe,Georgia,0.01,1.95
Canidae,Canis,lupus,28000,NA,Canis,lupus,NOW,42.29888889,44.05666667,Europe,Georgia,0.01,1.95
Canidae,Canis,lupus,27994,NA,Canis,mosbachensis,NOW,41.54333333,43.46083333,Europe,Georgia,0.01,1.95
Canidae,Canis,lupus,27997,NA,Canis,mosbachensis,NOW,42.29888889,44.05666667,Europe,Georgia,0.01,1.95
Canidae,Canis,lupus,24302,NA,Canis,lupus,NOW,48.4119,9.7844,Europe,Germany,0.01,1.95
Canidae,Canis,lupus,28263,NA,Canis,lupus,NOW,51.254721,8.16881,Europe,Germany,0.01,0.115
Canidae,Canis,lupus,24268,NA,Canis,lupus,NOW,43.4775,11.6158,Europe,Italy,0.01,1.95
Canidae,Canis,lupus,24772,NA,Canis,lupus,NOW,41.54,12.28333333,Europe,Italy,0.01,1.95
Canidae,Canis,lupus,28032,NA,Canis,mosbachensis,NOW,45.76666667,13.65,Europe,Italy,0.01,1.95
Canidae,Canis,lupus,24223,NA,Canis,lupus,NOW,50.0664,19.9875,Europe,Poland,0.01,1.95
Canidae,Canis,lupus,27995,NA,Canis,mosbachensis,NOW,43.88833333,41.72805556,Europe,Russia,0.01,1.95
Canidae,Canis,lupus,24194,NA,Canis,lupus,NOW,52.4553,1.7319,Europe,United_Kingdom,0.01,1.95
Canidae,Canis,lupus,NA,92787,Canis,lupus,PaleoDB,33.134167,110.217778,Asia,China,0.012,0.126
Canidae,Canis,lupus,NA,101897,Canis,lupus,PaleoDB,41.406111,141.434167,Asia,Japan,0.012,0.126
Canidae,Canis,lupus,NA,101898,Canis,lupus,PaleoDB,41.401944,141.429722,Asia,Japan,0.012,0.126
Canidae,Canis,lupus,NA,101899,Canis,lupus,PaleoDB,41.401944,141.429722,Asia,Japan,0.012,0.126
Canidae,Canis,lupus,NA,82530,Canis,lupus,PaleoDB,51.984167,4.070278,Europe,Netherlands,0.012,0.126
Canidae,Canis,lupus,NA,48587,Canis,lupus,PaleoDB,68.75,160,Europe,Russia,0.012,0.126
Canidae,Canis,lupus,NA,79548,Canis,lupus,PaleoDB,50.95,84.75,Europe,Russia,0.012,0.126
Canidae,Canis,lupus,NA,90036,Canis,lupus,PaleoDB,36.126667,-5.341389,Europe,Spain,0.012,0.126
Canidae,Canis,lupus,NA,93828,Canis,lupus,PaleoDB,54.262222,-0.958889,Europe,United_Kingdom,0.012,0.126
Canidae,Canis,lupus,NA,20626,Canis,lupus,PaleoDB,68.2,-140,NorthAmerica,Canada,0.012,0.126
Canidae,Canis,lupus,NA,20590,Canis,lupus,PaleoDB,50.8,-103.9,NorthAmerica,Canada,0.012,0.126
Canidae,Canis,lupus,NA,20615,Canis,lupus,PaleoDB,50.1,-110.7,NorthAmerica,Canada,0.012,0.126
Canidae,Canis,lupus,NA,154805,Canis,familiaris,PaleoDB,29.4075,-82.476389,NorthAmerica,United_States,0.012,0.126
Canidae,Canis,lupus,NA,93251,Canis,lupus,PaleoDB,43.333333,-120.5,NorthAmerica,United_States,0.012,0.126
Canidae,Canis,lupus,NA,93281,Canis,lupus,PaleoDB,32.35,-104.783333,NorthAmerica,United_States,0.012,0.126
Canidae,Canis,lupus,NA,150336,Canis,lupus,PaleoDB,34.069722,-118.348889,NorthAmerica,United_States,0.012,0.3
Canidae,Canis,lupus,NA,150336,Canis,lupus,PaleoDB,34.069722,-118.348889,NorthAmerica,United_States,0.012,0.3
Canidae,Canis,lupus,NA,74292,Canis,lupus,PaleoDB,28.083333,-80.6,NorthAmerica,United_States,0.012,0.126
Canidae,Canis,lupus,NA,82258,Canis,lupus,PaleoDB,38.357778,-79.083056,NorthAmerica,United_States,0.012,0.126
Canidae,Canis,lupus,NA,93141,Canis,lupus,PaleoDB,34.883333,-106.883333,NorthAmerica,United_States,0.012,0.126
Canidae,Canis,lupus,NA,20600,Canis,lupus,PaleoDB,39,-86.5,NorthAmerica,United_States,0.012,0.126
Canidae,Canis,lupus,NA,93181,Canis,lupus,PaleoDB,44.983333,-108.2,NorthAmerica,United_States,0.012,0.126
Canidae,Canis,lupus,NA,93182,Canis,lupus,PaleoDB,44.633333,-112.583333,NorthAmerica,United_States,0.012,0.126
Canidae,Canis,lupus,NA,93277,Canis,lupus,PaleoDB,42.783333,-105.683333,NorthAmerica,United_States,0.012,0.126
Canidae,Canis,lupus,NA,93329,Canis,lupus,PaleoDB,40.766667,-111.866667,NorthAmerica,United_States,0.012,0.126
Canidae,Canis,lupus,NA,154921,Canis,lupus,PaleoDB,26.7,-80.166667,NorthAmerica,United_States,0.012,0.126
Canidae,Canis,lupus,NA,155393,Canis,lupus,PaleoDB,40.784,-122.282,NorthAmerica,United_States,0.0143,0.0261
Canidae,Canis,lupus,28261,NA,Canis,lupus,NOW,45.01666667,21.83333333,Europe,Romania,0.017,0.053
Canidae,Canis,lupus,NA,93333,Canis,lupus,PaleoDB,43.433333,-103.466667,NorthAmerica,United_States,0.026075,0.026075
Canidae,Canis,lupus,28124,NA,Canis,lupus,NOW,43.2,-2.116666667,Europe,Spain,0.029,0.035
Canidae,Canis,lupus,28260,NA,Canis,lupus,NOW,41.5307542,1.6796126,Europe,Spain,0.04,0.07
Canidae,Canis,lupus,26600,NA,Canis,lupus,NOW,44,4,Europe,France,0.0419,0.0441
Canidae,Canis,lupus,28270,NA,Canis,lupus,NOW,51.6204415,-3.9466286,Europe,United_Kingdom,0.087,0.087
Canidae,Canis,lupus,NA,36220,Canis,lupus,PaleoDB,49.816667,9.95,Europe,Germany,0.126,0.781
Canidae,Canis,lupus,NA,36134,Canis,lupus,PaleoDB,41.883333,12.3,Europe,Italy,0.126,0.781
Canidae,Canis,lupus,NA,73761,Canis,lupus,PaleoDB,41.166667,-2.5,Europe,Spain,0.126,0.781
Canidae,Canis,lupus,28268,NA,Canis,lupus,NOW,41.8905198,12.4942486,Europe,Italy,0.129,0.364
Canidae,Canis,lupus,22328,NA,Canis,lupus,NOW,42.333,-3.5,Europe,Spain,0.129,0.364
Canidae,Canis,lupus,27465,NA,Canis,lupus,NOW,45.2531089,2.2002162,Europe,France,0.242,0.301
Canidae,Canis,lupus,21041,NA,Canis,lupus,NOW,37.3,22.3,Europe,Greece,0.3,1.95
Canidae,Canis,lupus,21042,NA,Canis,lupus,NOW,39.3,23,Europe,Greece,0.3,1.95
Canidae,Canis,lupus,21041,NA,Canis,mosbachensis,NOW,37.3,22.3,Europe,Greece,0.3,1.95
Canidae,Canis,lupus,21042,NA,Canis,mosbachensis,NOW,39.3,23,Europe,Greece,0.3,1.95
Canidae,Canis,lupus,28025,NA,Canis,mosbachensis,NOW,41.33333333,13.03333333,Europe,Italy,0.3,1.95
Canidae,Canis,lupus,28024,NA,Canis,mosbachensis,NOW,41.58583333,14.21666667,Europe,Italy,0.3,1.95
Canidae,Canis,lupus,28023,NA,Canis,mosbachensis,NOW,45.11666667,14.0025,Europe,Italy,0.3,1.95
Canidae,Canis,lupus,22920,NA,Canis,mosbachensis,NOW,37.733,-2.383,Europe,Spain,0.3,1.95
Canidae,Canis,lupus,NA,20434,Canis,lupus,PaleoDB,68.2,-140,NorthAmerica,Canada,0.3,1.8
Canidae,Canis,lupus,NA,20297,Canis,lupus,PaleoDB,64.8,-147.8,NorthAmerica,United_States,0.3,1.8
Canidae,Canis,lupus,NA,20346,Canis,lupus,PaleoDB,64.8,-147.8,NorthAmerica,United_States,0.3,1.8
Canidae,Canis,lupus,NA,13066,Canis,lupus,PaleoDB,34.2,-84.8,NorthAmerica,United_States,0.3,0.3
Canidae,Canis,lupus,NA,20556,Canis,lupus,PaleoDB,42,-96,NorthAmerica,United_States,0.4,0.4
Canidae,Canis,lupus,27464,NA,Canis,mosbachensis,NOW,47.408986,6.3914463,Europe,France,0.427,0.568
Canidae,Canis,lupus,24099,NA,Canis,lupus,NOW,25.6272,104.7333333,Asia,China,0.6,1.3
Canidae,Canis,lupus,24101,NA,Canis,lupus,NOW,28.1375,106.82,Asia,China,0.6,1.3
Canidae,Canis,lupus,22326,NA,Canis,mosbachensis,NOW,42.333,-3.5,Europe,Spain,0.659,0.787
Canidae,Canis,lupus,21051,NA,Canis,mosbachensis,NOW,50.15,14.58333333,Europe,Czech_Republic,0.76,0.787
Canidae,Canis,lupus,27811,NA,Canis,mosbachensis,NOW,49.76844,8.269213,Europe,Germany,0.78,1.95
Canidae,Canis,lupus,NA,71060,Canis,lupus,PaleoDB,47.766667,107.283333,Asia,Mongolia,0.781,2.588
Canidae,Canis,lupus,21190,NA,Canis,lupus,NOW,47.2333,39.71388889,Europe,Russia,1.81,2.07
Canidae,Canis,lupus,NA,76530,Canis,lupus,PaleoDB,47.233333,39.715,Europe,Russia,2.588,3.6
Canidae,Canis,mesomelas,NA,96973,Canis,mesomelas,PaleoDB,-34.1,23.4,Africa,South_Africa,0,0.012
Canidae,Canis,mesomelas,28094,NA,Canis,mesomelas,NOW,-23.55,29.2,Africa,South_Africa,0.01,0.126
Canidae,Canis,mesomelas,28091,NA,Canis,mesomelas,NOW,-33.05,18.36666667,Africa,South_Africa,0.01,1.95
Canidae,Canis,mesomelas,26933,NA,Canis,mesomelas,NOW,-26.08333333,27.76666667,Africa,South_Africa,0.01,5.3
Canidae,Canis,mesomelas,26913,NA,Canis,mesomelas,NOW,-26.08333333,27.76666667,Africa,South_Africa,0.01,1.95
Canidae,Canis,mesomelas,26914,NA,Canis,mesomelas,NOW,-26.08333333,27.76666667,Africa,South_Africa,0.01,1.95
Canidae,Canis,mesomelas,26915,NA,Canis,mesomelas,NOW,-26.08361111,27.76666667,Africa,South_Africa,0.01,1.95
Canidae,Canis,mesomelas,26916,NA,Canis,mesomelas,NOW,-26.08333333,27.76694444,Africa,South_Africa,0.01,1.95
Canidae,Canis,mesomelas,26945,NA,Canis,mesomelas,NOW,-3.166666667,35.16666667,Africa,Tanzania,0.01,1.95
Canidae,Canis,mesomelas,NA,96974,Canis,mesomelas,PaleoDB,-34.101558,23.3676667,Africa,South_Africa,0.012,0.126
Canidae,Canis,mesomelas,NA,115167,Canis,mesomelas,PaleoDB,-34.408664,21.1951879,Africa,South_Africa,0.012,0.126
Canidae,Canis,mesomelas,NA,115184,Canis,mesomelas,PaleoDB,-29.768506,16.5769417,Africa,South_Africa,0.012,0.126
Canidae,Canis,mesomelas,NA,115191,Canis,mesomelas,PaleoDB,-32.38705,18.4527278,Africa,South_Africa,0.012,2.588
Canidae,Canis,mesomelas,NA,115205,Canis,mesomelas,PaleoDB,-33.333333,18.15,Africa,South_Africa,0.012,2.588
Canidae,Canis,mesomelas,NA,115188,Canis,mesomelas,PaleoDB,-33.029167,17.960278,Africa,South_Africa,0.126,0.781
Canidae,Canis,mesomelas,NA,32051,Canis,mesomelas,PaleoDB,4.083333,36.35,Africa,Kenya,0.781,2.588
Canidae,Canis,mesomelas,23871,NA,Canis,mesomelas,NOW,-28,26,Africa,South_Africa,0.8,1.8
Canidae,Canis,mesomelas,23864,NA,Canis,mesomelas,NOW,-26.083,27.767,Africa,South_Africa,0.8,1.8
Canidae,Canis,mesomelas,23858,NA,Canis,mesomelas,NOW,-2.986670251,35.34683704,Africa,Tanzania,1.785,1.845
Canidae,Canis,mesomelas,23868,NA,Canis,mesomelas,NOW,-24.15805556,29.16666667,Africa,South_Africa,1.81,2.59
Canidae,Canis,mesomelas,26930,NA,Canis,mesomelas,NOW,-24.15027778,29.16666667,Africa,South_Africa,1.81,2.59
Canidae,Canis,mesomelas,23865,NA,Canis,mesomelas,NOW,-27.517,24.767,Africa,South_Africa,1.95,2.6
Canidae,Canis,mesomelas,23867,NA,Canis,mesomelas,NOW,-26.083,27.767,Africa,South_Africa,2.6,4.2
Canidae,Canis,mesomelas,23670,NA,Canis,mesomelas,NOW,11.10698952,40.49423218,Africa,Ethiopia,3.2,3.446
Canidae,Canis,pinjorensis,27009,NA,Canis,pinjorensis,NOW,30.78333333,76.91666667,Asia,India,0.63,2
Canidae,Canis,rufus,NA,86852,Canis,rufus,PaleoDB,34.741389,-86.343889,NorthAmerica,United_States,0.012,2.588
Canidae,Canis,rufus,NA,154805,Canis,rufus,PaleoDB,29.4075,-82.476389,NorthAmerica,United_States,0.012,0.126
Canidae,Canis,rufus,NA,20506,Canis,rufus,PaleoDB,36.5,-107,NorthAmerica,United_States,0.3,1.8
Canidae,Canis,rufus,NA,20302,Canis,rufus,PaleoDB,39.6,-78.7,NorthAmerica,United_States,0.8,0.9
Canidae,Canis,rufus,NA,20121,Canis,rufus,PaleoDB,32.9,-117.1,NorthAmerica,United_States,1.8,1.9
Canidae,Canis,rufus,NA,20120,Canis,rufus,PaleoDB,32.9,-117.1,NorthAmerica,United_States,1.9,2
Canidae,Canis,rufus,NA,20115,Canis,rufus,PaleoDB,32.9,-117.1,NorthAmerica,United_States,2,2
Canidae,Canis,teilhardi,27076,NA,Canis,teilhardi,NOW,35.51666667,103.5,Asia,China,1.95,2.6
Canidae,Canis,thooides,10975,NA,Canis,thooides,NOW,33.448457,-112.073844,NorthAmerica,United_States,1.9,2.5
Canidae,Canis,thooides,NA,19656,Canis,thooides,PaleoDB,33,-109.6,NorthAmerica,United_States,3,3
Canidae,Carpocyon,compressus,NA,18112,Carpocyon,compressus,PaleoDB,42.8,-100.8,NorthAmerica,United_States,10.3,15.97
Canidae,Carpocyon,compressus,10456,NA,Carpocyon,compressus,NOW,42.6425,-100.064444,NorthAmerica,United_States,12.1,12.5
Canidae,Carpocyon,compressus,10453,NA,Carpocyon,compressus,NOW,42.784444,-100.035278,NorthAmerica,United_States,12.5,14.8
Canidae,Carpocyon,compressus,10454,NA,Carpocyon,compressus,NOW,42.826667,-97.636389,NorthAmerica,United_States,12.5,14.8
Canidae,Carpocyon,compressus,10479,NA,Carpocyon,compressus,NOW,39.055833,-95.689444,NorthAmerica,United_States,12.5,14.8
Canidae,Carpocyon,compressus,10371,NA,Carpocyon,compressus,NOW,39.739167,-104.984722,NorthAmerica,United_States,12.5,14.8
Canidae,Carpocyon,compressus,10372,NA,Carpocyon,compressus,NOW,40.815278,-104.065833,NorthAmerica,United_States,12.5,14.8
Canidae,Carpocyon,compressus,NA,18070,Carpocyon,compressus,PaleoDB,42.7,-100,NorthAmerica,United_States,12.7,13.1
Canidae,Carpocyon,compressus,NA,18270,Carpocyon,compressus,PaleoDB,42.7,-100,NorthAmerica,United_States,12.7,13.8
Canidae,Carpocyon,compressus,NA,18373,Carpocyon,compressus,PaleoDB,39.6,-99.7,NorthAmerica,United_States,12.7,13.1
Canidae,Carpocyon,compressus,NA,18192,Carpocyon,compressus,PaleoDB,40.2,-101.1,NorthAmerica,United_States,13.6,15.97
Canidae,Carpocyon,compressus,NA,18209,Carpocyon,compressus,PaleoDB,42.9,-98.8,NorthAmerica,United_States,13.6,15.97
Canidae,Carpocyon,compressus,NA,18284,Carpocyon,compressus,PaleoDB,42.783333,-100.033333,NorthAmerica,United_States,13.6,15.97
Canidae,Carpocyon,compressus,NA,18442,Carpocyon,compressus,PaleoDB,42.8,-100.8,NorthAmerica,United_States,13.6,15.97
Canidae,Carpocyon,compressus,NA,18123,Carpocyon,compressus,PaleoDB,42.7,-100,NorthAmerica,United_States,13.6,15.97
Canidae,Carpocyon,compressus,NA,18124,Carpocyon,compressus,PaleoDB,42.7,-100,NorthAmerica,United_States,13.6,15.97
Canidae,Carpocyon,compressus,NA,18132,Carpocyon,compressus,PaleoDB,42.7,-100,NorthAmerica,United_States,13.6,15.97
Canidae,Carpocyon,compressus,NA,18173,Carpocyon,compressus,PaleoDB,42.8,-100.8,NorthAmerica,United_States,13.6,15.97
Canidae,Carpocyon,compressus,NA,18205,Carpocyon,compressus,PaleoDB,42.7,-100,NorthAmerica,United_States,13.6,15.97
Canidae,Carpocyon,compressus,NA,18285,Carpocyon,compressus,PaleoDB,42.8,-99.7,NorthAmerica,United_States,13.6,15.97
Canidae,Carpocyon,compressus,NA,18286,Carpocyon,compressus,PaleoDB,42.8,-100.8,NorthAmerica,United_States,13.6,15.97
Canidae,Carpocyon,compressus,NA,19088,Carpocyon,compressus,PaleoDB,38.25,-117.9,NorthAmerica,United_States,13.6,15.97
Canidae,Carpocyon,compressus,NA,18203,Carpocyon,compressus,PaleoDB,40.8,-104.2,NorthAmerica,United_States,13.7,13.8
Canidae,Carpocyon,compressus,10674,NA,Carpocyon,compressus,NOW,38.586111,-117.926389,NorthAmerica,United_States,14.8,16
Canidae,Carpocyon,Genus_Only,NA,18819,Carpocyon,sp.,PaleoDB,43.6,-117.5,NorthAmerica,United_States,5.332,23.03
Canidae,Carpocyon,Genus_Only,10465,NA,Carpocyon,indet.,NOW,42.694167,-100.856389,NorthAmerica,United_States,9,12.1
Canidae,Carpocyon,Genus_Only,11162,NA,Carpocyon,indet.,NOW,35.065833,-100.909722,NorthAmerica,United_States,10.1,12.1
Canidae,Carpocyon,Genus_Only,10374,NA,Carpocyon,indet.,NOW,40.57861,-103.35778,NorthAmerica,United_States,12.5,14.8
Canidae,Carpocyon,Genus_Only,11034,NA,Carpocyon,indet.,NOW,35.824722,-105.978611,NorthAmerica,United_States,12.5,14.8
Canidae,Carpocyon,Genus_Only,11037,NA,Carpocyon,indet.,NOW,36.078611,-106.086389,NorthAmerica,United_States,12.5,14.8
Canidae,Carpocyon,Genus_Only,NA,18206,Carpocyon,sp.,PaleoDB,41.5,-103.8,NorthAmerica,United_States,13.6,15.97
Canidae,Carpocyon,Genus_Only,NA,27481,Carpocyon,sp.,PaleoDB,40.528,-98.9606,NorthAmerica,United_States,13.6,15.97
Canidae,Carpocyon,limosus,10575,NA,Carpocyon,limosus,NOW,28.18222,-81.82417,NorthAmerica,United_States,4.9,5.9
Canidae,Carpocyon,limosus,NA,18034,Carpocyon,limosus,PaleoDB,36.1,-99.8,NorthAmerica,United_States,4.9,10.3
Canidae,Carpocyon,limosus,10470,NA,Carpocyon,limosus,NOW,42.730278,-99.579444,NorthAmerica,United_States,5.9,6.8
Canidae,Carpocyon,limosus,11155,NA,Carpocyon,limosus,NOW,36.094444,-99.928333,NorthAmerica,United_States,7.6,9
Canidae,Carpocyon,limosus,NA,18573,Carpocyon,limosus,PaleoDB,27.683333,-81.95,NorthAmerica,United_States,7.8,7.9
Canidae,Carpocyon,limosus,NA,35430,Carpocyon,limosus,PaleoDB,42.783333,-99.6,NorthAmerica,United_States,9.1,9.2
Canidae,Carpocyon,robustus,10465,NA,Carpocyon,robustus,NOW,42.694167,-100.856389,NorthAmerica,United_States,9,12.1
Canidae,Carpocyon,robustus,10364,NA,Carpocyon,robustus,NOW,40.570833,-108.6325,NorthAmerica,United_States,9,10.1
Canidae,Carpocyon,robustus,10643,NA,Carpocyon,robustus,NOW,35.385,-117.988056,NorthAmerica,United_States,9,12.1
Canidae,Carpocyon,robustus,10960,NA,Carpocyon,robustus,NOW,34.32,-112.498333,NorthAmerica,United_States,9,12.5
Canidae,Carpocyon,robustus,10448,NA,Carpocyon,robustus,NOW,40.0575,-100.883056,NorthAmerica,United_States,10.1,12.1
Canidae,Carpocyon,robustus,10462,NA,Carpocyon,robustus,NOW,42.421111,-98.156667,NorthAmerica,United_States,10.1,12.1
Canidae,Carpocyon,robustus,10405,NA,Carpocyon,robustus,NOW,43.119444,-101.930833,NorthAmerica,United_States,10.1,12.1
Canidae,Carpocyon,robustus,10642,NA,Carpocyon,robustus,NOW,35.393889,-117.944444,NorthAmerica,United_States,10.1,12.1
Canidae,Carpocyon,robustus,11162,NA,Carpocyon,robustus,NOW,35.065833,-100.909722,NorthAmerica,United_States,10.1,12.1
Canidae,Carpocyon,robustus,NA,18048,Carpocyon,robustus,PaleoDB,42.8,-100.8,NorthAmerica,United_States,11.5,11.8
Canidae,Carpocyon,robustus,NA,18053,Carpocyon,robustus,PaleoDB,42.8,-100.8,NorthAmerica,United_States,11.5,11.8
Canidae,Carpocyon,robustus,NA,18321,Carpocyon,robustus,PaleoDB,42.8,-100.8,NorthAmerica,United_States,11.5,11.6
Canidae,Carpocyon,robustus,NA,18986,Carpocyon,robustus,PaleoDB,40.6,-108.1,NorthAmerica,United_States,11.5,11.9
Canidae,Carpocyon,robustus,NA,18227,Carpocyon,robustus,PaleoDB,42.8,-100.8,NorthAmerica,United_States,11.6,11.6
Canidae,Carpocyon,robustus,NA,18458,Carpocyon,robustus,PaleoDB,42.8,-100.8,NorthAmerica,United_States,11.6,11.6
Canidae,Carpocyon,robustus,NA,19436,Carpocyon,robustus,PaleoDB,34.5,-112.5,NorthAmerica,United_States,11.6,11.6
Canidae,Carpocyon,robustus,NA,18268,Carpocyon,robustus,PaleoDB,43.4,-100.6,NorthAmerica,United_States,11.7,11.7
Canidae,Carpocyon,robustus,NA,19517,Carpocyon,robustus,PaleoDB,35.3,-118.5,NorthAmerica,United_States,11.7,11.7
Canidae,Carpocyon,robustus,NA,18200,Carpocyon,robustus,PaleoDB,43.2,-100.7,NorthAmerica,United_States,11.7,11.9
Canidae,Carpocyon,robustus,NA,18447,Carpocyon,robustus,PaleoDB,42.8,-100.8,NorthAmerica,United_States,11.7,11.7
Canidae,Carpocyon,robustus,NA,18355,Carpocyon,robustus,PaleoDB,35,-100.8,NorthAmerica,United_States,11.9,11.9
Canidae,Carpocyon,webbi,NA,19186,Carpocyon,webbi,PaleoDB,36.5,-107,NorthAmerica,United_States,4.9,10.3
Canidae,Carpocyon,webbi,10644,NA,Carpocyon,webbi,NOW,35.453611,-118.100278,NorthAmerica,United_States,7.6,9
Canidae,Carpocyon,webbi,10462,NA,Carpocyon,webbi,NOW,42.421111,-98.156667,NorthAmerica,United_States,10.1,12.1
Canidae,Carpocyon,webbi,11048,NA,Carpocyon,webbi,NOW,35.955,-106.120833,NorthAmerica,United_States,10.1,12.1
Canidae,Carpocyon,webbi,NA,18419,Carpocyon,webbi,PaleoDB,42.8,-100.8,NorthAmerica,United_States,11.6,13.1
Canidae,Carpocyon,webbi,NA,18079,Carpocyon,webbi,PaleoDB,42.8,-100.8,NorthAmerica,United_States,11.9,12.3
Canidae,Carpocyon,webbi,NA,18148,Carpocyon,webbi,PaleoDB,42.8,-100.8,NorthAmerica,United_States,11.9,12.3
Canidae,Carpocyon,webbi,NA,18077,Carpocyon,webbi,PaleoDB,42.8,-100.8,NorthAmerica,United_States,12,12
Canidae,Carpocyon,webbi,NA,18466,Carpocyon,webbi,PaleoDB,42.7,-100,NorthAmerica,United_States,12,12.3
Canidae,Carpocyon,webbi,10456,NA,Carpocyon,webbi,NOW,42.6425,-100.064444,NorthAmerica,United_States,12.1,12.5
Canidae,Carpocyon,webbi,NA,18217,Carpocyon,webbi,PaleoDB,42.7,-100,NorthAmerica,United_States,12.2,12.3
Canidae,Carpocyon,webbi,NA,18242,Carpocyon,webbi,PaleoDB,42.7,-100,NorthAmerica,United_States,12.2,12.3
Canidae,Carpocyon,webbi,NA,18260,Carpocyon,webbi,PaleoDB,42.8,-100.8,NorthAmerica,United_States,12.3,12.3
Canidae,Carpocyon,webbi,11034,NA,Carpocyon,webbi,NOW,35.824722,-105.978611,NorthAmerica,United_States,12.5,14.8
Canidae,Carpocyon,webbi,11038,NA,Carpocyon,webbi,NOW,36.390833,-106.044167,NorthAmerica,United_States,12.5,14.8
Canidae,Carpocyon,webbi,NA,19287,Carpocyon,webbi,PaleoDB,36.5,-107,NorthAmerica,United_States,13.6,15.97
Canidae,Carpocyon,webbi,NA,19535,Carpocyon,webbi,PaleoDB,35.5,-106.2,NorthAmerica,United_States,13.6,15.97
Canidae,Cerdocyon,avius,10128,NA,Cerdocyon,avius,NOW,23,-112,NorthAmerica,Mexico,2.5,4.9
Canidae,Cerdocyon,avius,NA,154118,Cerdocyon,avius,PaleoDB,23.166667,-109.616667,NorthAmerica,Mexico,2.588,5.332
Canidae,Cerdocyon,avius,NA,19673,Cerdocyon,avius,PaleoDB,23.3,-109.6,NorthAmerica,Mexico,3.6,3.6
Canidae,Cerdocyon,Genus_Only,10126,NA,Cerdocyon,sp.,NOW,30.55,-115.166667,NorthAmerica,Mexico,1.9,4.9
Canidae,Cerdocyon,texanus,NA,20035,Cerdocyon,texanus,PaleoDB,35.7,-102.3,NorthAmerica,United_States,2.2,4.6
Canidae,Cerdocyon,texanus,11052,NA,Cerdocyon,texanus,NOW,35.667222,-105.964444,NorthAmerica,United_States,4.9,5.9
Canidae,Cerdocyon,texanus,11158,NA,Cerdocyon,texanus,NOW,35.4823,-97.5352,NorthAmerica,United_States,4.9,5.9
Canidae,Cerdocyon,texanus,NA,19602,Cerdocyon,texanus,PaleoDB,33,-108.5,NorthAmerica,United_States,8.1,10.1
Canidae,Cerdocyon,thous,NA,148309,Cerdocyon,thous,PaleoDB,-5.666667,-37.833333,SouthAmerica,Brazil,0,0.126
Canidae,Chrysocyon,brachyurus,NA,92814,Chrysocyon,brachyurus,PaleoDB,-21.133333,-56.583333,SouthAmerica,Brazil,0,2.588
Canidae,Chrysocyon,brachyurus,NA,92814,Chrysocyon,sp.,PaleoDB,-21.133333,-56.583333,SouthAmerica,Brazil,0,2.588
Canidae,Chrysocyon,brachyurus,NA,70673,Chrysocyon,brachyurus,PaleoDB,-21.533333,-64.733333,SouthAmerica,Bolivia,0.781,2.588
Canidae,Chrysocyon,nearcticus,NA,19743,Chrysocyon,nearcticus,PaleoDB,33.9,-117,NorthAmerica,United_States,1.8,4.9
Canidae,Chrysocyon,nearcticus,10112,NA,Chrysocyon,nearcticus,NOW,38.555605,-121.468926,NorthAmerica,United_States,1.9,2.5
Canidae,Chrysocyon,nearcticus,11142,NA,Chrysocyon,nearcticus,NOW,28,-107.25,NorthAmerica,Mexico,2.5,4.9
Canidae,Chrysocyon,nearcticus,10976,NA,Chrysocyon,nearcticus,NOW,33.101667,-109.268611,NorthAmerica,United_States,2.5,4.9
Canidae,Chrysocyon,nearcticus,NA,19654,Chrysocyon,nearcticus,PaleoDB,32.7,-109.1,NorthAmerica,United_States,3.2,3.2
Canidae,Cormocyon,copei,NA,19091,Cormocyon,copei,PaleoDB,40.2,-106.1,NorthAmerica,United_States,5.332,23.03
Canidae,Cormocyon,copei,10550,NA,Cormocyon,copei,NOW,28.641944,-82.4275,NorthAmerica,United_States,19.5,23
Canidae,Cormocyon,copei,NA,93078,Cormocyon,copei,PaleoDB,44.666667,-119.633333,NorthAmerica,United_States,20.43,30.8
Canidae,Cormocyon,copei,NA,93079,Cormocyon,copei,PaleoDB,44.7,-119.633333,NorthAmerica,United_States,20.43,30.8
Canidae,Cormocyon,copei,10909,NA,Cormocyon,copei,NOW,44.930833,-123.028889,NorthAmerica,United_States,23,28.1
Canidae,Cormocyon,copei,NA,17764,Cormocyon,copei,PaleoDB,29.8,-82.1,NorthAmerica,United_States,23,23.1
Canidae,Cormocyon,copei,NA,18902,Cormocyon,copei,PaleoDB,40.2,-106.1,NorthAmerica,United_States,23,23
Canidae,Cormocyon,copei,NA,119837,Cormocyon,copei,PaleoDB,46.666667,-121.116667,NorthAmerica,United_States,24.8,26.3
Canidae,Cormocyon,copei,NA,119838,Cormocyon,copei,PaleoDB,46.666667,-121.133333,NorthAmerica,United_States,24.8,26.3
Canidae,Cormocyon,copei,NA,17603,Cormocyon,copei,PaleoDB,44.7,-119.633333,NorthAmerica,United_States,25.5,25.6
Canidae,Cormocyon,copei,NA,17537,Cormocyon,copei,PaleoDB,44.666667,-119.65,NorthAmerica,United_States,25.7,25.9
Canidae,Cormocyon,copei,NA,17474,Cormocyon,copei,PaleoDB,41.7,-103.1,NorthAmerica,United_States,26.3,30.8
Canidae,Cormocyon,copei,10907,NA,Cormocyon,copei,NOW,44.664722,-119.667778,NorthAmerica,United_States,28.1,30
Canidae,Cormocyon,copei,10908,NA,Cormocyon,copei,NOW,44.930833,-123.028889,NorthAmerica,United_States,28.1,30
Canidae,Cormocyon,Genus_Only,10848,NA,Cormocyon,indet.,NOW,46.595805,-112.027031,NorthAmerica,United_States,23,28.1
Canidae,Cormocyon,Genus_Only,10850,NA,Cormocyon,indet.,NOW,46.6525,-111.694167,NorthAmerica,United_States,23,28.1
Canidae,Cormocyon,Genus_Only,NA,17610,Cormocyon,sp.,PaleoDB,43.3,-102.5,NorthAmerica,United_States,26.3,30.8
Canidae,Cormocyon,haydeni,10313,NA,Cormocyon,haydeni,NOW,41.691389,-104.743611,NorthAmerica,United_States,18.8,19.5
Canidae,Cormocyon,haydeni,10395,NA,Cormocyon,haydeni,NOW,43.464167,-101.655278,NorthAmerica,United_States,19.5,23
Canidae,Cormocyon,haydeni,NA,17779,Cormocyon,haydeni,PaleoDB,43.5,-101.9,NorthAmerica,United_States,20.43,24.8
Canidae,Cormocyon,haydeni,NA,17819,Cormocyon,haydeni,PaleoDB,42.4,-103.8,NorthAmerica,United_States,22.6,22.6
Canidae,Cormocyon,haydeni,10312,NA,Cormocyon,haydeni,NOW,42.6525,-104.823611,NorthAmerica,United_States,23,28.1
Canidae,Cormocyon,haydeni,10394,NA,Cormocyon,haydeni,NOW,43.18,-102.419722,NorthAmerica,United_States,23,28.1
Canidae,Cormocyon,haydeni,NA,17794,Cormocyon,haydeni,PaleoDB,43,-104.5,NorthAmerica,United_States,23.5,23.5
Canidae,Cormocyon,haydeni,NA,17452,Cormocyon,haydeni,PaleoDB,43.3,-102.5,NorthAmerica,United_States,24,24
Canidae,Cormocyon,haydeni,NA,17472,Cormocyon,haydeni,PaleoDB,42,-104.2,NorthAmerica,United_States,24.9,25
Canidae,Cormocyon,haydeni,10307,NA,Cormocyon,haydeni,NOW,42.671944,-104.755556,NorthAmerica,United_States,28.1,30
Canidae,Cormocyon,haydeni,10383,NA,Cormocyon,haydeni,NOW,43.5,-103,NorthAmerica,United_States,34.7,35.7
Canidae,Cuon,alpinus,24096,NA,Cuon,alpinus,NOW,39.6833,115.9347,Asia,China,0,0.7
Canidae,Cuon,alpinus,24111,NA,Cuon,antiquus,NOW,24.1831,109.4322,Asia,China,0,0.7
Canidae,Cuon,alpinus,24111,NA,Cuon,javanicus,NOW,24.1831,109.4322,Asia,China,0,0.7
Canidae,Cuon,alpinus,24111,NA,Cuon,simplicidens,NOW,24.1831,109.4322,Asia,China,0,0.7
Canidae,Cuon,alpinus,27120,NA,Cuon,javanicus,NOW,-7.376111111,110.26,Asia,Indonesia,0,0.01
Canidae,Cuon,alpinus,27237,NA,Cuon,simplicidens,NOW,35.85333333,104.2047222,Asia,China,0.01,1.95
Canidae,Cuon,alpinus,27010,NA,Cuon,alpinus,NOW,28,80,Asia,India,0.01,1.95
Canidae,Cuon,alpinus,27965,NA,Cuon,alpinus,NOW,22.82055556,77.85388889,Asia,India,0.01,1.95
Canidae,Cuon,alpinus,27964,NA,Cuon,alpinus,NOW,26.95916667,81.33972222,Asia,India,0.01,1.95
Canidae,Cuon,alpinus,27254,NA,Cuon,alpinus,NOW,-0.172222222,101.4288889,Asia,Indonesia,0.01,1.95
Canidae,Cuon,alpinus,27298,NA,Cuon,alpinus,NOW,19.84083333,102.6294444,Asia,Laos,0.01,1.95
Canidae,Cuon,alpinus,27253,NA,Cuon,alpinus,NOW,3.832222222,113.7155556,Asia,Malaysia,0.01,1.95
Canidae,Cuon,alpinus,27976,NA,Cuon,javanicus,NOW,6.709722222,80.38611111,Asia,Sri_Lanka,0.01,1.95
Canidae,Cuon,alpinus,27242,NA,Cuon,alpinus,NOW,14.05694444,108.1205556,Asia,Vietnam,0.01,1.95
Canidae,Cuon,alpinus,27250,NA,Cuon,alpinus,NOW,13.81472222,107.8538889,Asia,Vietnam,0.01,1.95
Canidae,Cuon,alpinus,27242,NA,Cuon,indet.,NOW,14.05694444,108.1205556,Asia,Vietnam,0.01,1.95
Canidae,Cuon,alpinus,27250,NA,Cuon,indet.,NOW,13.81472222,107.8538889,Asia,Vietnam,0.01,1.95
Canidae,Cuon,alpinus,24937,NA,Cuon,indet.,NOW,20.6228,105.2778,Asia,Vietnam,0.01,1.95
Canidae,Cuon,alpinus,27997,NA,Cuon,alpinus,NOW,42.29888889,44.05666667,Europe,Georgia,0.01,1.95
Canidae,Cuon,alpinus,28001,NA,Cuon,alpinus,NOW,42.29888889,44.05666667,Europe,Georgia,0.01,1.95
Canidae,Cuon,alpinus,NA,37203,Cuon,alpinus,PaleoDB,34.166667,109.25,Asia,China,0.012,2.588
Canidae,Cuon,alpinus,NA,92787,Cuon,javanicus,PaleoDB,33.134167,110.217778,Asia,China,0.012,0.126
Canidae,Cuon,alpinus,NA,13293,Cuon,sp.,PaleoDB,22.766667,111.566667,Asia,China,0.012,0.781
Canidae,Cuon,alpinus,NA,120834,Cuon,javanicus,PaleoDB,24.674167,113.580556,Asia,China,0.126,0.781
Canidae,Cuon,alpinus,NA,92781,Cuon,sp.,PaleoDB,21.95,106.366667,Asia,Vietnam,0.126,0.781
Canidae,Cuon,alpinus,22328,NA,Cuon,alpinus,NOW,42.333,-3.5,Europe,Spain,0.129,0.364
Canidae,Cuon,alpinus,22329,NA,Cuon,alpinus,NOW,42.333,-3.5,Europe,Spain,0.129,0.364
Canidae,Cuon,alpinus,22333,NA,Cuon,alpinus,NOW,42.33333333,-3.5,Europe,Spain,0.129,0.364
Canidae,Cuon,alpinus,22339,NA,Cuon,alpinus,NOW,42.33333333,-3.5,Europe,Spain,0.129,0.364
Canidae,Cuon,alpinus,24083,NA,Cuon,indet.,NOW,34.355,109.5177778,Asia,China,0.6,1.3
Canidae,Cuon,alpinus,24112,NA,Cuon,javanicus,NOW,24.3125,109.3886,Asia,China,0.6,1.3
Canidae,Cuon,alpinus,24101,NA,Cuon,javanicus,NOW,28.1375,106.82,Asia,China,0.6,1.3
Canidae,Cuon,alpinus,24140,NA,Cuon,javanicus,NOW,23.605,107.1219,Asia,China,0.6,1.3
Canidae,Cuon,alpinus,24082,NA,Cuon,javanicus,NOW,30.8166667,108.35,Asia,China,0.6,1.3
Canidae,Cuon,alpinus,24141,NA,Cuon,alpinus,NOW,19.3667,98.9667,Asia,Thailand,0.6,1.3
Canidae,Cuon,alpinus,24044,NA,Cuon,indet.,NOW,21.9833,106.4833333,Asia,Vietnam,0.6,1.3
Canidae,Cuon,alpinus,24041,NA,Cuon,indet.,NOW,21.95,106.5,Asia,Vietnam,0.6,1.3
Canidae,Cuon,alpinus,24043,NA,Cuon,indet.,NOW,20.25,105.1666667,Asia,Vietnam,0.6,1.3
Canidae,Cuon,alpinus,24085,NA,Cuon,alpinus,NOW,36.2,109.35,Asia,China,0.659,0.712
Canidae,Cuon,alpinus,27811,NA,Cuon,stehlini,NOW,49.76844,8.269213,Europe,Germany,0.78,1.95
Canidae,Cuon,alpinus,24094,NA,Cuon,alpinus,NOW,39.6833,115.9347,Asia,China,1.2,1.8
Canidae,Cuon,alpinus,27674,NA,Cuon,antiquus,NOW,22.275,107.5111111,Asia,China,1.2,1.2
Canidae,Cuon,alpinus,24045,NA,Cuon,alpinus,NOW,21.8333,104.8333333,Asia,Vietnam,1.2,1.8
Canidae,Cuon,alpinus,24045,NA,Cuon,indet.,NOW,21.8333,104.8333333,Asia,Vietnam,1.2,1.8
Canidae,Cuon,alpinus,24046,NA,Cuon,indet.,NOW,21.8333,104.8333333,Asia,Vietnam,1.2,1.8
Canidae,Cuon,alpinus,24045,NA,Cuon,javanicus,NOW,21.8333,104.8333333,Asia,Vietnam,1.2,1.8
Canidae,Cynarctoides,acridens,NA,17976,Cynarctoides,acridens,PaleoDB,42.683333,-102.85,NorthAmerica,United_States,13.6,15.97
Canidae,Cynarctoides,acridens,NA,19616,Cynarctoides,acridens,PaleoDB,34.8,-117,NorthAmerica,United_States,13.6,15.97
Canidae,Cynarctoides,acridens,10441,NA,Cynarctoides,acridens,NOW,42.160833,-103.725833,NorthAmerica,United_States,14.8,16
Canidae,Cynarctoides,acridens,10442,NA,Cynarctoides,acridens,NOW,42.690278,-102.840278,NorthAmerica,United_States,14.8,16
Canidae,Cynarctoides,acridens,10637,NA,Cynarctoides,acridens,NOW,35.0975,-116.62,NorthAmerica,United_States,14.8,16
Canidae,Cynarctoides,acridens,10638,NA,Cynarctoides,acridens,NOW,35.032222,-117.052778,NorthAmerica,United_States,14.8,16
Canidae,Cynarctoides,acridens,11032,NA,Cynarctoides,acridens,NOW,35.978333,-105.988333,NorthAmerica,United_States,14.8,16
Canidae,Cynarctoides,acridens,NA,19530,Cynarctoides,acridens,PaleoDB,34.8,-117,NorthAmerica,United_States,15,15.1
Canidae,Cynarctoides,acridens,NA,19547,Cynarctoides,acridens,PaleoDB,35.5,-106.2,NorthAmerica,United_States,15.2,15.2
Canidae,Cynarctoides,acridens,NA,19449,Cynarctoides,acridens,PaleoDB,35.5,-106.2,NorthAmerica,United_States,15.3,15.3
Canidae,Cynarctoides,acridens,NA,19188,Cynarctoides,acridens,PaleoDB,35.7,-107,NorthAmerica,United_States,15.97,20.43
Canidae,Cynarctoides,acridens,NA,19312,Cynarctoides,acridens,PaleoDB,35.7,-107,NorthAmerica,United_States,15.97,20.43
Canidae,Cynarctoides,acridens,NA,17895,Cynarctoides,acridens,PaleoDB,42.2,-103.1,NorthAmerica,United_States,15.97,20.43
Canidae,Cynarctoides,acridens,NA,17880,Cynarctoides,acridens,PaleoDB,42.4,-103.8,NorthAmerica,United_States,15.97,20.43
Canidae,Cynarctoides,acridens,NA,17929,Cynarctoides,acridens,PaleoDB,42.2,-103.1,NorthAmerica,United_States,15.97,20.43
Canidae,Cynarctoides,acridens,NA,17971,Cynarctoides,acridens,PaleoDB,42.4,-103.8,NorthAmerica,United_States,15.97,20.43
Canidae,Cynarctoides,acridens,NA,17993,Cynarctoides,acridens,PaleoDB,42.8,-103.1,NorthAmerica,United_States,15.97,20.43
Canidae,Cynarctoides,acridens,10436,NA,Cynarctoides,acridens,NOW,42.399722,-103.030556,NorthAmerica,United_States,16,17.5
Canidae,Cynarctoides,acridens,10437,NA,Cynarctoides,acridens,NOW,42.175,-103.7375,NorthAmerica,United_States,16,17.5
Canidae,Cynarctoides,acridens,10438,NA,Cynarctoides,acridens,NOW,42.178333,-103.755278,NorthAmerica,United_States,16,17.5
Canidae,Cynarctoides,acridens,10439,NA,Cynarctoides,acridens,NOW,42.653889,-102.785278,NorthAmerica,United_States,16,17.5
Canidae,Cynarctoides,acridens,10319,NA,Cynarctoides,acridens,NOW,42.446389,-107.556667,NorthAmerica,United_States,16,17.5
Canidae,Cynarctoides,acridens,11030,NA,Cynarctoides,acridens,NOW,35.91666,-106.16666,NorthAmerica,United_States,16,17.5
Canidae,Cynarctoides,acridens,NA,17955,Cynarctoides,acridens,PaleoDB,42.4,-103.8,NorthAmerica,United_States,16.4,16.5
Canidae,Cynarctoides,acridens,NA,17985,Cynarctoides,acridens,PaleoDB,42.4,-103.8,NorthAmerica,United_States,16.4,16.5
Canidae,Cynarctoides,acridens,NA,17987,Cynarctoides,acridens,PaleoDB,42.4,-103.8,NorthAmerica,United_States,17.3,17.6
Canidae,Cynarctoides,acridens,10433,NA,Cynarctoides,acridens,NOW,42.750833,-102.022222,NorthAmerica,United_States,17.5,18.8
Canidae,Cynarctoides,acridens,10434,NA,Cynarctoides,acridens,NOW,41.809167,-103.1025,NorthAmerica,United_States,17.5,18.8
Canidae,Cynarctoides,acridens,10357,NA,Cynarctoides,acridens,NOW,40.901667,-103.269722,NorthAmerica,United_States,17.5,18.8
Canidae,Cynarctoides,acridens,10938,NA,Cynarctoides,acridens,NOW,43.613739,-116.237651,NorthAmerica,United_States,17.5,18.8
Canidae,Cynarctoides,acridens,11019,NA,Cynarctoides,acridens,NOW,35.5,-106.75,NorthAmerica,United_States,17.5,18.8
Canidae,Cynarctoides,acridens,NA,18001,Cynarctoides,acridens,PaleoDB,42.4,-103.8,NorthAmerica,United_States,17.6,17.6
Canidae,Cynarctoides,acridens,NA,17917,Cynarctoides,acridens,PaleoDB,42.8,-103.1,NorthAmerica,United_States,17.6,17.6
Canidae,Cynarctoides,acridens,NA,17920,Cynarctoides,acridens,PaleoDB,42.4,-103.8,NorthAmerica,United_States,17.6,17.7
Canidae,Cynarctoides,acridens,NA,17961,Cynarctoides,acridens,PaleoDB,42.4,-103.8,NorthAmerica,United_States,17.6,17.6
Canidae,Cynarctoides,acridens,NA,19077,Cynarctoides,acridens,PaleoDB,43.2,-107.1,NorthAmerica,United_States,18.1,18.3
Canidae,Cynarctoides,acridens,NA,19073,Cynarctoides,acridens,PaleoDB,43.2,-108.2,NorthAmerica,United_States,18.2,18.3
Canidae,Cynarctoides,acridens,NA,19074,Cynarctoides,acridens,PaleoDB,43.2,-108.2,NorthAmerica,United_States,18.2,18.2
Canidae,Cynarctoides,acridens,NA,19075,Cynarctoides,acridens,PaleoDB,43.2,-108.2,NorthAmerica,United_States,18.2,18.2
Canidae,Cynarctoides,acridens,NA,19076,Cynarctoides,acridens,PaleoDB,43.2,-107.1,NorthAmerica,United_States,18.2,18.2
Canidae,Cynarctoides,acridens,NA,17874,Cynarctoides,acridens,PaleoDB,42.8,-103.1,NorthAmerica,United_States,18.5,20.2
Canidae,Cynarctoides,acridens,NA,17896,Cynarctoides,acridens,PaleoDB,42.2,-103.1,NorthAmerica,United_States,18.5,18.5
Canidae,Cynarctoides,acridens,10429,NA,Cynarctoides,acridens,NOW,42.417222,-103.727222,NorthAmerica,United_States,18.8,19.5
Canidae,Cynarctoides,acridens,10313,NA,Cynarctoides,acridens,NOW,41.691389,-104.743611,NorthAmerica,United_States,18.8,19.5
Canidae,Cynarctoides,acridens,11018,NA,Cynarctoides,acridens,NOW,35.4575,-106.809444,NorthAmerica,United_States,18.8,19.5
Canidae,Cynarctoides,acridens,NA,17906,Cynarctoides,acridens,PaleoDB,42.8,-103.1,NorthAmerica,United_States,19.3,20
Canidae,Cynarctoides,acridens,NA,17927,Cynarctoides,acridens,PaleoDB,42.8,-103.1,NorthAmerica,United_States,19.4,19.4
Canidae,Cynarctoides,acridens,10426,NA,Cynarctoides,acridens,NOW,42.418611,-103.801111,NorthAmerica,United_States,19.5,23
Canidae,Cynarctoides,acridens,NA,17881,Cynarctoides,acridens,PaleoDB,41.7,-103.1,NorthAmerica,United_States,19.5,19.6
Canidae,Cynarctoides,acridens,NA,17932,Cynarctoides,acridens,PaleoDB,42.2,-103.1,NorthAmerica,United_States,19.5,19.5
Canidae,Cynarctoides,acridens,NA,17898,Cynarctoides,acridens,PaleoDB,42.8,-103.1,NorthAmerica,United_States,19.8,19.8
Canidae,Cynarctoides,acridens,NA,17923,Cynarctoides,acridens,PaleoDB,42.8,-103.1,NorthAmerica,United_States,19.8,19.9
Canidae,Cynarctoides,acridens,NA,17940,Cynarctoides,acridens,PaleoDB,42.2,-103.1,NorthAmerica,United_States,19.8,19.9
Canidae,Cynarctoides,acridens,NA,17978,Cynarctoides,acridens,PaleoDB,42.8,-103.1,NorthAmerica,United_States,19.8,19.9
Canidae,Cynarctoides,acridens,NA,17865,Cynarctoides,acridens,PaleoDB,42.75,-102.016667,NorthAmerica,United_States,19.9,20
Canidae,Cynarctoides,acridens,NA,17891,Cynarctoides,acridens,PaleoDB,42.8,-103.1,NorthAmerica,United_States,19.9,19.9
Canidae,Cynarctoides,acridens,NA,17934,Cynarctoides,acridens,PaleoDB,42.2,-103.1,NorthAmerica,United_States,19.9,19.9
Canidae,Cynarctoides,acridens,NA,17963,Cynarctoides,acridens,PaleoDB,42.374,-103.3177,NorthAmerica,United_States,19.9,19.9
Canidae,Cynarctoides,acridens,NA,18021,Cynarctoides,acridens,PaleoDB,42.8,-103.1,NorthAmerica,United_States,19.9,19.9
Canidae,Cynarctoides,acridens,NA,17965,Cynarctoides,acridens,PaleoDB,40.9,-103.283333,NorthAmerica,United_States,20,20
Canidae,Cynarctoides,acridens,NA,17809,Cynarctoides,acridens,PaleoDB,42.4,-103.8,NorthAmerica,United_States,20.43,24.8
Canidae,Cynarctoides,acridens,NA,17744,Cynarctoides,acridens,PaleoDB,42.4,-103.8,NorthAmerica,United_States,20.8,20.9
Canidae,Cynarctoides,acridens,NA,17780,Cynarctoides,acridens,PaleoDB,42,-104.2,NorthAmerica,United_States,20.8,20.8
Canidae,Cynarctoides,acridens,NA,17844,Cynarctoides,acridens,PaleoDB,35.7,-107,NorthAmerica,United_States,21.2,21.6
Canidae,Cynarctoides,acridens,NA,17462,Cynarctoides,acridens,PaleoDB,43.3,-102.5,NorthAmerica,United_States,21.4,21.6
Canidae,Cynarctoides,acridens,NA,17846,Cynarctoides,acridens,PaleoDB,42.4,-103.8,NorthAmerica,United_States,21.4,21.5
Canidae,Cynarctoides,acridens,NA,28043,Cynarctoides,acridens,PaleoDB,41.7,-103.666667,NorthAmerica,United_States,21.5,21.6
Canidae,Cynarctoides,acridens,10394,NA,Cynarctoides,acridens,NOW,43.18,-102.419722,NorthAmerica,United_States,23,28.1
Canidae,Cynarctoides,emryi,10433,NA,Cynarctoides,emryi,NOW,42.750833,-102.022222,NorthAmerica,United_States,17.5,18.8
Canidae,Cynarctoides,emryi,10429,NA,Cynarctoides,emryi,NOW,42.417222,-103.727222,NorthAmerica,United_States,18.8,19.5
Canidae,Cynarctoides,emryi,NA,17934,Cynarctoides,emryi,PaleoDB,42.2,-103.1,NorthAmerica,United_States,19.9,19.9
Canidae,Cynarctoides,emryi,NA,18021,Cynarctoides,emryi,PaleoDB,42.8,-103.1,NorthAmerica,United_States,19.9,19.9
Canidae,Cynarctoides,gawnae,10043,NA,Cynarctoides,gawnae,NOW,38.555605,-121.468926,NorthAmerica,United_States,17.5,18.8
Canidae,Cynarctoides,gawnae,11019,NA,Cynarctoides,gawnae,NOW,35.5,-106.75,NorthAmerica,United_States,17.5,18.8
Canidae,Cynarctoides,gawnae,11020,NA,Cynarctoides,gawnae,NOW,35.6,-106.75,NorthAmerica,United_States,17.5,18.8
Canidae,Cynarctoides,gawnae,NA,19388,Cynarctoides,gawnae,PaleoDB,35.7,-107,NorthAmerica,United_States,19.6,19.6
Canidae,Cynarctoides,gawnae,NA,19189,Cynarctoides,gawnae,PaleoDB,35.7,-107,NorthAmerica,United_States,19.6,19.6
Canidae,Cynarctoides,Genus_Only,10430,NA,Cynarctoides,indet.,NOW,42.444722,-103.728611,NorthAmerica,United_States,18.8,19.5
Canidae,Cynarctoides,harlowi,10426,NA,Cynarctoides,harlowi,NOW,42.418611,-103.801111,NorthAmerica,United_States,19.5,23
Canidae,Cynarctoides,harlowi,NA,17854,Cynarctoides,harlowi,PaleoDB,43,-104.5,NorthAmerica,United_States,20.8,21.1
Canidae,Cynarctoides,lemur,10360,NA,Cynarctoides,lemur,NOW,40.533889,-108.216667,NorthAmerica,United_States,19.5,23
Canidae,Cynarctoides,lemur,10550,NA,Cynarctoides,lemur,NOW,28.641944,-82.4275,NorthAmerica,United_States,19.5,23
Canidae,Cynarctoides,lemur,NA,93078,Cynarctoides,lemur,PaleoDB,44.666667,-119.633333,NorthAmerica,United_States,20.43,30.8
Canidae,Cynarctoides,lemur,10392,NA,Cynarctoides,lemur,NOW,43.08333333,-102.3333333,NorthAmerica,United_States,23,30
Canidae,Cynarctoides,lemur,NA,17764,Cynarctoides,lemur,PaleoDB,29.8,-82.1,NorthAmerica,United_States,23,23.1
Canidae,Cynarctoides,lemur,NA,17517,Cynarctoides,lemur,PaleoDB,43.3,-102.5,NorthAmerica,United_States,24.9,24.9
Canidae,Cynarctoides,lemur,NA,17635,Cynarctoides,lemur,PaleoDB,43.3,-102.5,NorthAmerica,United_States,26.3,30.8
Canidae,Cynarctoides,lemur,NA,17641,Cynarctoides,lemur,PaleoDB,43.3,-102.5,NorthAmerica,United_States,26.3,30.8
Canidae,Cynarctoides,lemur,10907,NA,Cynarctoides,lemur,NOW,44.664722,-119.667778,NorthAmerica,United_States,28.1,30
Canidae,Cynarctoides,lemur,NA,17508,Cynarctoides,lemur,PaleoDB,44.666667,-119.633333,NorthAmerica,United_States,28.4,28.6
Canidae,Cynarctoides,lemur,10386,NA,Cynarctoides,lemur,NOW,44.5,-100,NorthAmerica,United_States,30,32
Canidae,Cynarctoides,luskensis,10313,NA,Cynarctoides,luskensis,NOW,41.691389,-104.743611,NorthAmerica,United_States,18.8,19.5
Canidae,Cynarctoides,luskensis,10316,NA,Cynarctoides,luskensis,NOW,41.682222,-104.731389,NorthAmerica,United_States,18.8,19.5
Canidae,Cynarctoides,luskensis,10913,NA,Cynarctoides,luskensis,NOW,44.930833,-123.028889,NorthAmerica,United_States,18.8,19.5
Canidae,Cynarctoides,luskensis,NA,170308,Cynarctoides,luskensis,PaleoDB,44.744092,-119.646988,NorthAmerica,United_States,20.43,30.8
Canidae,Cynarctoides,luskensis,NA,17777,Cynarctoides,luskensis,PaleoDB,42.1,-105,NorthAmerica,United_States,20.7,20.7
Canidae,Cynarctoides,luskensis,NA,17793,Cynarctoides,luskensis,PaleoDB,42,-104.2,NorthAmerica,United_States,20.7,20.7
Canidae,Cynarctoides,luskensis,NA,17780,Cynarctoides,luskensis,PaleoDB,42,-104.2,NorthAmerica,United_States,20.8,20.8
Canidae,Cynarctoides,luskensis,NA,17626,Cynarctoides,roii,PaleoDB,43.3,-102.5,NorthAmerica,United_States,26.3,30.8
Canidae,Cynarctoides,luskensis,NA,17630,Cynarctoides,roii,PaleoDB,43.3,-102.5,NorthAmerica,United_States,26.3,30.8
Canidae,Cynarctoides,luskensis,NA,17633,Cynarctoides,roii,PaleoDB,43.3,-102.5,NorthAmerica,United_States,26.3,30.8
Canidae,Cynarctoides,luskensis,NA,17634,Cynarctoides,roii,PaleoDB,43.3,-102.5,NorthAmerica,United_States,26.3,30.8
Canidae,Cynarctoides,luskensis,NA,17636,Cynarctoides,roii,PaleoDB,43.3,-102.5,NorthAmerica,United_States,26.3,30.8
Canidae,Cynarctoides,luskensis,NA,17644,Cynarctoides,roii,PaleoDB,43.3,-102.5,NorthAmerica,United_States,26.3,30.8
Canidae,Cynarctoides,luskensis,NA,17621,Cynarctoides,roii,PaleoDB,43.3,-102.5,NorthAmerica,United_States,26.3,30.8
Canidae,Cynarctoides,luskensis,NA,17661,Cynarctoides,roii,PaleoDB,43.3,-102.5,NorthAmerica,United_States,26.3,30.8
Canidae,Cynarctoides,luskensis,NA,17522,Cynarctoides,roii,PaleoDB,41.5,-103.8,NorthAmerica,United_States,27.2,27.3
Canidae,Cynarctoides,luskensis,10424,NA,Cynarctoides,roii,NOW,41.615,-103.251111,NorthAmerica,United_States,28.1,30
Canidae,Cynarctoides,luskensis,10391,NA,Cynarctoides,roii,NOW,43.08333,-102.333,NorthAmerica,United_States,28.1,30
Canidae,Cynarctoides,whistleri,NA,167830,Cynarctoides,whistleri,PaleoDB,33.826111,-117.714444,NorthAmerica,United_States,15.97,20.43
Canidae,Cynarctoides,whistleri,10530,NA,Cynarctoides,whistleri,NOW,30.388056,-96.087778,NorthAmerica,United_States,17.5,18.8
Canidae,Cynarctoides,whistleri,NA,18635,Cynarctoides,whistleri,PaleoDB,30.1,-96.1,NorthAmerica,United_States,18.6,18.6
Canidae,Cynarctoides,whistleri,10035,NA,Cynarctoides,whistleri,NOW,34.321667,-118.786111,NorthAmerica,United_States,28.1,30
Canidae,Cynarctus,crucidens,NA,175228,Cynarctus,crucidens,PaleoDB,46.46,-120.64,NorthAmerica,United_States,4.9,13.6
Canidae,Cynarctus,crucidens,NA,18346,Cynarctus,crucidens,PaleoDB,35,-100.8,NorthAmerica,United_States,5.332,11.608
Canidae,Cynarctus,crucidens,10458,NA,Cynarctus,crucidens,NOW,42.166111,-103.726667,NorthAmerica,United_States,9,10.1
Canidae,Cynarctus,crucidens,10465,NA,Cynarctus,crucidens,NOW,42.694167,-100.856389,NorthAmerica,United_States,9,12.1
Canidae,Cynarctus,crucidens,10894,NA,Cynarctus,crucidens,NOW,46.340833,-120.191111,NorthAmerica,United_States,9,10.1
Canidae,Cynarctus,crucidens,10462,NA,Cynarctus,crucidens,NOW,42.421111,-98.156667,NorthAmerica,United_States,10.1,12.1
Canidae,Cynarctus,crucidens,10405,NA,Cynarctus,crucidens,NOW,43.119444,-101.930833,NorthAmerica,United_States,10.1,12.1
Canidae,Cynarctus,crucidens,11153,NA,Cynarctus,crucidens,NOW,35.643333,-101.905,NorthAmerica,United_States,10.1,12.1
Canidae,Cynarctus,crucidens,11162,NA,Cynarctus,crucidens,NOW,35.065833,-100.909722,NorthAmerica,United_States,10.1,12.1
Canidae,Cynarctus,crucidens,NA,18283,Cynarctus,crucidens,PaleoDB,35,-100.8,NorthAmerica,United_States,11.6,12.3
Canidae,Cynarctus,crucidens,NA,18098,Cynarctus,crucidens,PaleoDB,36.1,-100.1,NorthAmerica,United_States,11.6,12.3
Canidae,Cynarctus,crucidens,NA,18218,Cynarctus,crucidens,PaleoDB,42.8,-100.8,NorthAmerica,United_States,11.6,11.6
Canidae,Cynarctus,crucidens,NA,18200,Cynarctus,crucidens,PaleoDB,43.2,-100.7,NorthAmerica,United_States,11.7,11.9
Canidae,Cynarctus,crucidens,NA,18324,Cynarctus,crucidens,PaleoDB,42.3,-98,NorthAmerica,United_States,11.8,11.9
Canidae,Cynarctus,crucidens,NA,18467,Cynarctus,crucidens,PaleoDB,42.7,-100,NorthAmerica,United_States,11.8,11.8
Canidae,Cynarctus,crucidens,NA,18042,Cynarctus,crucidens,PaleoDB,42.8,-100.8,NorthAmerica,United_States,11.8,11.8
Canidae,Cynarctus,crucidens,NA,18095,Cynarctus,crucidens,PaleoDB,42.7,-100,NorthAmerica,United_States,11.8,11.8
Canidae,Cynarctus,crucidens,NA,18134,Cynarctus,crucidens,PaleoDB,42.7,-100,NorthAmerica,United_States,11.8,11.8
Canidae,Cynarctus,crucidens,NA,18171,Cynarctus,crucidens,PaleoDB,42.8,-100.8,NorthAmerica,United_States,11.8,11.8
Canidae,Cynarctus,crucidens,NA,18222,Cynarctus,crucidens,PaleoDB,42.4,-103.8,NorthAmerica,United_States,11.8,11.9
Canidae,Cynarctus,crucidens,NA,18253,Cynarctus,crucidens,PaleoDB,42.8,-100.8,NorthAmerica,United_States,11.8,11.9
Canidae,Cynarctus,crucidens,NA,18355,Cynarctus,crucidens,PaleoDB,35,-100.8,NorthAmerica,United_States,11.9,11.9
Canidae,Cynarctus,crucidens,NA,18244,Cynarctus,crucidens,PaleoDB,35,-100.8,NorthAmerica,United_States,12.2,12.3
Canidae,Cynarctus,galushai,NA,19548,Cynarctus,galushai,PaleoDB,34.8,-117,NorthAmerica,United_States,14.3,14.4
Canidae,Cynarctus,galushai,NA,19568,Cynarctus,galushai,PaleoDB,34.8,-117,NorthAmerica,United_States,14.3,14.7
Canidae,Cynarctus,galushai,NA,19598,Cynarctus,galushai,PaleoDB,34.8,-117,NorthAmerica,United_States,14.6,14.7
Canidae,Cynarctus,galushai,10638,NA,Cynarctus,galushai,NOW,35.032222,-117.052778,NorthAmerica,United_States,14.8,16
Canidae,Cynarctus,Genus_Only,NA,163859,Cynarctus,sp.,PaleoDB,31.061667,-93.179167,NorthAmerica,United_States,5.332,23.03
Canidae,Cynarctus,Genus_Only,NA,18092,Cynarctus,sp.,PaleoDB,42.6,-98,NorthAmerica,United_States,11.8,11.9
Canidae,Cynarctus,Genus_Only,NA,18443,Cynarctus,sp.,PaleoDB,42.6,-98,NorthAmerica,United_States,13.6,15.97
Canidae,Cynarctus,marylandica,NA,18516,Cynarctus,marylandica,PaleoDB,38.4,-76.5,NorthAmerica,United_States,13.65,15.97
Canidae,Cynarctus,marylandica,10721,NA,Cynarctus,marylandica,NOW,38.972944,-76.501158,NorthAmerica,United_States,14.8,16
Canidae,Cynarctus,marylandica,NA,48884,Cynarctus,marylandica,PaleoDB,38.602778,-76.514167,NorthAmerica,United_States,15.97,20.43
Canidae,Cynarctus,saxatilis,10453,NA,Cynarctus,saxatilis,NOW,42.784444,-100.035278,NorthAmerica,United_States,12.5,14.8
Canidae,Cynarctus,saxatilis,10454,NA,Cynarctus,saxatilis,NOW,42.826667,-97.636389,NorthAmerica,United_States,12.5,14.8
Canidae,Cynarctus,saxatilis,10455,NA,Cynarctus,saxatilis,NOW,42.712222,-99.788889,NorthAmerica,United_States,12.5,14.8
Canidae,Cynarctus,saxatilis,10374,NA,Cynarctus,saxatilis,NOW,40.57861,-103.35778,NorthAmerica,United_States,12.5,14.8
Canidae,Cynarctus,saxatilis,NA,18123,Cynarctus,saxatilis,PaleoDB,42.7,-100,NorthAmerica,United_States,13.6,15.97
Canidae,Cynarctus,saxatilis,NA,18164,Cynarctus,saxatilis,PaleoDB,42.9,-98.8,NorthAmerica,United_States,13.6,15.97
Canidae,Cynarctus,saxatilis,NA,18275,Cynarctus,saxatilis,PaleoDB,40.238,-98.5271,NorthAmerica,United_States,13.6,15.97
Canidae,Cynarctus,saxatilis,NA,18284,Cynarctus,saxatilis,PaleoDB,42.783333,-100.033333,NorthAmerica,United_States,13.6,15.97
Canidae,Cynarctus,saxatilis,NA,18357,Cynarctus,saxatilis,PaleoDB,42.6,-98,NorthAmerica,United_States,13.6,15.97
Canidae,Cynarctus,saxatilis,NA,18412,Cynarctus,saxatilis,PaleoDB,42.8,-100.8,NorthAmerica,United_States,13.6,15.97
Canidae,Cynarctus,saxatilis,NA,18442,Cynarctus,saxatilis,PaleoDB,42.8,-100.8,NorthAmerica,United_States,13.6,15.97
Canidae,Cynarctus,saxatilis,10370,NA,Cynarctus,saxatilis,NOW,40.870556,-103.920556,NorthAmerica,United_States,14.8,16
Canidae,Cynarctus,voorhiesi,10456,NA,Cynarctus,voorhiesi,NOW,42.6425,-100.064444,NorthAmerica,United_States,12.1,12.5
Canidae,Cynarctus,voorhiesi,NA,18242,Cynarctus,voorhiesi,PaleoDB,42.7,-100,NorthAmerica,United_States,12.2,12.3
Canidae,Cynarctus,voorhiesi,NA,18217,Cynarctus,voorhiesi,PaleoDB,42.7,-100,NorthAmerica,United_States,12.2,12.3
Canidae,Cynarctus,voorhiesi,NA,18260,Cynarctus,voorhiesi,PaleoDB,42.8,-100.8,NorthAmerica,United_States,12.3,12.3
Canidae,Cynarctus,wangi,NA,18519,Cynarctus,wangi,PaleoDB,38.4,-76.5,NorthAmerica,United_States,13.6,15.97
Canidae,Cynodesmus,martini,NA,17598,Cynodesmus,martini,PaleoDB,41.7,-103.1,NorthAmerica,United_States,26.2,26.3
Canidae,Cynodesmus,martini,10424,NA,Cynodesmus,martini,NOW,41.615,-103.251111,NorthAmerica,United_States,28.1,30
Canidae,Cynodesmus,thooides,NA,17579,Cynodesmus,thooides,PaleoDB,43.5,-101.9,NorthAmerica,United_States,20.43,30.8
Canidae,Cynodesmus,thooides,10838,NA,Cynodesmus,thooides,NOW,42.727222,-100.829167,NorthAmerica,United_States,23,30
Canidae,Cynodesmus,thooides,10846,NA,Cynodesmus,thooides,NOW,46.630833,-113.0275,NorthAmerica,United_States,23,28.1
Canidae,Cynodesmus,thooides,NA,17540,Cynodesmus,thooides,PaleoDB,46.4,-112.8,NorthAmerica,United_States,24.7,24.8
Canidae,Cynodesmus,thooides,NA,17483,Cynodesmus,thooides,PaleoDB,43.5,-101.9,NorthAmerica,United_States,25.1,25.9
Canidae,Cynodesmus,thooides,NA,17630,Cynodesmus,thooides,PaleoDB,43.3,-102.5,NorthAmerica,United_States,26.3,30.8
Canidae,Cynodesmus,thooides,NA,17486,Cynodesmus,thooides,PaleoDB,41.7,-103.1,NorthAmerica,United_States,26.3,30.8
Canidae,Cynodesmus,thooides,10424,NA,Cynodesmus,thooides,NOW,41.615,-103.251111,NorthAmerica,United_States,28.1,30
Canidae,Cynodesmus,thooides,10393,NA,Cynodesmus,thooides,NOW,43.339444,-102.354444,NorthAmerica,United_States,28.1,30
Canidae,Cynodesmus,thooides,10845,NA,Cynodesmus,thooides,NOW,46.531667,-112.919444,NorthAmerica,United_States,28.1,30
Canidae,Cynodesmus,thooides,NA,17509,Cynodesmus,thooides,PaleoDB,46.5,-111,NorthAmerica,United_States,28.2,28.3
Canidae,Cynodesmus,thooides,10386,NA,Cynodesmus,thooides,NOW,44.5,-100,NorthAmerica,United_States,30,32
Canidae,Cynodesmus,thooides,NA,17345,Cynodesmus,thooides,PaleoDB,43.3,-102.5,NorthAmerica,United_States,30.8,33.3
Canidae,Cynodesmus,thooides,NA,17323,Cynodesmus,thooides,PaleoDB,41.7,-103.1,NorthAmerica,United_States,30.8,33.3
Canidae,Cynodesmus,thooides,NA,17339,Cynodesmus,thooides,PaleoDB,43.5,-101.9,NorthAmerica,United_States,30.8,33.3
Canidae,Cynodesmus,thooides,NA,17429,Cynodesmus,thooides,PaleoDB,43.3,-102.5,NorthAmerica,United_States,30.8,33.3
Canidae,Cynodesmus,thooides,NA,17431,Cynodesmus,thooides,PaleoDB,43.5,-101.9,NorthAmerica,United_States,30.8,33.3
Canidae,Cynodesmus,thooides,NA,17343,Cynodesmus,thooides,PaleoDB,43.3,-102.5,NorthAmerica,United_States,31.1,31.3
Canidae,Cynodesmus,thooides,NA,17342,Cynodesmus,thooides,PaleoDB,43.3,-102.5,NorthAmerica,United_States,33,33.1
Canidae,Cynodesmus,thooides,NA,17315,Cynodesmus,thooides,PaleoDB,43.5,-101.9,NorthAmerica,United_States,33.1,33.1
Canidae,Cynotherium,sardous,28050,NA,Cynotherium,indet.,NOW,40.41666667,8.783333333,Europe,Italy,0.01,1.95
Canidae,Cynotherium,sardous,28044,NA,Cynotherium,indet.,NOW,41.85,12.4,Europe,Italy,0.01,1.95
Canidae,Cynotherium,sardous,28051,NA,Cynotherium,indet.,NOW,40.13333333,9.15,Europe,Italy,0.01,1.95
Canidae,Cynotherium,sardous,28034,NA,Cynotherium,indet.,NOW,40.53333333,9.633333333,Europe,Italy,0.01,1.95
Canidae,Cynotherium,sardous,28039,NA,Cynotherium,indet.,NOW,40.51666667,9.4,Europe,Italy,0.01,1.95
Canidae,Cynotherium,sardous,28043,NA,Cynotherium,indet.,NOW,40.51666667,9.633333333,Europe,Italy,0.01,1.95
Canidae,Cynotherium,sardous,28050,NA,Cynotherium,sardous,NOW,40.41666667,8.783333333,Europe,Italy,0.01,1.95
Canidae,Cynotherium,sardous,28044,NA,Cynotherium,sardous,NOW,41.85,12.4,Europe,Italy,0.01,1.95
Canidae,Cynotherium,sardous,28051,NA,Cynotherium,sardous,NOW,40.13333333,9.15,Europe,Italy,0.01,1.95
Canidae,Cynotherium,sardous,28039,NA,Cynotherium,sardous,NOW,40.51666667,9.4,Europe,Italy,0.01,1.95
Canidae,Cynotherium,sardous,28043,NA,Cynotherium,sardous,NOW,40.51666667,9.633333333,Europe,Italy,0.01,1.95
Canidae,Cynotherium,sardous,28034,NA,Sardous,indet.,NOW,40.53333333,9.633333333,Europe,Italy,0.01,1.95
Canidae,Cynotherium,sardous,NA,69062,Cynotherium,sardous,PaleoDB,42.665,9.298056,Europe,France,0.126,0.781
Canidae,Delete,Delete,23200,NA,Canis,yuanmouensis,NOW,25.7,101.8833,Asia,China,0,0.78
Canidae,Delete,Delete,27298,NA,Canis,cyonoides,NOW,19.84083333,102.6294444,Asia,Laos,0.01,1.95
Canidae,Delete,Delete,NA,36586,Canis,yuanmouensis,PaleoDB,24.87,100.94,Asia,China,0.012,2.588
Canidae,Delete,Delete,NA,145500,Canis,sp.,PaleoDB,-4.689722,-81.091389,SouthAmerica,Peru,0.013616,0.014418
Canidae,Delete,Delete,NA,145500,Canis,sp.,PaleoDB,-4.689722,-81.091389,SouthAmerica,Peru,0.013616,0.014418
Canidae,Delete,Delete,NA,146602,Canis,sp.,PaleoDB,-13.038611,-74.228056,SouthAmerica,Peru,0.01415,0.01962
Canidae,Delete,Delete,NA,35045,Canis,spelaeus,PaleoDB,48.083333,20.5,Europe,Hungary,0.126,0.781
Canidae,Delete,Delete,21039,NA,Canis,apolloniensis,NOW,40.75,23.3,Europe,Greece,0.3,1.95
Canidae,Delete,Delete,27258,NA,Eucyon,marinae,NOW,46.81222222,103.9372222,Asia,Mongolia,1.81,2.59
Canidae,Delete,Delete,23190,NA,Canis,anthus,NOW,35.419,4.136,Africa,Algeria,1.95,2.6
Canidae,Delete,Delete,27078,NA,Canis,palmidens,NOW,40.16666667,114.1666667,Asia,China,1.95,2.6
Canidae,Delete,Delete,20712,NA,Canis,senezensis,NOW,43.55,6.24,Europe,France,1.95,2.6
Canidae,Delete,Delete,NA,76500,Thos,khomenkoi,PaleoDB,40.327222,49.73,Asia,Azerbaijan,2.588,5.332
Canidae,Delete,Delete,NA,36318,Canis,multicuspus,PaleoDB,39.84,114.6,Asia,China,3.6,5.332
Canidae,Delete,Delete,NA,115623,Vulpes,n. sp.,PaleoDB,31.483333,79.8,Asia,China,4.2,4.9
Canidae,Delete,Delete,24258,NA,Eucyon,intrepidus,NOW,1.18,35.5,Africa,Kenya,5.3,7.1
Canidae,Delete,Delete,23803,NA,Eucyon,intrepidus,NOW,0.753,35.87,Africa,Kenya,5.3,7.1
Canidae,Delete,Delete,24377,NA,Eucyon,intrepidus,NOW,0.7533,35.7533,Africa,Kenya,5.3,7.1
Canidae,Delete,Delete,27116,NA,Eucyon,intrepidus,NOW,-1.300277778,35.97888889,Africa,Kenya,6.04,6.108
Canidae,Delete,Delete,NA,17349,Enhydrocyon,prolatus,PaleoDB,44.6,-119.616667,NorthAmerica,United_States,30.8,33.3
Canidae,Desmocyon,Genus_Only,NA,28043,Desmocyon,sp.,PaleoDB,41.7,-103.666667,NorthAmerica,United_States,21.5,21.6
Canidae,Desmocyon,matthewi,10433,NA,Desmocyon,matthewi,NOW,42.750833,-102.022222,NorthAmerica,United_States,17.5,18.8
Canidae,Desmocyon,matthewi,10561,NA,Desmocyon,matthewi,NOW,28.133333,-81.631667,NorthAmerica,United_States,17.5,18.8
Canidae,Desmocyon,matthewi,NA,17906,Desmocyon,matthewi,PaleoDB,42.8,-103.1,NorthAmerica,United_States,19.3,20
Canidae,Desmocyon,matthewi,NA,17928,Desmocyon,matthewi,PaleoDB,42.8,-103.1,NorthAmerica,United_States,19.3,20
Canidae,Desmocyon,matthewi,NA,18562,Desmocyon,matthewi,PaleoDB,29.3,-83.2,NorthAmerica,United_States,19.3,19.3
Canidae,Desmocyon,matthewi,NA,17927,Desmocyon,matthewi,PaleoDB,42.8,-103.1,NorthAmerica,United_States,19.4,19.4
Canidae,Desmocyon,matthewi,NA,17932,Desmocyon,matthewi,PaleoDB,42.2,-103.1,NorthAmerica,United_States,19.5,19.5
Canidae,Desmocyon,matthewi,NA,17865,Desmocyon,matthewi,PaleoDB,42.75,-102.016667,NorthAmerica,United_States,19.9,20
Canidae,Desmocyon,matthewi,NA,17891,Desmocyon,matthewi,PaleoDB,42.8,-103.1,NorthAmerica,United_States,19.9,19.9
Canidae,Desmocyon,matthewi,NA,18005,Desmocyon,matthewi,PaleoDB,42.8,-100.8,NorthAmerica,United_States,19.9,20
Canidae,Desmocyon,thomsoni,NA,17997,Desmocyon,thomsoni,PaleoDB,42.8,-103.1,NorthAmerica,United_States,15.97,20.43
Canidae,Desmocyon,thomsoni,NA,18010,Desmocyon,thomsoni,PaleoDB,42.1,-105,NorthAmerica,United_States,15.97,20.43
Canidae,Desmocyon,thomsoni,NA,167841,Desmocyon,thomsoni,PaleoDB,33.779722,-117.733611,NorthAmerica,United_States,15.97,20.43
Canidae,Desmocyon,thomsoni,10043,NA,Desmocyon,thomsoni,NOW,38.555605,-121.468926,NorthAmerica,United_States,17.5,18.8
Canidae,Desmocyon,thomsoni,10433,NA,Desmocyon,thomsoni,NOW,42.750833,-102.022222,NorthAmerica,United_States,17.5,18.8
Canidae,Desmocyon,thomsoni,10434,NA,Desmocyon,thomsoni,NOW,41.809167,-103.1025,NorthAmerica,United_States,17.5,18.8
Canidae,Desmocyon,thomsoni,10397,NA,Desmocyon,thomsoni,NOW,43.08333333,-102.3333333,NorthAmerica,United_States,17.5,18.8
Canidae,Desmocyon,thomsoni,10914,NA,Desmocyon,thomsoni,NOW,44.930833,-123.028889,NorthAmerica,United_States,17.5,18.8
Canidae,Desmocyon,thomsoni,11020,NA,Desmocyon,thomsoni,NOW,35.6,-106.75,NorthAmerica,United_States,17.5,18.8
Canidae,Desmocyon,thomsoni,10429,NA,Desmocyon,thomsoni,NOW,42.417222,-103.727222,NorthAmerica,United_States,18.8,19.5
Canidae,Desmocyon,thomsoni,10430,NA,Desmocyon,thomsoni,NOW,42.444722,-103.728611,NorthAmerica,United_States,18.8,19.5
Canidae,Desmocyon,thomsoni,10313,NA,Desmocyon,thomsoni,NOW,41.691389,-104.743611,NorthAmerica,United_States,18.8,19.5
Canidae,Desmocyon,thomsoni,10316,NA,Desmocyon,thomsoni,NOW,41.682222,-104.731389,NorthAmerica,United_States,18.8,19.5
Canidae,Desmocyon,thomsoni,10913,NA,Desmocyon,thomsoni,NOW,44.930833,-123.028889,NorthAmerica,United_States,18.8,19.5
Canidae,Desmocyon,thomsoni,10426,NA,Desmocyon,thomsoni,NOW,42.418611,-103.801111,NorthAmerica,United_States,19.5,23
Canidae,Desmocyon,thomsoni,10315,NA,Desmocyon,thomsoni,NOW,42.908056,-104.421667,NorthAmerica,United_States,19.5,23
Canidae,Desmocyon,thomsoni,10395,NA,Desmocyon,thomsoni,NOW,43.464167,-101.655278,NorthAmerica,United_States,19.5,23
Canidae,Desmocyon,thomsoni,NA,17881,Desmocyon,thomsoni,PaleoDB,41.7,-103.1,NorthAmerica,United_States,19.5,19.6
Canidae,Desmocyon,thomsoni,NA,17894,Desmocyon,thomsoni,PaleoDB,42.8,-103.1,NorthAmerica,United_States,19.5,20.2
Canidae,Desmocyon,thomsoni,NA,17899,Desmocyon,thomsoni,PaleoDB,42.2,-103.1,NorthAmerica,United_States,19.5,20.2
Canidae,Desmocyon,thomsoni,NA,19388,Desmocyon,thomsoni,PaleoDB,35.7,-107,NorthAmerica,United_States,19.6,19.6
Canidae,Desmocyon,thomsoni,NA,17989,Desmocyon,thomsoni,PaleoDB,42.2,-103.1,NorthAmerica,United_States,19.9,20
Canidae,Desmocyon,thomsoni,NA,18008,Desmocyon,thomsoni,PaleoDB,42.8,-100.8,NorthAmerica,United_States,19.9,20.1
Canidae,Desmocyon,thomsoni,NA,17924,Desmocyon,thomsoni,PaleoDB,42.8,-103.1,NorthAmerica,United_States,20.1,20.1
Canidae,Desmocyon,thomsoni,NA,17752,Desmocyon,thomsoni,PaleoDB,43.3,-102.5,NorthAmerica,United_States,20.43,24.8
Canidae,Desmocyon,thomsoni,NA,17832,Desmocyon,thomsoni,PaleoDB,43.3,-102.5,NorthAmerica,United_States,20.43,24.8
Canidae,Desmocyon,thomsoni,NA,17736,Desmocyon,thomsoni,PaleoDB,42.4,-103.8,NorthAmerica,United_States,20.43,24.8
Canidae,Desmocyon,thomsoni,NA,17738,Desmocyon,thomsoni,PaleoDB,42.4,-103.8,NorthAmerica,United_States,20.43,24.8
Canidae,Desmocyon,thomsoni,NA,17785,Desmocyon,thomsoni,PaleoDB,43,-104.5,NorthAmerica,United_States,20.43,24.8
Canidae,Desmocyon,thomsoni,NA,17820,Desmocyon,thomsoni,PaleoDB,42,-104.2,NorthAmerica,United_States,20.43,24.8
Canidae,Desmocyon,thomsoni,NA,17850,Desmocyon,thomsoni,PaleoDB,42,-104.2,NorthAmerica,United_States,20.43,24.8
Canidae,Desmocyon,thomsoni,NA,170308,Desmocyon,thomsoni,PaleoDB,44.744092,-119.646988,NorthAmerica,United_States,20.43,30.8
Canidae,Desmocyon,thomsoni,NA,17793,Desmocyon,thomsoni,PaleoDB,42,-104.2,NorthAmerica,United_States,20.7,20.7
Canidae,Desmocyon,thomsoni,NA,17835,Desmocyon,thomsoni,PaleoDB,42,-104.2,NorthAmerica,United_States,20.7,20.9
Canidae,Desmocyon,thomsoni,NA,17838,Desmocyon,thomsoni,PaleoDB,43,-104.5,NorthAmerica,United_States,20.7,22.8
Canidae,Desmocyon,thomsoni,NA,17839,Desmocyon,thomsoni,PaleoDB,42,-104.2,NorthAmerica,United_States,20.7,21.6
Canidae,Desmocyon,thomsoni,NA,17780,Desmocyon,thomsoni,PaleoDB,42,-104.2,NorthAmerica,United_States,20.8,20.8
Canidae,Desmocyon,thomsoni,NA,17796,Desmocyon,thomsoni,PaleoDB,42,-104.2,NorthAmerica,United_States,20.8,20.8
Canidae,Desmocyon,thomsoni,NA,17848,Desmocyon,thomsoni,PaleoDB,42,-104.2,NorthAmerica,United_States,20.8,22.7
Canidae,Desmocyon,thomsoni,NA,17788,Desmocyon,thomsoni,PaleoDB,42.1,-105,NorthAmerica,United_States,20.9,20.9
Canidae,Desmocyon,thomsoni,NA,17833,Desmocyon,thomsoni,PaleoDB,42.62,-104.4,NorthAmerica,United_States,20.9,20.9
Canidae,Desmocyon,thomsoni,NA,17748,Desmocyon,thomsoni,PaleoDB,43.3,-102.5,NorthAmerica,United_States,21.2,21.3
Canidae,Desmocyon,thomsoni,NA,17846,Desmocyon,thomsoni,PaleoDB,42.4,-103.8,NorthAmerica,United_States,21.4,21.5
Canidae,Desmocyon,thomsoni,NA,17805,Desmocyon,thomsoni,PaleoDB,42.2,-103.1,NorthAmerica,United_States,21.6,21.6
Canidae,Desmocyon,thomsoni,NA,19037,Desmocyon,thomsoni,PaleoDB,44.5,-119.3,NorthAmerica,United_States,21.9,22.2
Canidae,Desmocyon,thomsoni,NA,17815,Desmocyon,thomsoni,PaleoDB,43,-104.5,NorthAmerica,United_States,22.7,22.8
Canidae,Desmocyon,thomsoni,NA,17847,Desmocyon,thomsoni,PaleoDB,42,-104.2,NorthAmerica,United_States,22.7,22.7
Canidae,Dusicyon,avus,NA,93267,Dusicyon,sp.,PaleoDB,-37,-60.384722,SouthAmerica,Argentina,0.00775,0.00808
Canidae,Dusicyon,avus,NA,73845,Canis,avus,PaleoDB,-37.840556,-58.065833,SouthAmerica,Argentina,0.012,0.126
Canidae,Dusicyon,avus,NA,123831,Dusicyon,sp.,PaleoDB,-31.433333,-62.083333,SouthAmerica,Argentina,0.012,2.588
Canidae,Dusicyon,avus,NA,59978,Dusicyon,avus,PaleoDB,-31.110278,-50.979444,SouthAmerica,Brazil,0.012,0.126
Canidae,Dusicyon,avus,NA,144976,Dusicyon,sp.,PaleoDB,-4.689722,-81.091389,SouthAmerica,Peru,0.012,0.126
Canidae,Dusicyon,avus,NA,140159,Dusicyon,avus,PaleoDB,-31.25,-57,SouthAmerica,Uruguay,0.043,0.12
Canidae,Ectopocynus,antiquus,NA,17532,Ectopocynus,antiquus,PaleoDB,43,-104.5,NorthAmerica,United_States,25.2,25.2
Canidae,Ectopocynus,antiquus,10307,NA,Ectopocynus,antiquus,NOW,42.671944,-104.755556,NorthAmerica,United_States,28.1,30
Canidae,Ectopocynus,antiquus,10386,NA,Ectopocynus,antiquus,NOW,44.5,-100,NorthAmerica,United_States,30,32
Canidae,Ectopocynus,antiquus,NA,17339,Ectopocynus,antiquus,PaleoDB,43.5,-101.9,NorthAmerica,United_States,30.8,33.3
Canidae,Ectopocynus,intermedius,NA,17532,Ectopocynus,intermedius,PaleoDB,43,-104.5,NorthAmerica,United_States,25.2,25.2
Canidae,Ectopocynus,intermedius,10307,NA,Ectopocynus,intermedius,NOW,42.671944,-104.755556,NorthAmerica,United_States,28.1,30
Canidae,Ectopocynus,simplicidens,10433,NA,Ectopocynus,simplicidens,NOW,42.750833,-102.022222,NorthAmerica,United_States,17.5,18.8
Canidae,Ectopocynus,simplicidens,10434,NA,Ectopocynus,simplicidens,NOW,41.809167,-103.1025,NorthAmerica,United_States,17.5,18.8
Canidae,Ectopocynus,simplicidens,NA,18021,Ectopocynus,simplicidens,PaleoDB,42.8,-103.1,NorthAmerica,United_States,19.9,19.9
Canidae,Ectopocynus,simplicidens,NA,17865,Ectopocynus,simplicidens,PaleoDB,42.75,-102.016667,NorthAmerica,United_States,19.9,20
Canidae,Ectopocynus,simplicidens,NA,17891,Ectopocynus,simplicidens,PaleoDB,42.8,-103.1,NorthAmerica,United_States,19.9,19.9
Canidae,Enhydrocyon,basilatus,10315,NA,Enhydrocyon,basilatus,NOW,42.908056,-104.421667,NorthAmerica,United_States,19.5,23
Canidae,Enhydrocyon,basilatus,NA,17801,Enhydrocyon,basilatus,PaleoDB,43,-104.5,NorthAmerica,United_States,22.7,23.5
Canidae,Enhydrocyon,basilatus,10850,NA,Enhydrocyon,basilatus,NOW,46.6525,-111.694167,NorthAmerica,United_States,23,28.1
Canidae,Enhydrocyon,crassidens,10395,NA,Enhydrocyon,crassidens,NOW,43.464167,-101.655278,NorthAmerica,United_States,19.5,23
Canidae,Enhydrocyon,crassidens,NA,17815,Enhydrocyon,crassidens,PaleoDB,43,-104.5,NorthAmerica,United_States,22.7,22.8
Canidae,Enhydrocyon,crassidens,10312,NA,Enhydrocyon,crassidens,NOW,42.6525,-104.823611,NorthAmerica,United_States,23,28.1
Canidae,Enhydrocyon,crassidens,10394,NA,Enhydrocyon,crassidens,NOW,43.18,-102.419722,NorthAmerica,United_States,23,28.1
Canidae,Enhydrocyon,crassidens,NA,17447,Enhydrocyon,crassidens,PaleoDB,43.3,-102.5,NorthAmerica,United_States,23.1,24.4
Canidae,Enhydrocyon,crassidens,NA,17455,Enhydrocyon,crassidens,PaleoDB,43.3,-102.5,NorthAmerica,United_States,23.2,23.3
Canidae,Enhydrocyon,crassidens,NA,17743,Enhydrocyon,crassidens,PaleoDB,43.3,-102.5,NorthAmerica,United_States,23.5,23.5
Canidae,Enhydrocyon,crassidens,NA,17794,Enhydrocyon,crassidens,PaleoDB,43,-104.5,NorthAmerica,United_States,23.5,23.5
Canidae,Enhydrocyon,crassidens,NA,17813,Enhydrocyon,crassidens,PaleoDB,43,-104.5,NorthAmerica,United_States,23.5,23.5
Canidae,Enhydrocyon,crassidens,NA,17547,Enhydrocyon,crassidens,PaleoDB,43.3,-102.5,NorthAmerica,United_States,24.8,26.3
Canidae,Enhydrocyon,crassidens,NA,17638,Enhydrocyon,crassidens,PaleoDB,43.3,-102.5,NorthAmerica,United_States,26.3,30.8
Canidae,Enhydrocyon,Genus_Only,NA,93079,Enhydrocyon,sp.,PaleoDB,44.7,-119.633333,NorthAmerica,United_States,20.43,30.8
Canidae,Enhydrocyon,Genus_Only,NA,17515,Enhydrocyon,sp.,PaleoDB,41.7,-103.1,NorthAmerica,United_States,24.4,26.3
Canidae,Enhydrocyon,Genus_Only,NA,119838,Enhydrocyon,sp.,PaleoDB,46.666667,-121.133333,NorthAmerica,United_States,24.8,26.3
Canidae,Enhydrocyon,Genus_Only,NA,17514,Enhydrocyon,sp.,PaleoDB,41.7,-103.1,NorthAmerica,United_States,26,26.3
Canidae,Enhydrocyon,Genus_Only,10418,NA,Enhydrocyon,indet.,NOW,40.809868,-96.675345,NorthAmerica,United_States,28.1,30
Canidae,Enhydrocyon,Genus_Only,NA,17719,Enhydrocyon,sp.,PaleoDB,42.3,-103.45,NorthAmerica,United_States,29.7,29.8
Canidae,Enhydrocyon,Genus_Only,10389,NA,Enhydrocyon,indet.,NOW,43.08333333,-102.3333333,NorthAmerica,United_States,30,31.4
Canidae,Enhydrocyon,pahinsintewakpa,10425,NA,Enhydrocyon,pahinisintewakpa,NOW,42.112778,-103.771389,NorthAmerica,United_States,23,28.1
Canidae,Enhydrocyon,pahinsintewakpa,10312,NA,Enhydrocyon,pahinisintewakpa,NOW,42.6525,-104.823611,NorthAmerica,United_States,23,28.1
Canidae,Enhydrocyon,pahinsintewakpa,10394,NA,Enhydrocyon,pahinisintewakpa,NOW,43.18,-102.419722,NorthAmerica,United_States,23,28.1
Canidae,Enhydrocyon,pahinsintewakpa,10399,NA,Enhydrocyon,pahinisintewakpa,NOW,43.058056,-99.818611,NorthAmerica,United_States,23,28.1
Canidae,Enhydrocyon,pahinsintewakpa,10547,NA,Enhydrocyon,pahinisintewakpa,NOW,28.058056,-82.357222,NorthAmerica,United_States,23,28.1
Canidae,Enhydrocyon,pahinsintewakpa,NA,17704,Enhydrocyon,pahinsintewakpa,PaleoDB,42.4,-103.8,NorthAmerica,United_States,24.4,24.6
Canidae,Enhydrocyon,pahinsintewakpa,NA,17476,Enhydrocyon,pahinsintewakpa,PaleoDB,28.5,-82.2,NorthAmerica,United_States,24.7,24.8
Canidae,Enhydrocyon,pahinsintewakpa,NA,17554,Enhydrocyon,pahinsintewakpa,PaleoDB,43.3,-102.5,NorthAmerica,United_States,24.8,26.3
Canidae,Enhydrocyon,pahinsintewakpa,NA,17564,Enhydrocyon,pahinsintewakpa,PaleoDB,43.3,-102.5,NorthAmerica,United_States,24.8,26.3
Canidae,Enhydrocyon,pahinsintewakpa,NA,17723,Enhydrocyon,pahinsintewakpa,PaleoDB,43.066667,-99.833333,NorthAmerica,United_States,24.8,26.3
Canidae,Enhydrocyon,pahinsintewakpa,NA,17667,Enhydrocyon,pahinsintewakpa,PaleoDB,42,-104.2,NorthAmerica,United_States,24.8,24.8
Canidae,Enhydrocyon,pahinsintewakpa,NA,17472,Enhydrocyon,pahinsintewakpa,PaleoDB,42,-104.2,NorthAmerica,United_States,24.9,25
Canidae,Enhydrocyon,pahinsintewakpa,NA,17532,Enhydrocyon,pahinsintewakpa,PaleoDB,43,-104.5,NorthAmerica,United_States,25.2,25.2
Canidae,Enhydrocyon,pahinsintewakpa,NA,17636,Enhydrocyon,pahinsintewakpa,PaleoDB,43.3,-102.5,NorthAmerica,United_States,26.3,30.8
Canidae,Enhydrocyon,pahinsintewakpa,NA,17637,Enhydrocyon,pahinsintewakpa,PaleoDB,43.3,-102.5,NorthAmerica,United_States,26.3,30.8
Canidae,Enhydrocyon,pahinsintewakpa,10424,NA,Enhydrocyon,pahinisintewakpa,NOW,41.615,-103.251111,NorthAmerica,United_States,28.1,30
Canidae,Enhydrocyon,pahinsintewakpa,10307,NA,Enhydrocyon,pahinisintewakpa,NOW,42.671944,-104.755556,NorthAmerica,United_States,28.1,30
Canidae,Enhydrocyon,pahinsintewakpa,10391,NA,Enhydrocyon,pahinisintewakpa,NOW,43.08333,-102.333,NorthAmerica,United_States,28.1,30
Canidae,Enhydrocyon,stenocephalus,10909,NA,Enhydrocyon,stenocephalus,NOW,44.930833,-123.028889,NorthAmerica,United_States,23,28.1
Canidae,Enhydrocyon,stenocephalus,NA,17537,Enhydrocyon,stenocephalus,PaleoDB,44.666667,-119.65,NorthAmerica,United_States,25.7,25.9
Canidae,Enhydrocyon,stenocephalus,NA,17508,Enhydrocyon,stenocephalus,PaleoDB,44.666667,-119.633333,NorthAmerica,United_States,28.4,28.6
Canidae,Enhydrocyon,stenocephalus,10906,NA,Enhydrocyon,stenocephalus,NOW,44.930833,-123.028889,NorthAmerica,United_States,30,31.4
Canidae,Epicyon,aelurodontoides,NA,18403,Epicyon,aelurodontoides,PaleoDB,37.2,-99.9,NorthAmerica,United_States,4.9,10.3
Canidae,Epicyon,aelurodontoides,10481,NA,Epicyon,aelurodontoides,NOW,37.371389,-99.785278,NorthAmerica,United_States,7.6,9
Canidae,Epicyon,Genus_Only,10495,NA,Epicyon,indet.,NOW,39.055833,-95.689444,NorthAmerica,United_States,2.5,4.9
Canidae,Epicyon,Genus_Only,10493,NA,Epicyon,indet.,NOW,38.456389,-97.4725,NorthAmerica,United_States,4.9,5.9
Canidae,Epicyon,Genus_Only,NA,18046,Epicyon,sp.,PaleoDB,37.2,-99.9,NorthAmerica,United_States,4.9,10.3
Canidae,Epicyon,Genus_Only,NA,18158,Epicyon,sp.,PaleoDB,41.133333,-101.716667,NorthAmerica,United_States,4.9,10.3
Canidae,Epicyon,Genus_Only,NA,19186,Epicyon,sp.,PaleoDB,36.5,-107,NorthAmerica,United_States,4.9,10.3
Canidae,Epicyon,Genus_Only,10482,NA,Epicyon,indet.,NOW,39.055833,-95.689444,NorthAmerica,United_States,6.8,7.6
Canidae,Epicyon,Genus_Only,NA,18263,Epicyon,sp.,PaleoDB,39.3,-99.9,NorthAmerica,United_States,8.8,8.9
Canidae,Epicyon,Genus_Only,10923,NA,Epicyon,indet.,NOW,43.778333,-118.141944,NorthAmerica,United_States,9,10.1
Canidae,Epicyon,Genus_Only,10894,NA,Epicyon,indet.,NOW,46.340833,-120.191111,NorthAmerica,United_States,9,10.1
Canidae,Epicyon,Genus_Only,NA,18197,Epicyon,sp.,PaleoDB,42.4,-103.8,NorthAmerica,United_States,11.9,11.9
Canidae,Epicyon,haydeni,10575,NA,Epicyon,haydeni,NOW,28.18222,-81.82417,NorthAmerica,United_States,4.9,5.9
Canidae,Epicyon,haydeni,10872,NA,Epicyon,haydeni,NOW,46.595805,-112.027031,NorthAmerica,United_States,4.9,9
Canidae,Epicyon,haydeni,10966,NA,Epicyon,haydeni,NOW,33.448457,-112.073844,NorthAmerica,United_States,4.9,6.8
Canidae,Epicyon,haydeni,NA,18033,Epicyon,haydeni,PaleoDB,42.4,-103.8,NorthAmerica,United_States,4.9,10.3
Canidae,Epicyon,haydeni,NA,18225,Epicyon,haydeni,PaleoDB,41.3006,-101.8922,NorthAmerica,United_States,4.9,10.3
Canidae,Epicyon,haydeni,NA,18034,Epicyon,haydeni,PaleoDB,36.1,-99.8,NorthAmerica,United_States,4.9,10.3
Canidae,Epicyon,haydeni,NA,18086,Epicyon,haydeni,PaleoDB,40.5,-100.5,NorthAmerica,United_States,4.9,10.3
Canidae,Epicyon,haydeni,NA,18211,Epicyon,haydeni,PaleoDB,33.7,-101.1,NorthAmerica,United_States,4.9,10.3
Canidae,Epicyon,haydeni,NA,18415,Epicyon,haydeni,PaleoDB,37.2,-99.9,NorthAmerica,United_States,4.9,10.3
Canidae,Epicyon,haydeni,NA,18560,Epicyon,haydeni,PaleoDB,29.65,-82.6,NorthAmerica,United_States,4.9,10.3
Canidae,Epicyon,haydeni,NA,18563,Epicyon,haydeni,PaleoDB,29.4,-82.6,NorthAmerica,United_States,4.9,10.3
Canidae,Epicyon,haydeni,NA,19348,Epicyon,haydeni,PaleoDB,34.8,-106.9,NorthAmerica,United_States,4.9,10.3
Canidae,Epicyon,haydeni,NA,18111,Epicyon,haydeni,PaleoDB,37.2,-99.9,NorthAmerica,United_States,4.9,10.3
Canidae,Epicyon,haydeni,NA,18323,Epicyon,haydeni,PaleoDB,42.4,-103.8,NorthAmerica,United_States,4.9,10.3
Canidae,Epicyon,haydeni,NA,18365,Epicyon,haydeni,PaleoDB,39.8,-100.5,NorthAmerica,United_States,4.9,10.3
Canidae,Epicyon,haydeni,NA,18497,Epicyon,haydeni,PaleoDB,37.2,-99.9,NorthAmerica,United_States,4.9,10.3
Canidae,Epicyon,haydeni,NA,18532,Epicyon,haydeni,PaleoDB,27.9,-81.8,NorthAmerica,United_States,4.9,10.3
Canidae,Epicyon,haydeni,NA,18539,Epicyon,haydeni,PaleoDB,29.683333,-82.566667,NorthAmerica,United_States,4.9,10.3
Canidae,Epicyon,haydeni,NA,18826,Epicyon,haydeni,PaleoDB,43.6,-117.5,NorthAmerica,United_States,5.332,23.03
Canidae,Epicyon,haydeni,10483,NA,Epicyon,haydeni,NOW,39.154722,-101.509722,NorthAmerica,United_States,5.9,6.8
Canidae,Epicyon,haydeni,10459,NA,Epicyon,haydeni,NOW,42.198056,-103.780833,NorthAmerica,United_States,6.8,7.6
Canidae,Epicyon,haydeni,10378,NA,Epicyon,haydeni,NOW,40.075833,-102.223333,NorthAmerica,United_States,6.8,7.6
Canidae,Epicyon,haydeni,10611,NA,Epicyon,haydeni,NOW,30.847778,-88.173889,NorthAmerica,United_States,6.8,7.6
Canidae,Epicyon,haydeni,10947,NA,Epicyon,haydeni,NOW,42.018611,-116.835,NorthAmerica,United_States,6.8,9
Canidae,Epicyon,haydeni,11050,NA,Epicyon,haydeni,NOW,36.114167,-105.978889,NorthAmerica,United_States,6.8,7.6
Canidae,Epicyon,haydeni,11164,NA,Epicyon,haydeni,NOW,36.233889,-100.096389,NorthAmerica,United_States,6.8,7.6
Canidae,Epicyon,haydeni,NA,19538,Epicyon,haydeni,PaleoDB,29.265278,-103.045556,NorthAmerica,United_States,7.4,7.4
Canidae,Epicyon,haydeni,NA,18169,Epicyon,haydeni,PaleoDB,36.1,-99.8,NorthAmerica,United_States,7.4,13.1
Canidae,Epicyon,haydeni,NA,18364,Epicyon,haydeni,PaleoDB,36.1,-99.8,NorthAmerica,United_States,7.4,13.1
Canidae,Epicyon,haydeni,NA,18444,Epicyon,haydeni,PaleoDB,39.6,-99.7,NorthAmerica,United_States,7.4,13.1
Canidae,Epicyon,haydeni,NA,18514,Epicyon,haydeni,PaleoDB,27.9,-81.8,NorthAmerica,United_States,7.4,10
Canidae,Epicyon,haydeni,NA,18527,Epicyon,haydeni,PaleoDB,27.7,-81.85,NorthAmerica,United_States,7.4,10
Canidae,Epicyon,haydeni,NA,19009,Epicyon,haydeni,PaleoDB,46.4,-112.8,NorthAmerica,United_States,7.4,13.1
Canidae,Epicyon,haydeni,NA,18308,Epicyon,haydeni,PaleoDB,36.1,-100.1,NorthAmerica,United_States,7.5,7.6
Canidae,Epicyon,haydeni,10461,NA,Epicyon,haydeni,NOW,40.809868,-96.675345,NorthAmerica,United_States,7.6,9
Canidae,Epicyon,haydeni,10481,NA,Epicyon,haydeni,NOW,37.371389,-99.785278,NorthAmerica,United_States,7.6,9
Canidae,Epicyon,haydeni,10566,NA,Epicyon,haydeni,NOW,30.44111,-82.94667,NorthAmerica,United_States,7.6,9
Canidae,Epicyon,haydeni,10568,NA,Epicyon,haydeni,NOW,29.61667,-82.36667,NorthAmerica,United_States,7.6,9
Canidae,Epicyon,haydeni,10644,NA,Epicyon,haydeni,NOW,35.453611,-118.100278,NorthAmerica,United_States,7.6,9
Canidae,Epicyon,haydeni,10926,NA,Epicyon,haydeni,NOW,42.790278,-117.738611,NorthAmerica,United_States,7.6,9
Canidae,Epicyon,haydeni,11047,NA,Epicyon,haydeni,NOW,34.795278,-106.6925,NorthAmerica,United_States,7.6,9
Canidae,Epicyon,haydeni,11049,NA,Epicyon,haydeni,NOW,35.91666,-106.16666,NorthAmerica,United_States,7.6,9
Canidae,Epicyon,haydeni,11103,NA,Epicyon,haydeni,NOW,29.2775,-103.053611,NorthAmerica,United_States,7.6,9
Canidae,Epicyon,haydeni,11155,NA,Epicyon,haydeni,NOW,36.094444,-99.928333,NorthAmerica,United_States,7.6,9
Canidae,Epicyon,haydeni,11156,NA,Epicyon,haydeni,NOW,35.683611,-102.329722,NorthAmerica,United_States,7.6,9
Canidae,Epicyon,haydeni,NA,18933,Epicyon,haydeni,PaleoDB,34.7,-113.4,NorthAmerica,United_States,7.7,11.1
Canidae,Epicyon,haydeni,NA,19085,Epicyon,haydeni,PaleoDB,42.016667,-116.966667,NorthAmerica,United_States,7.9,8
Canidae,Epicyon,haydeni,10960,NA,Epicyon,haydeni,NOW,34.32,-112.498333,NorthAmerica,United_States,9,12.5
Canidae,Epicyon,haydeni,10092,NA,Epicyon,haydeni,NOW,35.133611,-118.817778,NorthAmerica,United_States,9,10.1
Canidae,Epicyon,haydeni,10458,NA,Epicyon,haydeni,NOW,42.166111,-103.726667,NorthAmerica,United_States,9,10.1
Canidae,Epicyon,haydeni,10464,NA,Epicyon,haydeni,NOW,42.4,-99.93,NorthAmerica,United_States,9,12.1
Canidae,Epicyon,haydeni,10465,NA,Epicyon,haydeni,NOW,42.694167,-100.856389,NorthAmerica,United_States,9,12.1
Canidae,Epicyon,haydeni,10567,NA,Epicyon,haydeni,NOW,29.61667,-82.36667,NorthAmerica,United_States,9,10.1
Canidae,Epicyon,haydeni,10643,NA,Epicyon,haydeni,NOW,35.385,-117.988056,NorthAmerica,United_States,9,12.1
Canidae,Epicyon,haydeni,10867,NA,Epicyon,haydeni,NOW,45.405,-111.703333,NorthAmerica,United_States,9,10.1
Canidae,Epicyon,haydeni,10965,NA,Epicyon,haydeni,NOW,35.773889,-110.1375,NorthAmerica,United_States,9,12.5
Canidae,Epicyon,haydeni,NA,18055,Epicyon,haydeni,PaleoDB,38.9,-99.4,NorthAmerica,United_States,9.2,11.5
Canidae,Epicyon,haydeni,NA,18072,Epicyon,haydeni,PaleoDB,36.1,-100.1,NorthAmerica,United_States,9.2,9.3
Canidae,Epicyon,haydeni,NA,18198,Epicyon,haydeni,PaleoDB,36.1,-100.1,NorthAmerica,United_States,9.2,9.3
Canidae,Epicyon,haydeni,NA,18495,Epicyon,haydeni,PaleoDB,40.1,-102.2,NorthAmerica,United_States,9.2,9.4
Canidae,Epicyon,haydeni,NA,18559,Epicyon,haydeni,PaleoDB,30.7,-88.2,NorthAmerica,United_States,10,10
Canidae,Epicyon,haydeni,10448,NA,Epicyon,haydeni,NOW,40.0575,-100.883056,NorthAmerica,United_States,10.1,12.1
Canidae,Epicyon,haydeni,10462,NA,Epicyon,haydeni,NOW,42.421111,-98.156667,NorthAmerica,United_States,10.1,12.1
Canidae,Epicyon,haydeni,10642,NA,Epicyon,haydeni,NOW,35.393889,-117.944444,NorthAmerica,United_States,10.1,12.1
Canidae,Epicyon,haydeni,11048,NA,Epicyon,haydeni,NOW,35.955,-106.120833,NorthAmerica,United_States,10.1,12.1
Canidae,Epicyon,haydeni,11153,NA,Epicyon,haydeni,NOW,35.643333,-101.905,NorthAmerica,United_States,10.1,12.1
Canidae,Epicyon,haydeni,11162,NA,Epicyon,haydeni,NOW,35.065833,-100.909722,NorthAmerica,United_States,10.1,12.1
Canidae,Epicyon,haydeni,NA,19288,Epicyon,haydeni,PaleoDB,36.5,-107,NorthAmerica,United_States,10.1,10.1
Canidae,Epicyon,haydeni,NA,19424,Epicyon,haydeni,PaleoDB,36.5,-107,NorthAmerica,United_States,10.1,10.1
Canidae,Epicyon,haydeni,NA,18142,Epicyon,haydeni,PaleoDB,42.7,-100,NorthAmerica,United_States,10.3,13.6
Canidae,Epicyon,haydeni,NA,18277,Epicyon,haydeni,PaleoDB,42.8,-100.8,NorthAmerica,United_States,10.3,13.6
Canidae,Epicyon,haydeni,NA,18588,Epicyon,haydeni,PaleoDB,27.9,-81.8,NorthAmerica,United_States,10.3,13.6
Canidae,Epicyon,haydeni,NA,19483,Epicyon,haydeni,PaleoDB,35.8,-110.1,NorthAmerica,United_States,10.3,13.6
Canidae,Epicyon,haydeni,NA,18816,Epicyon,haydeni,PaleoDB,43.6,-117.5,NorthAmerica,United_States,10.8,12.8
Canidae,Epicyon,haydeni,NA,18326,Epicyon,haydeni,PaleoDB,41.1,-103,NorthAmerica,United_States,11.1,11.2
Canidae,Epicyon,haydeni,NA,19036,Epicyon,haydeni,PaleoDB,43.6,-117.5,NorthAmerica,United_States,11.4,11.4
Canidae,Epicyon,haydeni,NA,18554,Epicyon,haydeni,PaleoDB,29.55,-82.516667,NorthAmerica,United_States,11.5,11.5
Canidae,Epicyon,haydeni,NA,18135,Epicyon,haydeni,PaleoDB,42.8,-100.8,NorthAmerica,United_States,11.6,11.6
Canidae,Epicyon,haydeni,NA,18214,Epicyon,haydeni,PaleoDB,42.8,-100.8,NorthAmerica,United_States,11.6,11.6
Canidae,Epicyon,haydeni,NA,18218,Epicyon,haydeni,PaleoDB,42.8,-100.8,NorthAmerica,United_States,11.6,11.6
Canidae,Epicyon,haydeni,NA,18227,Epicyon,haydeni,PaleoDB,42.8,-100.8,NorthAmerica,United_States,11.6,11.6
Canidae,Epicyon,haydeni,NA,18468,Epicyon,haydeni,PaleoDB,42.7,-100,NorthAmerica,United_States,11.6,11.6
Canidae,Epicyon,haydeni,NA,18468,Epicyon,haydeni,PaleoDB,42.7,-100,NorthAmerica,United_States,11.6,11.6
Canidae,Epicyon,haydeni,NA,18496,Epicyon,haydeni,PaleoDB,42.8,-100.8,NorthAmerica,United_States,11.6,11.6
Canidae,Epicyon,haydeni,NA,19315,Epicyon,haydeni,PaleoDB,34.5,-112.5,NorthAmerica,United_States,11.6,11.6
Canidae,Epicyon,haydeni,NA,19429,Epicyon,haydeni,PaleoDB,34.5,-112.5,NorthAmerica,United_States,11.6,11.6
Canidae,Epicyon,haydeni,NA,19436,Epicyon,haydeni,PaleoDB,34.5,-112.5,NorthAmerica,United_States,11.6,11.6
Canidae,Epicyon,haydeni,NA,19543,Epicyon,haydeni,PaleoDB,34.5,-112.5,NorthAmerica,United_States,11.6,11.6
Canidae,Epicyon,haydeni,NA,18130,Epicyon,haydeni,PaleoDB,35.8,-99.9,NorthAmerica,United_States,11.7,11.7
Canidae,Epicyon,haydeni,NA,19322,Epicyon,haydeni,PaleoDB,35.3,-118.5,NorthAmerica,United_States,11.7,11.7
Canidae,Epicyon,haydeni,NA,19517,Epicyon,haydeni,PaleoDB,35.3,-118.5,NorthAmerica,United_States,11.7,11.7
Canidae,Epicyon,haydeni,NA,18236,Epicyon,haydeni,PaleoDB,41.2,-101.8,NorthAmerica,United_States,11.7,11.7
Canidae,Epicyon,haydeni,NA,18327,Epicyon,haydeni,PaleoDB,42.633333,-100.05,NorthAmerica,United_States,11.7,11.8
Canidae,Epicyon,haydeni,NA,18447,Epicyon,haydeni,PaleoDB,42.8,-100.8,NorthAmerica,United_States,11.7,11.7
Canidae,Epicyon,haydeni,NA,19466,Epicyon,haydeni,PaleoDB,35.3,-118.5,NorthAmerica,United_States,11.7,11.7
Canidae,Epicyon,haydeni,NA,19391,Epicyon,haydeni,PaleoDB,37.9,-122.1,NorthAmerica,United_States,11.8,11.8
Canidae,Epicyon,haydeni,NA,18222,Epicyon,haydeni,PaleoDB,42.4,-103.8,NorthAmerica,United_States,11.8,11.9
Canidae,Epicyon,haydeni,NA,18295,Epicyon,haydeni,PaleoDB,41.2,-101.8,NorthAmerica,United_States,11.8,11.8
Canidae,Epicyon,haydeni,NA,18430,Epicyon,haydeni,PaleoDB,42.7,-102.5,NorthAmerica,United_States,11.8,11.9
Canidae,Epicyon,haydeni,NA,18299,Epicyon,haydeni,PaleoDB,42.4,-103.8,NorthAmerica,United_States,11.9,11.9
Canidae,Epicyon,haydeni,NA,18355,Epicyon,haydeni,PaleoDB,35,-100.8,NorthAmerica,United_States,11.9,11.9
Canidae,Epicyon,haydeni,NA,19535,Epicyon,haydeni,PaleoDB,35.5,-106.2,NorthAmerica,United_States,13.6,15.97
Canidae,Epicyon,haydeni,NA,18017,Epicyon,haydeni,PaleoDB,42.4,-103.8,NorthAmerica,United_States,15.97,20.43
Canidae,Epicyon,saevus,NA,18034,Epicyon,saevus,PaleoDB,36.1,-99.8,NorthAmerica,United_States,4.9,10.3
Canidae,Epicyon,saevus,NA,19551,Epicyon,saevus,PaleoDB,35.3,-118.5,NorthAmerica,United_States,4.9,10.3
Canidae,Epicyon,saevus,NA,18033,Epicyon,saevus,PaleoDB,42.4,-103.8,NorthAmerica,United_States,4.9,10.3
Canidae,Epicyon,saevus,NA,18258,Epicyon,saevus,PaleoDB,42.4,-103.8,NorthAmerica,United_States,4.9,10.3
Canidae,Epicyon,saevus,NA,18323,Epicyon,saevus,PaleoDB,42.4,-103.8,NorthAmerica,United_States,4.9,10.3
Canidae,Epicyon,saevus,NA,18415,Epicyon,saevus,PaleoDB,37.2,-99.9,NorthAmerica,United_States,4.9,10.3
Canidae,Epicyon,saevus,NA,18560,Epicyon,saevus,PaleoDB,29.65,-82.6,NorthAmerica,United_States,4.9,10.3
Canidae,Epicyon,saevus,10450,NA,Epicyon,saevus,NOW,40.548889,-100.401667,NorthAmerica,United_States,6.8,7.6
Canidae,Epicyon,saevus,10459,NA,Epicyon,saevus,NOW,42.198056,-103.780833,NorthAmerica,United_States,6.8,7.6
Canidae,Epicyon,saevus,10571,NA,Epicyon,saevus,NOW,28.133333,-81.631667,NorthAmerica,United_States,6.8,7.6
Canidae,Epicyon,saevus,10611,NA,Epicyon,saevus,NOW,30.847778,-88.173889,NorthAmerica,United_States,6.8,7.6
Canidae,Epicyon,saevus,11164,NA,Epicyon,saevus,NOW,36.233889,-100.096389,NorthAmerica,United_States,6.8,7.6
Canidae,Epicyon,saevus,NA,18731,Epicyon,saevus,PaleoDB,26.2,-112.1,NorthAmerica,Mexico,7.5,13.3
Canidae,Epicyon,saevus,NA,18293,Epicyon,saevus,PaleoDB,36.1,-99.8,NorthAmerica,United_States,7.5,13.3
Canidae,Epicyon,saevus,NA,18308,Epicyon,saevus,PaleoDB,36.1,-100.1,NorthAmerica,United_States,7.5,7.6
Canidae,Epicyon,saevus,NA,18398,Epicyon,saevus,PaleoDB,42.4,-103.8,NorthAmerica,United_States,7.5,13.3
Canidae,Epicyon,saevus,NA,18431,Epicyon,saevus,PaleoDB,40.5,-100.5,NorthAmerica,United_States,7.5,13.3
Canidae,Epicyon,saevus,NA,18987,Epicyon,saevus,PaleoDB,39.5,-118.5,NorthAmerica,United_States,7.5,11.7
Canidae,Epicyon,saevus,NA,19552,Epicyon,saevus,PaleoDB,36.1,-117.9,NorthAmerica,United_States,7.5,13.3
Canidae,Epicyon,saevus,10568,NA,Epicyon,saevus,NOW,29.61667,-82.36667,NorthAmerica,United_States,7.6,9
Canidae,Epicyon,saevus,10693,NA,Epicyon,saevus,NOW,41.925,-118.836111,NorthAmerica,United_States,7.6,9
Canidae,Epicyon,saevus,10644,NA,Epicyon,saevus,NOW,35.453611,-118.100278,NorthAmerica,United_States,7.6,9
Canidae,Epicyon,saevus,10458,NA,Epicyon,saevus,NOW,42.166111,-103.726667,NorthAmerica,United_States,9,10.1
Canidae,Epicyon,saevus,10465,NA,Epicyon,saevus,NOW,42.694167,-100.856389,NorthAmerica,United_States,9,12.1
Canidae,Epicyon,saevus,10480,NA,Epicyon,saevus,NOW,38.878056,-99.510278,NorthAmerica,United_States,9,10.1
Canidae,Epicyon,saevus,10567,NA,Epicyon,saevus,NOW,29.61667,-82.36667,NorthAmerica,United_States,9,10.1
Canidae,Epicyon,saevus,10689,NA,Epicyon,saevus,NOW,39.934722,-119.066111,NorthAmerica,United_States,9,10.1
Canidae,Epicyon,saevus,10643,NA,Epicyon,saevus,NOW,35.385,-117.988056,NorthAmerica,United_States,9,12.1
Canidae,Epicyon,saevus,10924,NA,Epicyon,saevus,NOW,45.551389,-121.024167,NorthAmerica,United_States,9,12.5
Canidae,Epicyon,saevus,NA,18072,Epicyon,saevus,PaleoDB,36.1,-100.1,NorthAmerica,United_States,9.2,9.3
Canidae,Epicyon,saevus,NA,19095,Epicyon,saevus,PaleoDB,41.1,-117.8,NorthAmerica,United_States,9.6,9.6
Canidae,Epicyon,saevus,NA,18970,Epicyon,saevus,PaleoDB,45.5,-118.8,NorthAmerica,United_States,9.7,9.7
Canidae,Epicyon,saevus,10405,NA,Epicyon,inflatus,NOW,43.119444,-101.930833,NorthAmerica,United_States,10.1,12.1
Canidae,Epicyon,saevus,10448,NA,Epicyon,saevus,NOW,40.0575,-100.883056,NorthAmerica,United_States,10.1,12.1
Canidae,Epicyon,saevus,10462,NA,Epicyon,saevus,NOW,42.421111,-98.156667,NorthAmerica,United_States,10.1,12.1
Canidae,Epicyon,saevus,10405,NA,Epicyon,saevus,NOW,43.119444,-101.930833,NorthAmerica,United_States,10.1,12.1
Canidae,Epicyon,saevus,10406,NA,Epicyon,saevus,NOW,43.002222,-102.386944,NorthAmerica,United_States,10.1,12.1
Canidae,Epicyon,saevus,10675,NA,Epicyon,saevus,NOW,38.603611,-117.843056,NorthAmerica,United_States,10.1,12.1
Canidae,Epicyon,saevus,10683,NA,Epicyon,saevus,NOW,38.506667,-118.906111,NorthAmerica,United_States,10.1,12.1
Canidae,Epicyon,saevus,10688,NA,Epicyon,saevus,NOW,40.446389,-114.444444,NorthAmerica,United_States,10.1,12.1
Canidae,Epicyon,saevus,10642,NA,Epicyon,saevus,NOW,35.393889,-117.944444,NorthAmerica,United_States,10.1,12.1
Canidae,Epicyon,saevus,11039,NA,Epicyon,saevus,NOW,35.891389,-106.020833,NorthAmerica,United_States,10.1,12.5
Canidae,Epicyon,saevus,11048,NA,Epicyon,saevus,NOW,35.955,-106.120833,NorthAmerica,United_States,10.1,12.1
Canidae,Epicyon,saevus,11162,NA,Epicyon,saevus,NOW,35.065833,-100.909722,NorthAmerica,United_States,10.1,12.1
Canidae,Epicyon,saevus,NA,18059,Epicyon,saevus,PaleoDB,42.8,-100.8,NorthAmerica,United_States,10.3,13.6
Canidae,Epicyon,saevus,NA,18202,Epicyon,saevus,PaleoDB,42.8,-100.8,NorthAmerica,United_States,10.3,13.6
Canidae,Epicyon,saevus,NA,18246,Epicyon,saevus,PaleoDB,42.8,-100.8,NorthAmerica,United_States,10.3,13.6
Canidae,Epicyon,saevus,NA,18309,Epicyon,saevus,PaleoDB,41.5,-103.8,NorthAmerica,United_States,10.3,13.6
Canidae,Epicyon,saevus,NA,19093,Epicyon,saevus,PaleoDB,44.9,-121.3,NorthAmerica,United_States,10.3,13.6
Canidae,Epicyon,saevus,NA,18256,Epicyon,saevus,PaleoDB,42.8,-100.8,NorthAmerica,United_States,10.6,12.3
Canidae,Epicyon,saevus,NA,18358,Epicyon,saevus,PaleoDB,35.4,-101.4,NorthAmerica,United_States,10.6,12.3
Canidae,Epicyon,saevus,NA,18374,Epicyon,saevus,PaleoDB,42.4,-103.8,NorthAmerica,United_States,10.6,11.9
Canidae,Epicyon,saevus,NA,18378,Epicyon,saevus,PaleoDB,42.8,-100.8,NorthAmerica,United_States,10.6,11.8
Canidae,Epicyon,saevus,NA,18446,Epicyon,saevus,PaleoDB,42.8,-100.8,NorthAmerica,United_States,10.6,11.8
Canidae,Epicyon,saevus,NA,18554,Epicyon,saevus,PaleoDB,29.55,-82.516667,NorthAmerica,United_States,11.5,11.5
Canidae,Epicyon,saevus,NA,18861,Epicyon,saevus,PaleoDB,38.5,-118.3,NorthAmerica,United_States,11.5,11.5
Canidae,Epicyon,saevus,NA,18835,Epicyon,saevus,PaleoDB,39.5,-118.5,NorthAmerica,United_States,11.6,11.7
Canidae,Epicyon,saevus,NA,18135,Epicyon,saevus,PaleoDB,42.8,-100.8,NorthAmerica,United_States,11.6,11.6
Canidae,Epicyon,saevus,NA,18214,Epicyon,saevus,PaleoDB,42.8,-100.8,NorthAmerica,United_States,11.6,11.6
Canidae,Epicyon,saevus,NA,18227,Epicyon,saevus,PaleoDB,42.8,-100.8,NorthAmerica,United_States,11.6,11.6
Canidae,Epicyon,saevus,NA,18245,Epicyon,saevus,PaleoDB,42.8,-100.8,NorthAmerica,United_States,11.6,11.6
Canidae,Epicyon,saevus,NA,18458,Epicyon,saevus,PaleoDB,42.8,-100.8,NorthAmerica,United_States,11.6,11.6
Canidae,Epicyon,saevus,NA,18468,Epicyon,saevus,PaleoDB,42.7,-100,NorthAmerica,United_States,11.6,11.6
Canidae,Epicyon,saevus,NA,18496,Epicyon,saevus,PaleoDB,42.8,-100.8,NorthAmerica,United_States,11.6,11.6
Canidae,Epicyon,saevus,NA,19528,Epicyon,saevus,PaleoDB,36.5,-107,NorthAmerica,United_States,11.7,11.7
Canidae,Epicyon,saevus,NA,18069,Epicyon,saevus,PaleoDB,42.8,-100.8,NorthAmerica,United_States,11.7,13.1
Canidae,Epicyon,saevus,NA,18200,Epicyon,saevus,PaleoDB,43.2,-100.7,NorthAmerica,United_States,11.7,11.9
Canidae,Epicyon,saevus,NA,18301,Epicyon,saevus,PaleoDB,42.4,-103.8,NorthAmerica,United_States,11.7,11.9
Canidae,Epicyon,saevus,NA,18327,Epicyon,saevus,PaleoDB,42.633333,-100.05,NorthAmerica,United_States,11.7,11.8
Canidae,Epicyon,saevus,NA,18447,Epicyon,saevus,PaleoDB,42.8,-100.8,NorthAmerica,United_States,11.7,11.7
Canidae,Epicyon,saevus,NA,18063,Epicyon,saevus,PaleoDB,43.2,-101.8,NorthAmerica,United_States,11.8,11.8
Canidae,Epicyon,saevus,NA,18222,Epicyon,saevus,PaleoDB,42.4,-103.8,NorthAmerica,United_States,11.8,11.9
Canidae,Epicyon,saevus,NA,18233,Epicyon,saevus,PaleoDB,42.8,-100.8,NorthAmerica,United_States,11.8,11.8
Canidae,Epicyon,saevus,NA,19391,Epicyon,saevus,PaleoDB,37.9,-122.1,NorthAmerica,United_States,11.8,11.8
Canidae,Epicyon,saevus,NA,18066,Epicyon,saevus,PaleoDB,42.3863,-98.974,NorthAmerica,United_States,11.8,11.8
Canidae,Epicyon,saevus,NA,18221,Epicyon,saevus,PaleoDB,41.7,-103.1,NorthAmerica,United_States,11.8,11.8
Canidae,Epicyon,saevus,NA,18251,Epicyon,saevus,PaleoDB,42.7,-100,NorthAmerica,United_States,11.8,11.9
Canidae,Epicyon,saevus,NA,18295,Epicyon,saevus,PaleoDB,41.2,-101.8,NorthAmerica,United_States,11.8,11.8
Canidae,Epicyon,saevus,NA,18024,Epicyon,saevus,PaleoDB,42.8,-100.8,NorthAmerica,United_States,11.8,11.9
Canidae,Epicyon,saevus,NA,18042,Epicyon,saevus,PaleoDB,42.8,-100.8,NorthAmerica,United_States,11.8,11.8
Canidae,Epicyon,saevus,NA,18087,Epicyon,saevus,PaleoDB,43.2,-100.7,NorthAmerica,United_States,11.8,12.3
Canidae,Epicyon,saevus,NA,18095,Epicyon,saevus,PaleoDB,42.7,-100,NorthAmerica,United_States,11.8,11.8
Canidae,Epicyon,saevus,NA,18118,Epicyon,saevus,PaleoDB,42.7,-100,NorthAmerica,United_States,11.8,11.9
Canidae,Epicyon,saevus,NA,18134,Epicyon,saevus,PaleoDB,42.7,-100,NorthAmerica,United_States,11.8,11.8
Canidae,Epicyon,saevus,NA,18171,Epicyon,saevus,PaleoDB,42.8,-100.8,NorthAmerica,United_States,11.8,11.8
Canidae,Epicyon,saevus,NA,18196,Epicyon,saevus,PaleoDB,42.8,-100.8,NorthAmerica,United_States,11.8,11.9
Canidae,Epicyon,saevus,NA,18335,Epicyon,saevus,PaleoDB,42.7,-100,NorthAmerica,United_States,11.8,11.9
Canidae,Epicyon,saevus,NA,18336,Epicyon,saevus,PaleoDB,42.7,-100,NorthAmerica,United_States,11.8,11.8
Canidae,Epicyon,saevus,NA,18352,Epicyon,saevus,PaleoDB,43.2,-100.7,NorthAmerica,United_States,11.8,11.9
Canidae,Epicyon,saevus,NA,19035,Epicyon,saevus,PaleoDB,41,-115.5,NorthAmerica,United_States,11.8,12.3
Canidae,Epicyon,saevus,NA,19384,Epicyon,saevus,PaleoDB,35.3,-118.5,NorthAmerica,United_States,11.8,11.8
Canidae,Epicyon,saevus,NA,18299,Epicyon,saevus,PaleoDB,42.4,-103.8,NorthAmerica,United_States,11.9,11.9
Canidae,Epicyon,saevus,NA,18355,Epicyon,saevus,PaleoDB,35,-100.8,NorthAmerica,United_States,11.9,11.9
Canidae,Epicyon,saevus,NA,19383,Epicyon,saevus,PaleoDB,35.3,-118.5,NorthAmerica,United_States,11.9,11.9
Canidae,Epicyon,saevus,11024,NA,Epicyon,saevus,NOW,35.428889,-106.620833,NorthAmerica,United_States,12.1,14.8
Canidae,Epicyon,saevus,NA,18888,Epicyon,saevus,PaleoDB,37.956667,-118.031944,NorthAmerica,United_States,12.2,12.2
Canidae,Epicyon,saevus,NA,18244,Epicyon,saevus,PaleoDB,35,-100.8,NorthAmerica,United_States,12.2,12.3
Canidae,Epicyon,saevus,10767,NA,Epicyon,saevus,NOW,54.5,-105.681389,NorthAmerica,Canada,12.5,14.8
Canidae,Epicyon,saevus,NA,18758,Epicyon,saevus,PaleoDB,49.2,-106.2,NorthAmerica,Canada,13.6,15.97
Canidae,Epicyon,saevus,NA,18761,Epicyon,saevus,PaleoDB,49.2,-106.2,NorthAmerica,Canada,13.6,15.97
Canidae,Epicyon,saevus,NA,18769,Epicyon,saevus,PaleoDB,49.2,-106.2,NorthAmerica,Canada,13.6,15.97
Canidae,Epicyon,saevus,NA,18773,Epicyon,saevus,PaleoDB,49.2,-106.2,NorthAmerica,Canada,13.6,15.97
Canidae,Epicyon,saevus,NA,18785,Epicyon,saevus,PaleoDB,49.2,-106.2,NorthAmerica,Canada,13.6,15.97
Canidae,Epicyon,saevus,NA,18797,Epicyon,saevus,PaleoDB,49.2,-106.2,NorthAmerica,Canada,13.6,15.97
Canidae,Epicyon,saevus,NA,19535,Epicyon,saevus,PaleoDB,35.5,-106.2,NorthAmerica,United_States,13.6,15.97
Canidae,Eucyon,adoxus,20480,NA,Eucyon,adoxus,NOW,42.683,2.883,Europe,France,3.4,4.2
Canidae,Eucyon,adoxus,20389,NA,Eucyon,adoxus,NOW,40.26527778,-1.052777778,Europe,Spain,3.4,4.2
Canidae,Eucyon,cipio,21412,NA,Eucyon,cipio,NOW,40.383,-1.083,Europe,Spain,7.1,8.2
Canidae,Eucyon,cipio,20064,NA,Eucyon,cipio,NOW,40.4,-1.1333,Europe,Spain,7.1,8.2
Canidae,Eucyon,cipio,20063,NA,Eucyon,cipio,NOW,40.35,-1.1167,Europe,Spain,7.1,8.2
Canidae,Eucyon,davisi,24562,NA,Eucyon,davisi,NOW,37,113,Asia,China,3.4,5.3
Canidae,Eucyon,davisi,24566,NA,Eucyon,davisi,NOW,37,113,Asia,China,3.4,5.3
Canidae,Eucyon,davisi,24565,NA,Eucyon,davisi,NOW,37,113,Asia,China,3.4,5.3
Canidae,Eucyon,davisi,24568,NA,Eucyon,davisi,NOW,37,113,Asia,China,3.4,5.3
Canidae,Eucyon,davisi,27100,NA,Eucyon,davisi,NOW,49,100,Asia,Mongolia,3.4,5.3
Canidae,Eucyon,davisi,NA,20083,Eucyon,davisi,PaleoDB,78.55,-82.366667,NorthAmerica,Canada,4.5,4.5
Canidae,Eucyon,davisi,NA,20063,Eucyon,davisi,PaleoDB,46.3,-119.1,NorthAmerica,United_States,4.5,4.5
Canidae,Eucyon,davisi,20612,NA,Eucyon,davisi,NOW,49.2,93.4,Asia,Mongolia,4.6,5.4
Canidae,Eucyon,davisi,11135,NA,Eucyon,davisi,NOW,28.5,-108.25,NorthAmerica,Mexico,4.9,5.9
Canidae,Eucyon,davisi,10082,NA,Eucyon,davisi,NOW,37.600278,-120.579167,NorthAmerica,United_States,4.9,5.9
Canidae,Eucyon,davisi,10098,NA,Eucyon,davisi,NOW,38.01,-122.301111,NorthAmerica,United_States,4.9,5.9
Canidae,Eucyon,davisi,10575,NA,Eucyon,davisi,NOW,28.18222,-81.82417,NorthAmerica,United_States,4.9,5.9
Canidae,Eucyon,davisi,10699,NA,Eucyon,davisi,NOW,38.100556,-114.167778,NorthAmerica,United_States,4.9,6.8
Canidae,Eucyon,davisi,10964,NA,Eucyon,davisi,NOW,32.621944,-110.525833,NorthAmerica,United_States,4.9,6.8
Canidae,Eucyon,davisi,10966,NA,Eucyon,davisi,NOW,33.448457,-112.073844,NorthAmerica,United_States,4.9,6.8
Canidae,Eucyon,davisi,10963,NA,Eucyon,davisi,NOW,34.613611,-113.535833,NorthAmerica,United_States,4.9,5.9
Canidae,Eucyon,davisi,11158,NA,Eucyon,davisi,NOW,35.4823,-97.5352,NorthAmerica,United_States,4.9,5.9
Canidae,Eucyon,davisi,11167,NA,Eucyon,davisi,NOW,34.952778,-101.494722,NorthAmerica,United_States,4.9,5.9
Canidae,Eucyon,davisi,10098,NA,Vulpes,shermanesis,NOW,38.01,-122.301111,NorthAmerica,United_States,4.9,5.9
Canidae,Eucyon,davisi,NA,18532,Eucyon,davisi,PaleoDB,27.9,-81.8,NorthAmerica,United_States,4.9,10.3
Canidae,Eucyon,davisi,NA,18560,Eucyon,davisi,PaleoDB,29.65,-82.6,NorthAmerica,United_States,4.9,10.3
Canidae,Eucyon,davisi,NA,19480,Eucyon,davisi,PaleoDB,37.9,-122.1,NorthAmerica,United_States,4.9,10.3
Canidae,Eucyon,davisi,22952,NA,Eucyon,davisi,NOW,50.25,67.833,Asia,Kazakhstan,5.3,7.1
Canidae,Eucyon,davisi,NA,18755,Eucyon,davisi,PaleoDB,28.8,-108,NorthAmerica,Mexico,5.7,5.8
Canidae,Eucyon,davisi,10467,NA,Eucyon,davisi,NOW,42.393056,-98.126111,NorthAmerica,United_States,5.9,6.8
Canidae,Eucyon,davisi,10470,NA,Eucyon,davisi,NOW,42.730278,-99.579444,NorthAmerica,United_States,5.9,6.8
Canidae,Eucyon,davisi,10483,NA,Eucyon,davisi,NOW,39.154722,-101.509722,NorthAmerica,United_States,5.9,6.8
Canidae,Eucyon,davisi,10931,NA,Eucyon,davisi,NOW,45.596389,-118.784722,NorthAmerica,United_States,5.9,6.8
Canidae,Eucyon,davisi,10933,NA,Eucyon,davisi,NOW,44.930833,-123.028889,NorthAmerica,United_States,5.9,6.8
Canidae,Eucyon,davisi,11157,NA,Eucyon,davisi,NOW,35.993333,-100.588333,NorthAmerica,United_States,5.9,6.8
Canidae,Eucyon,davisi,11166,NA,Eucyon,davisi,NOW,34.9625,-101.1925,NorthAmerica,United_States,5.9,6.8
Canidae,Eucyon,davisi,NA,19610,Eucyon,davisi,PaleoDB,35.8,-110.1,NorthAmerica,United_States,6,6.1
Canidae,Eucyon,davisi,NA,18036,Eucyon,davisi,PaleoDB,35,-101.9,NorthAmerica,United_States,6.1,10
Canidae,Eucyon,davisi,10930,NA,Eucyon,davisi,NOW,43.451111,-117.587222,NorthAmerica,United_States,6.8,7.6
Canidae,Eucyon,davisi,11165,NA,Eucyon,davisi,NOW,35.733056,-100.523611,NorthAmerica,United_States,6.8,7.6
Canidae,Eucyon,davisi,NA,19514,Eucyon,davisi,PaleoDB,32.5,-110.6,NorthAmerica,United_States,6.8,6.9
Canidae,Eucyon,davisi,NA,19272,Eucyon,davisi,PaleoDB,32.9,-110.8,NorthAmerica,United_States,6.8,10.3
Canidae,Eucyon,davisi,NA,19116,Eucyon,davisi,PaleoDB,45.840556,-119.288333,NorthAmerica,United_States,7,7
Canidae,Eucyon,davisi,NA,18140,Eucyon,davisi,PaleoDB,39.3,-101.7,NorthAmerica,United_States,7.1,7.2
Canidae,Eucyon,davisi,10693,NA,Eucyon,davisi,NOW,41.925,-118.836111,NorthAmerica,United_States,7.6,9
Canidae,Eucyon,davisi,NA,19533,Eucyon,davisi,PaleoDB,36.5,-107,NorthAmerica,United_States,7.6,7.7
Canidae,Eucyon,davisi,NA,18340,Eucyon,davisi,PaleoDB,35.7,-102.3,NorthAmerica,United_States,7.6,10.1
Canidae,Eucyon,davisi,NA,19582,Eucyon,davisi,PaleoDB,37.6,-120.8,NorthAmerica,United_States,7.6,7.7
Canidae,Eucyon,davisi,NA,18943,Eucyon,davisi,PaleoDB,43.6,-117.5,NorthAmerica,United_States,7.7,9.8
Canidae,Eucyon,davisi,NA,18097,Eucyon,davisi,PaleoDB,35.9,-100.2,NorthAmerica,United_States,8.1,8.1
Canidae,Eucyon,davisi,NA,18900,Eucyon,davisi,PaleoDB,37.8,-114.3,NorthAmerica,United_States,8.1,9.8
Canidae,Eucyon,davisi,NA,18247,Eucyon,davisi,PaleoDB,42.3935,-98.1266,NorthAmerica,United_States,8.3,8.3
Canidae,Eucyon,davisi,NA,18304,Eucyon,davisi,PaleoDB,36.7,-101.4,NorthAmerica,United_States,8.4,8.4
Canidae,Eucyon,davisi,NA,18342,Eucyon,davisi,PaleoDB,38.9,-101.7,NorthAmerica,United_States,8.4,8.4
Canidae,Eucyon,davisi,NA,18166,Eucyon,davisi,PaleoDB,38.9,-101.7,NorthAmerica,United_States,8.5,8.5
Canidae,Eucyon,davisi,NA,19612,Eucyon,davisi,PaleoDB,34.7,-113.4,NorthAmerica,United_States,8.5,8.5
Canidae,Eucyon,davisi,NA,35430,Eucyon,davisi,PaleoDB,42.783333,-99.6,NorthAmerica,United_States,9.1,9.2
Canidae,Eucyon,davisi,NA,18936,Eucyon,davisi,PaleoDB,43.6,-117.5,NorthAmerica,United_States,9.6,9.8
Canidae,Eucyon,davisi,NA,19095,Eucyon,davisi,PaleoDB,41.1,-117.8,NorthAmerica,United_States,9.6,9.6
Canidae,Eucyon,davisi,NA,18970,Eucyon,davisi,PaleoDB,45.5,-118.8,NorthAmerica,United_States,9.7,9.7
Canidae,Eucyon,davisi,NA,18944,Eucyon,davisi,PaleoDB,43.6,-117.5,NorthAmerica,United_States,9.8,9.8
Canidae,Eucyon,davisi,11048,NA,Eucyon,davisi,NOW,35.955,-106.120833,NorthAmerica,United_States,10.1,12.1
Canidae,Eucyon,davisi,10916,NA,Eucyon,davisi,NOW,44.492222,-119.535833,NorthAmerica,United_States,14.8,16
Canidae,Eucyon,debonisi,20067,NA,Eucyon,debonisi,NOW,39.4,-0.4,Europe,Spain,5.3,7.1
Canidae,Eucyon,Genus_Only,27157,NA,Eucyon,indet.,NOW,37.04222222,112.9902778,Asia,China,1.81,2.59
Canidae,Eucyon,Genus_Only,22003,NA,Eucyon,indet.,NOW,43.195,23.286,Europe,Bulgaria,1.95,2.6
Canidae,Eucyon,Genus_Only,20803,NA,Eucyon,indet.,NOW,38.4,69.7,Asia,Tajikistan,2.433,2.917
Canidae,Eucyon,Genus_Only,24631,NA,Eucyon,indet.,NOW,43.4986,115.4438889,Asia,China,3.4,4.2
Canidae,Eucyon,Genus_Only,20271,NA,Eucyon,indet.,NOW,43.5,11.2,Europe,Italy,4.2,7.1
Canidae,Eucyon,Genus_Only,20777,NA,Eucyon,indet.,NOW,53.1,107.2,Europe,Russia,4.35,5.3
Canidae,Eucyon,Genus_Only,27099,NA,Eucyon,indet.,NOW,49,93,Asia,Mongolia,5.3,7.1
Canidae,Eucyon,Genus_Only,NA,19538,Eucyon,sp.,PaleoDB,29.265278,-103.045556,NorthAmerica,United_States,7.4,7.4
Canidae,Eucyon,kuruksaiensis,20803,NA,Canis,kuruksaensis,NOW,38.4,69.7,Asia,Tajikistan,2.433,2.917
Canidae,Eucyon,kuta,28332,NA,Eucyon,indet.,NOW,10.405894,40.45390248,Africa,Ethiopia,5.2,5.2
Canidae,Eucyon,michauxi,20480,NA,Canis,michauxi,NOW,42.683,2.883,Europe,France,3.4,4.2
Canidae,Eucyon,minor,27260,NA,Eucyon,minor,NOW,37.83444444,112.6786111,Asia,China,1.81,2.59
Canidae,Eucyon,minor,27078,NA,Eucyon,minor,NOW,40.16666667,114.1666667,Asia,China,1.95,2.6
Canidae,Eucyon,minor,23055,NA,Eucyon,minor,NOW,39.9,114.5,Asia,China,2.6,3.4
Canidae,Eucyon,minor,20758,NA,Eucyon,minor,NOW,50.542,106.914,Europe,Russia,2.6,3
Canidae,Eucyon,minor,20759,NA,Eucyon,minor,NOW,50.104,106.192,Asia,Mongolia,2.675,3.158
Canidae,Eucyon,minor,20757,NA,Eucyon,minor,NOW,51.4,105.9,Europe,Russia,3,3.4
Canidae,Eucyon,monticinensis,20089,NA,Eucyon,monticinensis,NOW,44.5,11.6,Europe,Italy,5.3,7.1
Canidae,Eucyon,monticinensis,27259,NA,Eucyon,monticinensis,NOW,44.66694444,7.928333333,Europe,Italy,5.3,7.1
Canidae,Eucyon,monticinensis,NA,175903,Eucyon,monticinensis,PaleoDB,44.685833,7.916944,Europe,Italy,5.332,11.608
Canidae,Eucyon,odessanus,20538,NA,Eucyon,odessanus,NOW,40.56,32.71,Asia,Turkey,1.95,2.6
Canidae,Eucyon,odessanus,20186,NA,Eucyon,odessanus,NOW,46.5,30.8,Europe,Ukraine,3.4,4.2
Canidae,Eucyon,odessanus,24363,NA,Eucyon,odessanus,NOW,40.5167,22.9667,Europe,Greece,4.2,5.3
Canidae,Eucyon,odessanus,27261,NA,Eucyon,odessanus,NOW,47.28722222,28.32805556,Europe,Moldova,4.2,4.2
Canidae,Eucyon,odessanus,27262,NA,Eucyon,odessanus,NOW,47.33722222,28.49472222,Europe,Moldova,4.2,5.3
Canidae,Eucyon,odessanus,27263,NA,Eucyon,odessanus,NOW,47.28694444,28.32805556,Europe,Moldova,4.2,5.3
Canidae,Eucyon,odessanus,20738,NA,Eucyon,odessanus,NOW,46.05,27.53,Europe,Romania,4.2,5.3
Canidae,Eucyon,skinneri,10465,NA,Eucyon,skinneri,NOW,42.694167,-100.856389,NorthAmerica,United_States,9,12.1
Canidae,Eucyon,skinneri,NA,18214,Eucyon,skinneri,PaleoDB,42.8,-100.8,NorthAmerica,United_States,11.6,11.6
Canidae,Eucyon,zhoui,24569,NA,Eucyon,zhoui,NOW,37,113,Asia,China,2.6,3.4
Canidae,Eucyon,zhoui,24560,NA,Eucyon,zhoui,NOW,37,113,Asia,China,3.4,5.3
Canidae,Eucyon,zhoui,24567,NA,Eucyon,zhoui,NOW,37,113,Asia,China,3.4,5.3
Canidae,Euoplocyon,brachygnathus,NA,18894,Euoplocyon,brachygnathus,PaleoDB,46.4,-113.2,NorthAmerica,United_States,13.6,15.97
Canidae,Euoplocyon,brachygnathus,NA,17905,Euoplocyon,brachygnathus,PaleoDB,42.1856,-103.73265,NorthAmerica,United_States,13.6,15.97
Canidae,Euoplocyon,brachygnathus,10441,NA,Euplocyon,praedator,NOW,42.160833,-103.725833,NorthAmerica,United_States,14.8,16
Canidae,Euoplocyon,brachygnathus,10868,NA,Euplocyon,praedator,NOW,46.626667,-113.131111,NorthAmerica,United_States,14.8,16
Canidae,Euoplocyon,brachygnathus,10920,NA,Euplocyon,praedator,NOW,43.473611,-117.781389,NorthAmerica,United_States,14.8,16
Canidae,Euoplocyon,brachygnathus,NA,19557,Euoplocyon,brachygnathus,PaleoDB,34.8,-117,NorthAmerica,United_States,15,15.1
Canidae,Euoplocyon,brachygnathus,NA,19056,Euoplocyon,brachygnathus,PaleoDB,43.6,-117.5,NorthAmerica,United_States,15.5,15.6
Canidae,Euoplocyon,brachygnathus,NA,18004,Euoplocyon,brachygnathus,PaleoDB,42.4,-103.8,NorthAmerica,United_States,15.97,20.43
Canidae,Euoplocyon,brachygnathus,NA,17955,Euoplocyon,brachygnathus,PaleoDB,42.4,-103.8,NorthAmerica,United_States,16.4,16.5
Canidae,Euoplocyon,brachygnathus,10123,NA,Euplocyon,praedator,NOW,28,-114,NorthAmerica,Mexico,17.5,18.8
Canidae,Euoplocyon,Genus_Only,10557,NA,Euplocyon,indet.,NOW,29.91694,-84.97722,NorthAmerica,United_States,16,18.8
Canidae,Euoplocyon,spissidens,NA,18597,Euoplocyon,spissidens,PaleoDB,29.7,-82.6,NorthAmerica,United_States,15.97,20.43
Canidae,Euoplocyon,spissidens,10552,NA,Euplocyon,spissidens,NOW,28.133333,-81.631667,NorthAmerica,United_States,16,18.8
Canidae,Hesperocyon,coloradensis,10352,NA,Hesperocyon,coloradensis,NOW,40.57861,-103.35778,NorthAmerica,United_States,32,33.7
Canidae,Hesperocyon,coloradensis,NA,17082,Hesperocyon,coloradensis,PaleoDB,40.8,-103.1,NorthAmerica,United_States,33.3,33.3
Canidae,Hesperocyon,coloradensis,NA,17083,Hesperocyon,coloradensis,PaleoDB,40.8,-103.1,NorthAmerica,United_States,33.3,33.3
Canidae,Hesperocyon,Genus_Only,NA,17492,Hesperocyon,sp.,PaleoDB,42,-104.2,NorthAmerica,United_States,20.43,30.8
Canidae,Hesperocyon,Genus_Only,10387,NA,Hesperocyon,indet.,NOW,43.08333333,-103.1666667,NorthAmerica,United_States,28.1,31.4
Canidae,Hesperocyon,Genus_Only,10391,NA,Hesperocyon,indet.,NOW,43.08333,-102.333,NorthAmerica,United_States,28.1,30
Canidae,Hesperocyon,Genus_Only,10762,NA,Hesperocyon,indet.,NOW,54.5,-105.681389,NorthAmerica,Canada,30,31.4
Canidae,Hesperocyon,Genus_Only,10761,NA,Hesperocyon,indet.,NOW,54.5,-105.681389,NorthAmerica,Canada,31.4,32
Canidae,Hesperocyon,Genus_Only,NA,17372,Hesperocyon,sp.,PaleoDB,49.6,-108.8,NorthAmerica,Canada,31.4,31.4
Canidae,Hesperocyon,Genus_Only,10834,NA,Hesperocyon,indet.,NOW,46.595805,-112.027031,NorthAmerica,United_States,32,32.5
Canidae,Hesperocyon,Genus_Only,NA,17384,Hesperocyon,sp.,PaleoDB,45.5,-103.1,NorthAmerica,United_States,32.1,32.2
Canidae,Hesperocyon,Genus_Only,NA,17338,Hesperocyon,sp.,PaleoDB,43.2,-103.2,NorthAmerica,United_States,32.3,32.4
Canidae,Hesperocyon,Genus_Only,NA,17306,Hesperocyon,sp.,PaleoDB,49.8,-109,NorthAmerica,Canada,32.5,32.6
Canidae,Hesperocyon,Genus_Only,NA,17337,Hesperocyon,sp.,PaleoDB,43.2,-103.2,NorthAmerica,United_States,33,33
Canidae,Hesperocyon,Genus_Only,NA,17336,Hesperocyon,sp.,PaleoDB,43.2,-103.2,NorthAmerica,United_States,33.1,33.1
Canidae,Hesperocyon,Genus_Only,NA,17084,Hesperocyon,sp.,PaleoDB,43.9,-102.4,NorthAmerica,United_States,33.3,33.9
Canidae,Hesperocyon,Genus_Only,NA,17100,Hesperocyon,sp.,PaleoDB,46.9,-102.8,NorthAmerica,United_States,33.3,33.9
Canidae,Hesperocyon,Genus_Only,NA,17102,Hesperocyon,sp.,PaleoDB,43.9,-102.4,NorthAmerica,United_States,33.3,33.9
Canidae,Hesperocyon,Genus_Only,NA,17109,Hesperocyon,sp.,PaleoDB,46,-112,NorthAmerica,United_States,33.3,33.9
Canidae,Hesperocyon,Genus_Only,NA,17173,Hesperocyon,sp.,PaleoDB,43.9,-102.4,NorthAmerica,United_States,33.3,33.9
Canidae,Hesperocyon,Genus_Only,NA,17187,Hesperocyon,sp.,PaleoDB,45.5,-103.1,NorthAmerica,United_States,33.3,33.9
Canidae,Hesperocyon,Genus_Only,NA,17188,Hesperocyon,sp.,PaleoDB,45.5,-103.1,NorthAmerica,United_States,33.3,33.9
Canidae,Hesperocyon,Genus_Only,NA,17189,Hesperocyon,sp.,PaleoDB,45.5,-103.1,NorthAmerica,United_States,33.3,33.9
Canidae,Hesperocyon,Genus_Only,NA,17190,Hesperocyon,sp.,PaleoDB,45.5,-103.1,NorthAmerica,United_States,33.3,33.9
Canidae,Hesperocyon,Genus_Only,10817,NA,Hesperocyon,indet.,NOW,46.595805,-112.027031,NorthAmerica,United_States,33.4,33.7
Canidae,Hesperocyon,Genus_Only,NA,17174,Hesperocyon,sp.,PaleoDB,43.9,-102.4,NorthAmerica,United_States,33.4,33.5
Canidae,Hesperocyon,Genus_Only,10816,NA,Hesperocyon,indet.,NOW,46.595805,-112.027031,NorthAmerica,United_States,33.7,34.7
Canidae,Hesperocyon,Genus_Only,NA,16944,Hesperocyon,sp.,PaleoDB,46.4,-112.8,NorthAmerica,United_States,33.9,37.2
Canidae,Hesperocyon,Genus_Only,NA,16960,Hesperocyon,sp.,PaleoDB,43.2,-107.1,NorthAmerica,United_States,33.9,37.2
Canidae,Hesperocyon,Genus_Only,NA,16927,Hesperocyon,sp.,PaleoDB,45.8,-104.4,NorthAmerica,United_States,33.9,37.2
Canidae,Hesperocyon,Genus_Only,NA,17014,Hesperocyon,sp.,PaleoDB,42.4,-103.8,NorthAmerica,United_States,33.9,37.2
Canidae,Hesperocyon,Genus_Only,NA,17033,Hesperocyon,sp.,PaleoDB,42.4,-103.8,NorthAmerica,United_States,33.9,37.2
Canidae,Hesperocyon,Genus_Only,10758,NA,Hesperocyon,indet.,NOW,54.5,-105.681389,NorthAmerica,Canada,34.7,35.7
Canidae,Hesperocyon,Genus_Only,10294,NA,Hesperocyon,indet.,NOW,42.09,-104.36,NorthAmerica,United_States,34.7,36.5
Canidae,Hesperocyon,Genus_Only,10297,NA,Hesperocyon,indet.,NOW,41.14555,-104.801944,NorthAmerica,United_States,34.7,35.7
Canidae,Hesperocyon,Genus_Only,NA,17041,Hesperocyon,sp.,PaleoDB,46,-112,NorthAmerica,United_States,34.8,34.9
Canidae,Hesperocyon,Genus_Only,NA,16952,Hesperocyon,sp.,PaleoDB,43.9,-110.8,NorthAmerica,United_States,35.2,36.1
Canidae,Hesperocyon,Genus_Only,NA,16965,Hesperocyon,sp.,PaleoDB,43.2,-107.1,NorthAmerica,United_States,35.6,35.7
Canidae,Hesperocyon,Genus_Only,NA,16966,Hesperocyon,sp.,PaleoDB,43.2,-107.1,NorthAmerica,United_States,35.6,35.7
Canidae,Hesperocyon,Genus_Only,10299,NA,Hesperocyon,indet.,NOW,43.92,-110.57,NorthAmerica,United_States,35.7,36.5
Canidae,Hesperocyon,Genus_Only,10811,NA,Hesperocyon,indet.,NOW,46.595805,-112.027031,NorthAmerica,United_States,35.7,36.5
Canidae,Hesperocyon,Genus_Only,NA,16986,Hesperocyon,sp.,PaleoDB,43.2,-107.1,NorthAmerica,United_States,36.2,36.3
Canidae,Hesperocyon,Genus_Only,NA,16941,Hesperocyon,sp.,PaleoDB,42.4,-103.8,NorthAmerica,United_States,36.3,36.4
Canidae,Hesperocyon,Genus_Only,10284,NA,Hesperocyon,indet.,NOW,41.14555,-104.801944,NorthAmerica,United_States,36.5,37
Canidae,Hesperocyon,Genus_Only,NA,16928,Hesperocyon,sp.,PaleoDB,49.8,-109,NorthAmerica,Canada,36.8,36.8
Canidae,Hesperocyon,Genus_Only,NA,16940,Hesperocyon,sp.,PaleoDB,42.4,-103.8,NorthAmerica,United_States,36.9,37.2
Canidae,Hesperocyon,Genus_Only,NA,16990,Hesperocyon,sp.,PaleoDB,45.465833,-112.617222,NorthAmerica,United_States,36.9,37
Canidae,Hesperocyon,Genus_Only,10749,NA,Hesperocyon,indet.,NOW,54.5,-105.681389,NorthAmerica,Canada,37,40
Canidae,Hesperocyon,Genus_Only,10810,NA,Hesperocyon,indet.,NOW,46.595805,-112.027031,NorthAmerica,United_States,37,40
Canidae,Hesperocyon,Genus_Only,NA,16840,Hesperocyon,sp.,PaleoDB,45,-112.8,NorthAmerica,United_States,37,37
Canidae,Hesperocyon,Genus_Only,NA,16917,Hesperocyon,sp.,PaleoDB,42.4,-103.8,NorthAmerica,United_States,37.1,37.2
Canidae,Hesperocyon,Genus_Only,NA,16626,Hesperocyon,sp.,PaleoDB,50.2,-107.6,NorthAmerica,Canada,42.4,42.5
Canidae,Hesperocyon,gregarius,10386,NA,Hesperocyon,gregarius,NOW,44.5,-100,NorthAmerica,United_States,30,32
Canidae,Hesperocyon,gregarius,10417,NA,Hesperocyon,gregarius,NOW,40.809868,-96.675345,NorthAmerica,United_States,30,32
Canidae,Hesperocyon,gregarius,10886,NA,Hesperocyon,gregarius,NOW,46.813343,-100.779004,NorthAmerica,United_States,30,32
Canidae,Hesperocyon,gregarius,NA,17310,Hesperocyon,gregarius,PaleoDB,42.7,-102.5,NorthAmerica,United_States,30.8,33.3
Canidae,Hesperocyon,gregarius,NA,17368,Hesperocyon,gregarius,PaleoDB,42.4,-103.8,NorthAmerica,United_States,30.8,33.3
Canidae,Hesperocyon,gregarius,NA,17405,Hesperocyon,gregarius,PaleoDB,42.4,-103.8,NorthAmerica,United_States,30.8,33.3
Canidae,Hesperocyon,gregarius,NA,17432,Hesperocyon,gregarius,PaleoDB,46.4,-103.3,NorthAmerica,United_States,31,31.1
Canidae,Hesperocyon,gregarius,NA,17325,Hesperocyon,gregarius,PaleoDB,42.8,-103.1,NorthAmerica,United_States,31.1,31.2
Canidae,Hesperocyon,gregarius,NA,17374,Hesperocyon,gregarius,PaleoDB,41.7,-103.1,NorthAmerica,United_States,31.1,31.2
Canidae,Hesperocyon,gregarius,10288,NA,Hesperocyon,gregarius,NOW,42.66666667,-105.25,NorthAmerica,United_States,32,33.7
Canidae,Hesperocyon,gregarius,10290,NA,Hesperocyon,gregarius,NOW,43.05,-104.47,NorthAmerica,United_States,32,33.7
Canidae,Hesperocyon,gregarius,10352,NA,Hesperocyon,gregarius,NOW,40.57861,-103.35778,NorthAmerica,United_States,32,33.7
Canidae,Hesperocyon,gregarius,10385,NA,Hesperocyon,gregarius,NOW,45.6,-103.6,NorthAmerica,United_States,32,33.7
Canidae,Hesperocyon,gregarius,10416,NA,Hesperocyon,gregarius,NOW,40.809868,-96.675345,NorthAmerica,United_States,32,33.7
Canidae,Hesperocyon,gregarius,10833,NA,Hesperocyon,gregarius,NOW,46.595805,-112.027031,NorthAmerica,United_States,32,33.1
Canidae,Hesperocyon,gregarius,10834,NA,Hesperocyon,gregarius,NOW,46.595805,-112.027031,NorthAmerica,United_States,32,32.5
Canidae,Hesperocyon,gregarius,10885,NA,Hesperocyon,gregarius,NOW,46.813343,-100.779004,NorthAmerica,United_States,32,33.7
Canidae,Hesperocyon,gregarius,10757,NA,Hesperocyon,gregarius,NOW,54.5,-105.681389,NorthAmerica,Canada,32.5,33.4
Canidae,Hesperocyon,gregarius,NA,17344,Hesperocyon,gregarius,PaleoDB,43.3,-102.5,NorthAmerica,United_States,32.5,32.6
Canidae,Hesperocyon,gregarius,NA,17094,Hesperocyon,gregarius,PaleoDB,43.3,-102.5,NorthAmerica,United_States,33.3,33.9
Canidae,Hesperocyon,gregarius,NA,17096,Hesperocyon,gregarius,PaleoDB,42.8,-103.1,NorthAmerica,United_States,33.3,33.9
Canidae,Hesperocyon,gregarius,NA,17081,Hesperocyon,gregarius,PaleoDB,40.8,-103.1,NorthAmerica,United_States,33.3,33.3
Canidae,Hesperocyon,gregarius,NA,17082,Hesperocyon,gregarius,PaleoDB,40.8,-103.1,NorthAmerica,United_States,33.3,33.3
Canidae,Hesperocyon,gregarius,NA,17046,Hesperocyon,gregarius,PaleoDB,42.8,-103.1,NorthAmerica,United_States,33.3,33.9
Canidae,Hesperocyon,gregarius,NA,17047,Hesperocyon,gregarius,PaleoDB,42.8,-103.1,NorthAmerica,United_States,33.3,33.9
Canidae,Hesperocyon,gregarius,NA,17048,Hesperocyon,gregarius,PaleoDB,42.4,-103.8,NorthAmerica,United_States,33.3,33.9
Canidae,Hesperocyon,gregarius,NA,17049,Hesperocyon,gregarius,PaleoDB,42.4,-103.8,NorthAmerica,United_States,33.3,33.9
Canidae,Hesperocyon,gregarius,NA,17050,Hesperocyon,gregarius,PaleoDB,42.4,-103.8,NorthAmerica,United_States,33.3,33.9
Canidae,Hesperocyon,gregarius,NA,17052,Hesperocyon,gregarius,PaleoDB,42.4,-103.8,NorthAmerica,United_States,33.3,33.9
Canidae,Hesperocyon,gregarius,NA,17054,Hesperocyon,gregarius,PaleoDB,43,-104.5,NorthAmerica,United_States,33.3,33.9
Canidae,Hesperocyon,gregarius,NA,17062,Hesperocyon,gregarius,PaleoDB,42.8,-103.1,NorthAmerica,United_States,33.3,33.9
Canidae,Hesperocyon,gregarius,NA,17073,Hesperocyon,gregarius,PaleoDB,43,-104.5,NorthAmerica,United_States,33.3,33.9
Canidae,Hesperocyon,gregarius,NA,17074,Hesperocyon,gregarius,PaleoDB,46.6,-112.1,NorthAmerica,United_States,33.3,33.9
Canidae,Hesperocyon,gregarius,NA,17080,Hesperocyon,gregarius,PaleoDB,42.4,-103.8,NorthAmerica,United_States,33.3,33.9
Canidae,Hesperocyon,gregarius,NA,17087,Hesperocyon,gregarius,PaleoDB,43,-104.5,NorthAmerica,United_States,33.3,33.9
Canidae,Hesperocyon,gregarius,NA,17098,Hesperocyon,gregarius,PaleoDB,42.8,-103.1,NorthAmerica,United_States,33.3,33.9
Canidae,Hesperocyon,gregarius,NA,17099,Hesperocyon,gregarius,PaleoDB,43,-104.5,NorthAmerica,United_States,33.3,33.9
Canidae,Hesperocyon,gregarius,NA,17106,Hesperocyon,gregarius,PaleoDB,42.9,-105.2,NorthAmerica,United_States,33.3,33.9
Canidae,Hesperocyon,gregarius,NA,17107,Hesperocyon,gregarius,PaleoDB,42.4,-103.8,NorthAmerica,United_States,33.3,33.9
Canidae,Hesperocyon,gregarius,NA,17108,Hesperocyon,gregarius,PaleoDB,42.4,-103.8,NorthAmerica,United_States,33.3,33.9
Canidae,Hesperocyon,gregarius,NA,17112,Hesperocyon,gregarius,PaleoDB,42.4,-103.8,NorthAmerica,United_States,33.3,33.9
Canidae,Hesperocyon,gregarius,NA,17114,Hesperocyon,gregarius,PaleoDB,42.4,-103.8,NorthAmerica,United_States,33.3,33.9
Canidae,Hesperocyon,gregarius,NA,17118,Hesperocyon,gregarius,PaleoDB,43,-104.5,NorthAmerica,United_States,33.3,33.9
Canidae,Hesperocyon,gregarius,NA,17123,Hesperocyon,gregarius,PaleoDB,43,-104.5,NorthAmerica,United_States,33.3,33.9
Canidae,Hesperocyon,gregarius,NA,17125,Hesperocyon,gregarius,PaleoDB,46.9,-102.8,NorthAmerica,United_States,33.3,33.9
Canidae,Hesperocyon,gregarius,NA,17126,Hesperocyon,gregarius,PaleoDB,43,-104.5,NorthAmerica,United_States,33.3,33.9
Canidae,Hesperocyon,gregarius,NA,17128,Hesperocyon,gregarius,PaleoDB,46.9,-102.8,NorthAmerica,United_States,33.3,33.9
Canidae,Hesperocyon,gregarius,NA,17139,Hesperocyon,gregarius,PaleoDB,46.9,-102.8,NorthAmerica,United_States,33.3,33.9
Canidae,Hesperocyon,gregarius,NA,17143,Hesperocyon,gregarius,PaleoDB,43.9,-102.4,NorthAmerica,United_States,33.3,33.9
Canidae,Hesperocyon,gregarius,NA,17149,Hesperocyon,gregarius,PaleoDB,43,-104.5,NorthAmerica,United_States,33.3,33.9
Canidae,Hesperocyon,gregarius,NA,17155,Hesperocyon,gregarius,PaleoDB,42.8,-103.1,NorthAmerica,United_States,33.3,33.9
Canidae,Hesperocyon,gregarius,NA,17159,Hesperocyon,gregarius,PaleoDB,42.4,-103.8,NorthAmerica,United_States,33.3,33.3
Canidae,Hesperocyon,gregarius,NA,17167,Hesperocyon,gregarius,PaleoDB,43,-104.5,NorthAmerica,United_States,33.3,33.9
Canidae,Hesperocyon,gregarius,NA,17168,Hesperocyon,gregarius,PaleoDB,42.4,-103.8,NorthAmerica,United_States,33.3,33.9
Canidae,Hesperocyon,gregarius,NA,17169,Hesperocyon,gregarius,PaleoDB,43.3,-102.5,NorthAmerica,United_States,33.3,33.9
Canidae,Hesperocyon,gregarius,NA,17172,Hesperocyon,gregarius,PaleoDB,43,-104.5,NorthAmerica,United_States,33.3,33.9
Canidae,Hesperocyon,gregarius,NA,17176,Hesperocyon,gregarius,PaleoDB,42.4,-103.8,NorthAmerica,United_States,33.3,33.9
Canidae,Hesperocyon,gregarius,NA,17177,Hesperocyon,gregarius,PaleoDB,42.8,-103.1,NorthAmerica,United_States,33.3,33.9
Canidae,Hesperocyon,gregarius,NA,17181,Hesperocyon,gregarius,PaleoDB,43.3,-102.5,NorthAmerica,United_States,33.3,33.9
Canidae,Hesperocyon,gregarius,NA,17185,Hesperocyon,gregarius,PaleoDB,42.9,-105.2,NorthAmerica,United_States,33.3,33.9
Canidae,Hesperocyon,gregarius,NA,17192,Hesperocyon,gregarius,PaleoDB,43.3,-102.5,NorthAmerica,United_States,33.3,33.9
Canidae,Hesperocyon,gregarius,NA,17193,Hesperocyon,gregarius,PaleoDB,43,-104.5,NorthAmerica,United_States,33.3,33.9
Canidae,Hesperocyon,gregarius,NA,17194,Hesperocyon,gregarius,PaleoDB,43,-104.5,NorthAmerica,United_States,33.3,33.9
Canidae,Hesperocyon,gregarius,NA,17196,Hesperocyon,gregarius,PaleoDB,43,-104.5,NorthAmerica,United_States,33.3,33.9
Canidae,Hesperocyon,gregarius,NA,17201,Hesperocyon,gregarius,PaleoDB,41.8,-103.8,NorthAmerica,United_States,33.3,33.9
Canidae,Hesperocyon,gregarius,NA,17203,Hesperocyon,gregarius,PaleoDB,42.4,-103.8,NorthAmerica,United_States,33.3,33.9
Canidae,Hesperocyon,gregarius,NA,17204,Hesperocyon,gregarius,PaleoDB,42.4,-103.8,NorthAmerica,United_States,33.3,33.9
Canidae,Hesperocyon,gregarius,NA,17205,Hesperocyon,gregarius,PaleoDB,42.4,-103.8,NorthAmerica,United_States,33.3,33.9
Canidae,Hesperocyon,gregarius,NA,17206,Hesperocyon,gregarius,PaleoDB,42.4,-103.8,NorthAmerica,United_States,33.3,33.9
Canidae,Hesperocyon,gregarius,NA,17207,Hesperocyon,gregarius,PaleoDB,42.4,-103.8,NorthAmerica,United_States,33.3,33.9
Canidae,Hesperocyon,gregarius,NA,17212,Hesperocyon,gregarius,PaleoDB,42.4,-103.8,NorthAmerica,United_States,33.3,33.9
Canidae,Hesperocyon,gregarius,NA,17216,Hesperocyon,gregarius,PaleoDB,42.4,-103.8,NorthAmerica,United_States,33.3,33.9
Canidae,Hesperocyon,gregarius,NA,17220,Hesperocyon,gregarius,PaleoDB,42.4,-103.8,NorthAmerica,United_States,33.3,33.9
Canidae,Hesperocyon,gregarius,NA,17221,Hesperocyon,gregarius,PaleoDB,42.4,-103.8,NorthAmerica,United_States,33.3,33.9
Canidae,Hesperocyon,gregarius,NA,17232,Hesperocyon,gregarius,PaleoDB,42.4,-103.8,NorthAmerica,United_States,33.3,33.9
Canidae,Hesperocyon,gregarius,NA,17235,Hesperocyon,gregarius,PaleoDB,42.4,-103.8,NorthAmerica,United_States,33.3,33.9
Canidae,Hesperocyon,gregarius,NA,17237,Hesperocyon,gregarius,PaleoDB,42.4,-103.8,NorthAmerica,United_States,33.3,33.9
Canidae,Hesperocyon,gregarius,NA,17241,Hesperocyon,gregarius,PaleoDB,42.4,-103.8,NorthAmerica,United_States,33.3,33.9
Canidae,Hesperocyon,gregarius,NA,17247,Hesperocyon,gregarius,PaleoDB,42.4,-103.8,NorthAmerica,United_States,33.3,33.9
Canidae,Hesperocyon,gregarius,NA,17248,Hesperocyon,gregarius,PaleoDB,42.4,-103.8,NorthAmerica,United_States,33.3,33.9
Canidae,Hesperocyon,gregarius,NA,17257,Hesperocyon,gregarius,PaleoDB,42.4,-103.8,NorthAmerica,United_States,33.3,33.9
Canidae,Hesperocyon,gregarius,NA,17260,Hesperocyon,gregarius,PaleoDB,42.4,-103.8,NorthAmerica,United_States,33.3,33.9
Canidae,Hesperocyon,gregarius,NA,17265,Hesperocyon,gregarius,PaleoDB,42.4,-103.8,NorthAmerica,United_States,33.3,33.9
Canidae,Hesperocyon,gregarius,NA,17286,Hesperocyon,gregarius,PaleoDB,42.4,-103.8,NorthAmerica,United_States,33.3,33.9
Canidae,Hesperocyon,gregarius,NA,17287,Hesperocyon,gregarius,PaleoDB,42.4,-103.8,NorthAmerica,United_States,33.3,33.9
Canidae,Hesperocyon,gregarius,NA,17289,Hesperocyon,gregarius,PaleoDB,42.4,-103.8,NorthAmerica,United_States,33.3,33.9
Canidae,Hesperocyon,gregarius,NA,17290,Hesperocyon,gregarius,PaleoDB,42.4,-103.8,NorthAmerica,United_States,33.3,33.9
Canidae,Hesperocyon,gregarius,NA,17292,Hesperocyon,gregarius,PaleoDB,42.4,-103.8,NorthAmerica,United_States,33.3,33.9
Canidae,Hesperocyon,gregarius,NA,17301,Hesperocyon,gregarius,PaleoDB,46.4,-103.3,NorthAmerica,United_States,33.3,33.9
Canidae,Hesperocyon,gregarius,NA,17303,Hesperocyon,gregarius,PaleoDB,43,-104.5,NorthAmerica,United_States,33.3,33.9
Canidae,Hesperocyon,gregarius,NA,163487,Hesperocyon,gregarius,PaleoDB,43.908333,-102.179444,NorthAmerica,United_States,33.3,33.9
Canidae,Hesperocyon,gregarius,10824,NA,Hesperocyon,gregarius,NOW,46.595805,-112.027031,NorthAmerica,United_States,33.4,34.7
Canidae,Hesperocyon,gregarius,NA,17117,Hesperocyon,gregarius,PaleoDB,42,-104.2,NorthAmerica,United_States,33.4,33.9
Canidae,Hesperocyon,gregarius,NA,17135,Hesperocyon,gregarius,PaleoDB,41.8,-103.8,NorthAmerica,United_States,33.4,33.4
Canidae,Hesperocyon,gregarius,NA,17162,Hesperocyon,gregarius,PaleoDB,43.3,-102.5,NorthAmerica,United_States,33.4,33.9
Canidae,Hesperocyon,gregarius,NA,17164,Hesperocyon,gregarius,PaleoDB,42.8,-103.1,NorthAmerica,United_States,33.4,33.4
Canidae,Hesperocyon,gregarius,NA,17211,Hesperocyon,gregarius,PaleoDB,42.4,-103.8,NorthAmerica,United_States,33.4,33.4
Canidae,Hesperocyon,gregarius,NA,17271,Hesperocyon,gregarius,PaleoDB,42.4,-103.8,NorthAmerica,United_States,33.4,33.9
Canidae,Hesperocyon,gregarius,NA,17273,Hesperocyon,gregarius,PaleoDB,42.4,-103.8,NorthAmerica,United_States,33.4,33.4
Canidae,Hesperocyon,gregarius,NA,17092,Hesperocyon,gregarius,PaleoDB,43.3,-102.5,NorthAmerica,United_States,33.5,33.5
Canidae,Hesperocyon,gregarius,NA,17101,Hesperocyon,gregarius,PaleoDB,46.9,-102.8,NorthAmerica,United_States,33.5,33.6
Canidae,Hesperocyon,gregarius,NA,17111,Hesperocyon,gregarius,PaleoDB,49.6,-108.8,NorthAmerica,Canada,33.6,33.7
Canidae,Hesperocyon,gregarius,NA,17090,Hesperocyon,gregarius,PaleoDB,45,-112.8,NorthAmerica,United_States,33.6,33.6
Canidae,Hesperocyon,gregarius,NA,17138,Hesperocyon,gregarius,PaleoDB,45,-112.8,NorthAmerica,United_States,33.6,33.6
Canidae,Hesperocyon,gregarius,10280,NA,Hesperocyon,gregarius,NOW,43.029722,-106.809167,NorthAmerica,United_States,33.7,35.7
Canidae,Hesperocyon,gregarius,10287,NA,Hesperocyon,gregarius,NOW,42.66666667,-105.25,NorthAmerica,United_States,33.7,34.7
Canidae,Hesperocyon,gregarius,10289,NA,Hesperocyon,gregarius,NOW,43.05,-104.47,NorthAmerica,United_States,33.7,34.7
Canidae,Hesperocyon,gregarius,10351,NA,Hesperocyon,gregarius,NOW,39.739167,-104.984722,NorthAmerica,United_States,33.7,34.7
Canidae,Hesperocyon,gregarius,10384,NA,Hesperocyon,gregarius,NOW,43.5,-103,NorthAmerica,United_States,33.7,34.7
Canidae,Hesperocyon,gregarius,10415,NA,Hesperocyon,gregarius,NOW,41.12556,-100.75056,NorthAmerica,United_States,33.7,34.7
Canidae,Hesperocyon,gregarius,10807,NA,Hesperocyon,gregarius,NOW,46.595805,-112.027031,NorthAmerica,United_States,33.7,35.7
Canidae,Hesperocyon,gregarius,10823,NA,Hesperocyon,gregarius,NOW,46.595805,-112.027031,NorthAmerica,United_States,33.7,35.7
Canidae,Hesperocyon,gregarius,NA,17104,Hesperocyon,gregarius,PaleoDB,42.9,-105.2,NorthAmerica,United_States,33.7,33.8
Canidae,Hesperocyon,gregarius,NA,16961,Hesperocyon,gregarius,PaleoDB,43.2,-107.1,NorthAmerica,United_States,33.9,37.2
Canidae,Hesperocyon,gregarius,NA,16896,Hesperocyon,gregarius,PaleoDB,43.2,-107.1,NorthAmerica,United_States,33.9,37.2
Canidae,Hesperocyon,gregarius,NA,16991,Hesperocyon,gregarius,PaleoDB,46.1,-103.3,NorthAmerica,United_States,33.9,37.2
Canidae,Hesperocyon,gregarius,NA,16891,Hesperocyon,gregarius,PaleoDB,43.2,-107.1,NorthAmerica,United_States,33.9,37.2
Canidae,Hesperocyon,gregarius,NA,16932,Hesperocyon,gregarius,PaleoDB,43,-104.5,NorthAmerica,United_States,33.9,37.2
Canidae,Hesperocyon,gregarius,NA,16943,Hesperocyon,gregarius,PaleoDB,42.9,-105.2,NorthAmerica,United_States,33.9,37.2
Canidae,Hesperocyon,gregarius,NA,16985,Hesperocyon,gregarius,PaleoDB,42.4,-103.8,NorthAmerica,United_States,33.9,37.2
Canidae,Hesperocyon,gregarius,NA,16997,Hesperocyon,gregarius,PaleoDB,46,-112,NorthAmerica,United_States,33.9,37.2
Canidae,Hesperocyon,gregarius,NA,17003,Hesperocyon,gregarius,PaleoDB,42.8,-103.1,NorthAmerica,United_States,33.9,37.2
Canidae,Hesperocyon,gregarius,NA,17025,Hesperocyon,gregarius,PaleoDB,42.4,-103.8,NorthAmerica,United_States,33.9,37.2
Canidae,Hesperocyon,gregarius,NA,17038,Hesperocyon,gregarius,PaleoDB,42.4,-103.8,NorthAmerica,United_States,33.9,37.2
Canidae,Hesperocyon,gregarius,NA,17042,Hesperocyon,gregarius,PaleoDB,46.9,-102.8,NorthAmerica,United_States,33.9,37.2
Canidae,Hesperocyon,gregarius,NA,17231,Hesperocyon,gregarius,PaleoDB,42.4,-103.8,NorthAmerica,United_States,33.9,33.9
Canidae,Hesperocyon,gregarius,NA,16929,Hesperocyon,gregarius,PaleoDB,42.4,-103.8,NorthAmerica,United_States,34.1,34.2
Canidae,Hesperocyon,gregarius,10276,NA,Hesperocyon,gregarius,NOW,43.029722,-106.809167,NorthAmerica,United_States,34.7,36.5
Canidae,Hesperocyon,gregarius,10277,NA,Hesperocyon,gregarius,NOW,43.029722,-106.809167,NorthAmerica,United_States,34.7,35.7
Canidae,Hesperocyon,gregarius,10413,NA,Hesperocyon,gregarius,NOW,41.12556,-100.75056,NorthAmerica,United_States,34.7,35.7
Canidae,Hesperocyon,gregarius,10806,NA,Hesperocyon,gregarius,NOW,46.595805,-112.027031,NorthAmerica,United_States,34.7,35.7
Canidae,Hesperocyon,gregarius,10883,NA,Hesperocyon,gregarius,NOW,46.813343,-100.779004,NorthAmerica,United_States,34.7,35.7
Canidae,Hesperocyon,gregarius,NA,16924,Hesperocyon,gregarius,PaleoDB,46.6,-112.1,NorthAmerica,United_States,34.9,35
Canidae,Hesperocyon,gregarius,NA,16925,Hesperocyon,gregarius,PaleoDB,46.1,-111.3,NorthAmerica,United_States,34.9,35
Canidae,Hesperocyon,gregarius,NA,17007,Hesperocyon,gregarius,PaleoDB,43.3,-102.5,NorthAmerica,United_States,35.1,35.3
Canidae,Hesperocyon,gregarius,NA,16974,Hesperocyon,gregarius,PaleoDB,43,-104.5,NorthAmerica,United_States,35.2,36.1
Canidae,Hesperocyon,gregarius,NA,17017,Hesperocyon,gregarius,PaleoDB,43,-104.5,NorthAmerica,United_States,35.2,35.7
Canidae,Hesperocyon,gregarius,NA,17022,Hesperocyon,gregarius,PaleoDB,43,-104.5,NorthAmerica,United_States,35.2,35.7
Canidae,Hesperocyon,gregarius,NA,17044,Hesperocyon,gregarius,PaleoDB,43,-104.5,NorthAmerica,United_States,35.2,35.7
Canidae,Hesperocyon,gregarius,NA,16918,Hesperocyon,gregarius,PaleoDB,42.8,-103.1,NorthAmerica,United_States,35.3,35.4
Canidae,Hesperocyon,gregarius,NA,16995,Hesperocyon,gregarius,PaleoDB,42.4,-103.8,NorthAmerica,United_States,35.3,36.9
Canidae,Hesperocyon,gregarius,NA,17006,Hesperocyon,gregarius,PaleoDB,43.3,-102.5,NorthAmerica,United_States,35.5,35.5
Canidae,Hesperocyon,gregarius,NA,16898,Hesperocyon,gregarius,PaleoDB,43.2,-107.1,NorthAmerica,United_States,35.6,36
Canidae,Hesperocyon,gregarius,NA,16963,Hesperocyon,gregarius,PaleoDB,43.2,-107.1,NorthAmerica,United_States,35.6,35.7
Canidae,Hesperocyon,gregarius,NA,16964,Hesperocyon,gregarius,PaleoDB,43.2,-107.1,NorthAmerica,United_States,35.6,35.7
Canidae,Hesperocyon,gregarius,NA,16998,Hesperocyon,gregarius,PaleoDB,43,-104.5,NorthAmerica,United_States,35.6,35.7
Canidae,Hesperocyon,gregarius,NA,17024,Hesperocyon,gregarius,PaleoDB,43,-104.5,NorthAmerica,United_States,35.6,35.7
Canidae,Hesperocyon,gregarius,NA,16962,Hesperocyon,gregarius,PaleoDB,43.2,-107.1,NorthAmerica,United_States,35.7,35.7
Canidae,Hesperocyon,gregarius,NA,16930,Hesperocyon,gregarius,PaleoDB,42.8,-103.4,NorthAmerica,United_States,35.8,35.8
Canidae,Hesperocyon,gregarius,NA,17010,Hesperocyon,gregarius,PaleoDB,45.897,-112.2533,NorthAmerica,United_States,35.8,35.9
Canidae,Hesperocyon,gregarius,NA,17027,Hesperocyon,gregarius,PaleoDB,45.7,-111,NorthAmerica,United_States,35.8,36
Canidae,Hesperocyon,gregarius,NA,16988,Hesperocyon,gregarius,PaleoDB,46,-112,NorthAmerica,United_States,35.9,35.9
Canidae,Hesperocyon,gregarius,NA,16920,Hesperocyon,gregarius,PaleoDB,43.2,-108.2,NorthAmerica,United_States,36,36
Canidae,Hesperocyon,gregarius,NA,16959,Hesperocyon,gregarius,PaleoDB,46,-112,NorthAmerica,United_States,36,36
Canidae,Hesperocyon,gregarius,NA,16977,Hesperocyon,gregarius,PaleoDB,40.8,-103.1,NorthAmerica,United_States,36.2,36.3
Canidae,Hesperocyon,gregarius,10754,NA,Hesperocyon,gregarius,NOW,54.5,-105.681389,NorthAmerica,Canada,36.5,37
Canidae,Hesperocyon,gregarius,NA,17028,Hesperocyon,gregarius,PaleoDB,45.7,-111,NorthAmerica,United_States,36.7,36.8
Canidae,Hesperocyon,gregarius,NA,16919,Hesperocyon,gregarius,PaleoDB,49.566667,-109.883333,NorthAmerica,Canada,36.9,36.9
Canidae,Hesperocyon,gregarius,10749,NA,Hesperocyon,gregarius,NOW,54.5,-105.681389,NorthAmerica,Canada,37,40
Canidae,Hesperocyon,gregarius,NA,16845,Hesperocyon,gregarius,PaleoDB,50,-107.9,NorthAmerica,Canada,37.2,40.4
Canidae,Leptocyon,delicatus,NA,17443,Leptocyon,delicatus,PaleoDB,43.3,-102.5,NorthAmerica,United_States,20.43,30.8
Canidae,Leptocyon,delicatus,10394,NA,Leptocyon,delicatus,NOW,43.18,-102.419722,NorthAmerica,United_States,23,28.1
Canidae,Leptocyon,douglassi,10838,NA,Leptocyon,douglassi,NOW,42.727222,-100.829167,NorthAmerica,United_States,23,30
Canidae,Leptocyon,douglassi,10850,NA,Leptocyon,douglassi,NOW,46.6525,-111.694167,NorthAmerica,United_States,23,28.1
Canidae,Leptocyon,douglassi,NA,17722,Leptocyon,douglassi,PaleoDB,46.5,-111,NorthAmerica,United_States,24.4,25.9
Canidae,Leptocyon,douglassi,NA,17481,Leptocyon,douglassi,PaleoDB,46.6,-112.1,NorthAmerica,United_States,25,25.9
Canidae,Leptocyon,douglassi,NA,17641,Leptocyon,douglassi,PaleoDB,43.3,-102.5,NorthAmerica,United_States,26.3,30.8
Canidae,Leptocyon,douglassi,NA,17654,Leptocyon,douglassi,PaleoDB,43.3,-102.5,NorthAmerica,United_States,26.3,30.8
Canidae,Leptocyon,douglassi,NA,159093,Leptocyon,douglassi,PaleoDB,44.75,-120,NorthAmerica,United_States,28,29
Canidae,Leptocyon,douglassi,10391,NA,Leptocyon,douglassi,NOW,43.08333,-102.333,NorthAmerica,United_States,28.1,30
Canidae,Leptocyon,douglassi,10907,NA,Leptocyon,douglassi,NOW,44.664722,-119.667778,NorthAmerica,United_States,28.1,30
Canidae,Leptocyon,Genus_Only,10489,NA,Leptocyon,indet.,NOW,39.069444,-99.555556,NorthAmerica,United_States,9,10.1
Canidae,Leptocyon,Genus_Only,10567,NA,Leptocyon,indet.,NOW,29.61667,-82.36667,NorthAmerica,United_States,9,10.1
Canidae,Leptocyon,Genus_Only,NA,18825,Leptocyon,sp.,PaleoDB,43.6,-117.5,NorthAmerica,United_States,11.5,13.5
Canidae,Leptocyon,Genus_Only,NA,18187,Leptocyon,sp.,PaleoDB,38.9658,-99.5477,NorthAmerica,United_States,11.5,11.5
Canidae,Leptocyon,Genus_Only,NA,18554,Leptocyon,sp.,PaleoDB,29.55,-82.516667,NorthAmerica,United_States,11.5,11.5
Canidae,Leptocyon,Genus_Only,NA,18219,Leptocyon,sp.,PaleoDB,38.9,-99.4,NorthAmerica,United_States,11.6,11.8
Canidae,Leptocyon,Genus_Only,NA,18221,Leptocyon,sp.,PaleoDB,41.7,-103.1,NorthAmerica,United_States,11.8,11.8
Canidae,Leptocyon,Genus_Only,NA,18313,Leptocyon,sp.,PaleoDB,42.8,-100.8,NorthAmerica,United_States,12.9,13.8
Canidae,Leptocyon,Genus_Only,NA,18121,Leptocyon,sp.,PaleoDB,42.8,-100.8,NorthAmerica,United_States,13.6,15.97
Canidae,Leptocyon,Genus_Only,NA,18454,Leptocyon,sp.,PaleoDB,42.7,-100,NorthAmerica,United_States,13.6,15.97
Canidae,Leptocyon,Genus_Only,NA,181731,Leptocyon,sp.,PaleoDB,39.2,-117.9,NorthAmerica,United_States,13.6,15.97
Canidae,Leptocyon,Genus_Only,NA,18208,Leptocyon,sp.,PaleoDB,41.5,-103.8,NorthAmerica,United_States,13.8,13.8
Canidae,Leptocyon,Genus_Only,10370,NA,Leptocyon,indet.,NOW,40.870556,-103.920556,NorthAmerica,United_States,14.8,16
Canidae,Leptocyon,Genus_Only,10432,NA,Leptocyon,sp.,NOW,40.809868,-96.675345,NorthAmerica,United_States,14.8,17.5
Canidae,Leptocyon,Genus_Only,10042,NA,Leptocyon,indet.,NOW,33.598889,-117.786667,NorthAmerica,United_States,18.8,23
Canidae,Leptocyon,Genus_Only,10426,NA,Leptocyon,indet.,NOW,42.418611,-103.801111,NorthAmerica,United_States,19.5,23
Canidae,Leptocyon,Genus_Only,NA,167848,Leptocyon,sp.,PaleoDB,33.729167,-117.720833,NorthAmerica,United_States,20.43,30.8
Canidae,Leptocyon,Genus_Only,NA,17837,Leptocyon,sp.,PaleoDB,30.3,-83,NorthAmerica,United_States,21.7,21.8
Canidae,Leptocyon,Genus_Only,NA,17819,Leptocyon,sp.,PaleoDB,42.4,-103.8,NorthAmerica,United_States,22.6,22.6
Canidae,Leptocyon,Genus_Only,10416,NA,Leptocyon,sp.,NOW,40.809868,-96.675345,NorthAmerica,United_States,32,33.7
Canidae,Leptocyon,gregorii,10429,NA,Leptocyon,gregorii,NOW,42.417222,-103.727222,NorthAmerica,United_States,18.8,19.5
Canidae,Leptocyon,gregorii,10315,NA,Leptocyon,gregorii,NOW,42.908056,-104.421667,NorthAmerica,United_States,19.5,23
Canidae,Leptocyon,gregorii,10395,NA,Leptocyon,gregorii,NOW,43.464167,-101.655278,NorthAmerica,United_States,19.5,23
Canidae,Leptocyon,gregorii,NA,17519,Leptocyon,gregorii,PaleoDB,43.3,-102.5,NorthAmerica,United_States,20.43,24.8
Canidae,Leptocyon,gregorii,NA,17846,Leptocyon,gregorii,PaleoDB,42.4,-103.8,NorthAmerica,United_States,21.4,21.5
Canidae,Leptocyon,gregorii,NA,17456,Leptocyon,gregorii,PaleoDB,43.3,-102.5,NorthAmerica,United_States,22.1,22.1
Canidae,Leptocyon,gregorii,NA,17811,Leptocyon,gregorii,PaleoDB,43,-104.5,NorthAmerica,United_States,22.7,23.5
Canidae,Leptocyon,gregorii,NA,17815,Leptocyon,gregorii,PaleoDB,43,-104.5,NorthAmerica,United_States,22.7,22.8
Canidae,Leptocyon,gregorii,10399,NA,Leptocyon,gregorii,NOW,43.058056,-99.818611,NorthAmerica,United_States,23,28.1
Canidae,Leptocyon,gregorii,NA,17794,Leptocyon,gregorii,PaleoDB,43,-104.5,NorthAmerica,United_States,23.5,23.5
Canidae,Leptocyon,leidyi,10644,NA,Leptocyon,leidyi,NOW,35.453611,-118.100278,NorthAmerica,United_States,7.6,9
Canidae,Leptocyon,leidyi,10643,NA,Leptocyon,leidyi,NOW,35.385,-117.988056,NorthAmerica,United_States,9,12.1
Canidae,Leptocyon,leidyi,10486,NA,Leptocyon,leidyi,NOW,38.76111,-97.69722,NorthAmerica,United_States,10.1,14.8
Canidae,Leptocyon,leidyi,10675,NA,Leptocyon,leidyi,NOW,38.603611,-117.843056,NorthAmerica,United_States,10.1,12.1
Canidae,Leptocyon,leidyi,10642,NA,Leptocyon,leidyi,NOW,35.393889,-117.944444,NorthAmerica,United_States,10.1,12.1
Canidae,Leptocyon,leidyi,10645,NA,Leptocyon,leidyi,NOW,35.416111,-116.243611,NorthAmerica,United_States,10.1,12.1
Canidae,Leptocyon,leidyi,11039,NA,Leptocyon,leidyi,NOW,35.891389,-106.020833,NorthAmerica,United_States,10.1,12.5
Canidae,Leptocyon,leidyi,10456,NA,Leptocyon,leidyi,NOW,42.6425,-100.064444,NorthAmerica,United_States,12.1,12.5
Canidae,Leptocyon,leidyi,10446,NA,Leptocyon,leidyi,NOW,40.809868,-96.675345,NorthAmerica,United_States,12.5,14.8
Canidae,Leptocyon,leidyi,10453,NA,Leptocyon,leidyi,NOW,42.784444,-100.035278,NorthAmerica,United_States,12.5,14.8
Canidae,Leptocyon,leidyi,10454,NA,Leptocyon,leidyi,NOW,42.826667,-97.636389,NorthAmerica,United_States,12.5,14.8
Canidae,Leptocyon,leidyi,10455,NA,Leptocyon,leidyi,NOW,42.712222,-99.788889,NorthAmerica,United_States,12.5,14.8
Canidae,Leptocyon,leidyi,11023,NA,Leptocyon,leidyi,NOW,35.458056,-106.7525,NorthAmerica,United_States,12.5,14.8
Canidae,Leptocyon,leidyi,11034,NA,Leptocyon,leidyi,NOW,35.824722,-105.978611,NorthAmerica,United_States,12.5,14.8
Canidae,Leptocyon,leidyi,11038,NA,Leptocyon,leidyi,NOW,36.390833,-106.044167,NorthAmerica,United_States,12.5,14.8
Canidae,Leptocyon,leidyi,NA,17905,Leptocyon,leidyi,PaleoDB,42.1856,-103.73265,NorthAmerica,United_States,13.6,15.97
Canidae,Leptocyon,leidyi,NA,17976,Leptocyon,leidyi,PaleoDB,42.683333,-102.85,NorthAmerica,United_States,13.6,15.97
Canidae,Leptocyon,leidyi,NA,19356,Leptocyon,leidyi,PaleoDB,34.8,-117,NorthAmerica,United_States,13.6,15.97
Canidae,Leptocyon,leidyi,NA,19510,Leptocyon,leidyi,PaleoDB,34.8,-117,NorthAmerica,United_States,13.6,15.97
Canidae,Leptocyon,leidyi,NA,19611,Leptocyon,leidyi,PaleoDB,35.5,-106.2,NorthAmerica,United_States,13.6,13.6
Canidae,Leptocyon,leidyi,NA,19364,Leptocyon,leidyi,PaleoDB,35.05,-117.066667,NorthAmerica,United_States,14,14
Canidae,Leptocyon,leidyi,NA,19366,Leptocyon,leidyi,PaleoDB,34.8,-117,NorthAmerica,United_States,14,14.2
Canidae,Leptocyon,leidyi,NA,19463,Leptocyon,leidyi,PaleoDB,34.8,-117,NorthAmerica,United_States,14.1,14.4
Canidae,Leptocyon,leidyi,NA,19548,Leptocyon,leidyi,PaleoDB,34.8,-117,NorthAmerica,United_States,14.3,14.4
Canidae,Leptocyon,leidyi,10674,NA,Leptocyon,leidyi,NOW,38.586111,-117.926389,NorthAmerica,United_States,14.8,16
Canidae,Leptocyon,leidyi,NA,19547,Leptocyon,leidyi,PaleoDB,35.5,-106.2,NorthAmerica,United_States,15.2,15.2
Canidae,Leptocyon,leidyi,NA,17956,Leptocyon,leidyi,PaleoDB,42.4,-103.8,NorthAmerica,United_States,15.97,20.43
Canidae,Leptocyon,leidyi,NA,17972,Leptocyon,leidyi,PaleoDB,42.4,-103.8,NorthAmerica,United_States,15.97,20.43
Canidae,Leptocyon,leidyi,NA,17955,Leptocyon,leidyi,PaleoDB,42.4,-103.8,NorthAmerica,United_States,16.4,16.5
Canidae,Leptocyon,leidyi,NA,17902,Leptocyon,leidyi,PaleoDB,42.4,-103.8,NorthAmerica,United_States,17.1,17.6
Canidae,Leptocyon,leidyi,NA,17952,Leptocyon,leidyi,PaleoDB,42.4,-103.8,NorthAmerica,United_States,17.3,17.3
Canidae,Leptocyon,leidyi,NA,17970,Leptocyon,leidyi,PaleoDB,42.2,-103.1,NorthAmerica,United_States,17.6,17.6
Canidae,Leptocyon,leidyi,NA,17920,Leptocyon,leidyi,PaleoDB,42.4,-103.8,NorthAmerica,United_States,17.6,17.7
Canidae,Leptocyon,leidyi,NA,18000,Leptocyon,leidyi,PaleoDB,42.4,-103.8,NorthAmerica,United_States,17.6,17.6
Canidae,Leptocyon,leidyi,NA,18001,Leptocyon,leidyi,PaleoDB,42.4,-103.8,NorthAmerica,United_States,17.6,17.6
Canidae,Leptocyon,leidyi,NA,17932,Leptocyon,leidyi,PaleoDB,42.2,-103.1,NorthAmerica,United_States,19.5,19.5
Canidae,Leptocyon,leidyi,NA,17942,Leptocyon,leidyi,PaleoDB,42.2,-103.1,NorthAmerica,United_States,19.8,19.9
Canidae,Leptocyon,leidyi,NA,17978,Leptocyon,leidyi,PaleoDB,42.8,-103.1,NorthAmerica,United_States,19.8,19.9
Canidae,Leptocyon,leidyi,NA,17842,Leptocyon,leidyi,PaleoDB,42.2,-103.1,NorthAmerica,United_States,20.43,24.8
Canidae,Leptocyon,matthewi,10458,NA,Leptocyon,matthewi,NOW,42.166111,-103.726667,NorthAmerica,United_States,9,10.1
Canidae,Leptocyon,matthewi,10465,NA,Leptocyon,matthewi,NOW,42.694167,-100.856389,NorthAmerica,United_States,9,12.1
Canidae,Leptocyon,matthewi,10462,NA,Leptocyon,matthewi,NOW,42.421111,-98.156667,NorthAmerica,United_States,10.1,12.1
Canidae,Leptocyon,matthewi,10405,NA,Leptocyon,matthewi,NOW,43.119444,-101.930833,NorthAmerica,United_States,10.1,12.1
Canidae,Leptocyon,matthewi,10675,NA,Leptocyon,matthewi,NOW,38.603611,-117.843056,NorthAmerica,United_States,10.1,12.1
Canidae,Leptocyon,matthewi,11048,NA,Leptocyon,matthewi,NOW,35.955,-106.120833,NorthAmerica,United_States,10.1,12.1
Canidae,Leptocyon,matthewi,NA,18321,Leptocyon,matthewi,PaleoDB,42.8,-100.8,NorthAmerica,United_States,11.5,11.6
Canidae,Leptocyon,matthewi,NA,18218,Leptocyon,matthewi,PaleoDB,42.8,-100.8,NorthAmerica,United_States,11.6,11.6
Canidae,Leptocyon,matthewi,NA,18227,Leptocyon,matthewi,PaleoDB,42.8,-100.8,NorthAmerica,United_States,11.6,11.6
Canidae,Leptocyon,matthewi,NA,18496,Leptocyon,matthewi,PaleoDB,42.8,-100.8,NorthAmerica,United_States,11.6,11.6
Canidae,Leptocyon,matthewi,NA,18069,Leptocyon,matthewi,PaleoDB,42.8,-100.8,NorthAmerica,United_States,11.7,13.1
Canidae,Leptocyon,matthewi,NA,18200,Leptocyon,matthewi,PaleoDB,43.2,-100.7,NorthAmerica,United_States,11.7,11.9
Canidae,Leptocyon,matthewi,NA,18268,Leptocyon,matthewi,PaleoDB,43.4,-100.6,NorthAmerica,United_States,11.7,11.7
Canidae,Leptocyon,matthewi,NA,18327,Leptocyon,matthewi,PaleoDB,42.633333,-100.05,NorthAmerica,United_States,11.7,11.8
Canidae,Leptocyon,matthewi,NA,19528,Leptocyon,matthewi,PaleoDB,36.5,-107,NorthAmerica,United_States,11.7,11.7
Canidae,Leptocyon,matthewi,NA,18063,Leptocyon,matthewi,PaleoDB,43.2,-101.8,NorthAmerica,United_States,11.8,11.8
Canidae,Leptocyon,matthewi,NA,18066,Leptocyon,matthewi,PaleoDB,42.3863,-98.974,NorthAmerica,United_States,11.8,11.8
Canidae,Leptocyon,matthewi,NA,18042,Leptocyon,matthewi,PaleoDB,42.8,-100.8,NorthAmerica,United_States,11.8,11.8
Canidae,Leptocyon,matthewi,NA,18095,Leptocyon,matthewi,PaleoDB,42.7,-100,NorthAmerica,United_States,11.8,11.8
Canidae,Leptocyon,matthewi,NA,18134,Leptocyon,matthewi,PaleoDB,42.7,-100,NorthAmerica,United_States,11.8,11.8
Canidae,Leptocyon,matthewi,NA,18171,Leptocyon,matthewi,PaleoDB,42.8,-100.8,NorthAmerica,United_States,11.8,11.8
Canidae,Leptocyon,matthewi,NA,18222,Leptocyon,matthewi,PaleoDB,42.4,-103.8,NorthAmerica,United_States,11.8,11.9
Canidae,Leptocyon,matthewi,NA,18336,Leptocyon,matthewi,PaleoDB,42.7,-100,NorthAmerica,United_States,11.8,11.8
Canidae,Leptocyon,matthewi,NA,18888,Leptocyon,matthewi,PaleoDB,37.956667,-118.031944,NorthAmerica,United_States,12.2,12.2
Canidae,Leptocyon,mollis,NA,93078,Leptocyon,mollis,PaleoDB,44.666667,-119.633333,NorthAmerica,United_States,20.43,30.8
Canidae,Leptocyon,mollis,10907,NA,Leptocyon,mollis,NOW,44.664722,-119.667778,NorthAmerica,United_States,28.1,30
Canidae,Leptocyon,tejonensis,10079,NA,Leptocyon,tejonensis,NOW,35.125556,-118.824167,NorthAmerica,United_States,10.1,12.1
Canidae,Leptocyon,tejonensis,NA,19553,Leptocyon,tejonensis,PaleoDB,35.3,-118.5,NorthAmerica,United_States,11.7,11.7
Canidae,Leptocyon,vafer,10481,NA,Leptocyon,vafer,NOW,37.371389,-99.785278,NorthAmerica,United_States,7.6,9
Canidae,Leptocyon,vafer,11103,NA,Leptocyon,vafer,NOW,29.2775,-103.053611,NorthAmerica,United_States,7.6,9
Canidae,Leptocyon,vafer,10540,NA,Leptocyon,vafer,NOW,28.42,-97.74,NorthAmerica,United_States,10.1,12.1
Canidae,Leptocyon,vafer,10541,NA,Leptocyon,vafer,NOW,28.531389,-97.591389,NorthAmerica,United_States,10.1,12.1
Canidae,Leptocyon,vafer,10675,NA,Leptocyon,vafer,NOW,38.603611,-117.843056,NorthAmerica,United_States,10.1,12.1
Canidae,Leptocyon,vafer,10688,NA,Leptocyon,vafer,NOW,40.446389,-114.444444,NorthAmerica,United_States,10.1,12.1
Canidae,Leptocyon,vafer,10645,NA,Leptocyon,vafer,NOW,35.416111,-116.243611,NorthAmerica,United_States,10.1,12.1
Canidae,Leptocyon,vafer,11039,NA,Leptocyon,vafer,NOW,35.891389,-106.020833,NorthAmerica,United_States,10.1,12.5
Canidae,Leptocyon,vafer,11048,NA,Leptocyon,vafer,NOW,35.955,-106.120833,NorthAmerica,United_States,10.1,12.1
Canidae,Leptocyon,vafer,NA,19531,Leptocyon,vafer,PaleoDB,35.5,-106.2,NorthAmerica,United_States,10.1,11.5
Canidae,Leptocyon,vafer,NA,110829,Leptocyon,vafer,PaleoDB,39.95,-99.533333,NorthAmerica,United_States,10.3,13.6
Canidae,Leptocyon,vafer,NA,18378,Leptocyon,vafer,PaleoDB,42.8,-100.8,NorthAmerica,United_States,10.6,11.8
Canidae,Leptocyon,vafer,NA,19185,Leptocyon,vafer,PaleoDB,37.9,-122.1,NorthAmerica,United_States,11.7,11.7
Canidae,Leptocyon,vafer,NA,19517,Leptocyon,vafer,PaleoDB,35.3,-118.5,NorthAmerica,United_States,11.7,11.7
Canidae,Leptocyon,vafer,NA,18083,Leptocyon,vafer,PaleoDB,43.2,-100.7,NorthAmerica,United_States,11.7,16.5
Canidae,Leptocyon,vafer,NA,18306,Leptocyon,vafer,PaleoDB,42.7,-102.5,NorthAmerica,United_States,11.7,12.3
Canidae,Leptocyon,vafer,NA,19322,Leptocyon,vafer,PaleoDB,35.3,-118.5,NorthAmerica,United_States,11.7,11.7
Canidae,Leptocyon,vafer,NA,19323,Leptocyon,vafer,PaleoDB,35.3,-118.5,NorthAmerica,United_States,11.7,11.7
Canidae,Leptocyon,vafer,NA,19470,Leptocyon,vafer,PaleoDB,36.5,-107,NorthAmerica,United_States,11.7,13.1
Canidae,Leptocyon,vafer,NA,19528,Leptocyon,vafer,PaleoDB,36.5,-107,NorthAmerica,United_States,11.7,11.7
Canidae,Leptocyon,vafer,NA,19035,Leptocyon,vafer,PaleoDB,41,-115.5,NorthAmerica,United_States,11.8,12.3
Canidae,Leptocyon,vafer,NA,18611,Leptocyon,vafer,PaleoDB,28.6,-97.7,NorthAmerica,United_States,11.9,11.9
Canidae,Leptocyon,vafer,NA,18157,Leptocyon,vafer,PaleoDB,42.8,-100.8,NorthAmerica,United_States,11.9,12.3
Canidae,Leptocyon,vafer,NA,18077,Leptocyon,vafer,PaleoDB,42.8,-100.8,NorthAmerica,United_States,12,12
Canidae,Leptocyon,vafer,10456,NA,Leptocyon,vafer,NOW,42.6425,-100.064444,NorthAmerica,United_States,12.1,12.5
Canidae,Leptocyon,vafer,NA,18845,Leptocyon,vafer,PaleoDB,38.25,-117.9,NorthAmerica,United_States,12.1,12.2
Canidae,Leptocyon,vafer,NA,18217,Leptocyon,vafer,PaleoDB,42.7,-100,NorthAmerica,United_States,12.2,12.3
Canidae,Leptocyon,vafer,NA,18242,Leptocyon,vafer,PaleoDB,42.7,-100,NorthAmerica,United_States,12.2,12.3
Canidae,Leptocyon,vafer,NA,18106,Leptocyon,vafer,PaleoDB,42.8,-100.8,NorthAmerica,United_States,12.3,12.3
Canidae,Leptocyon,vafer,NA,18260,Leptocyon,vafer,PaleoDB,42.8,-100.8,NorthAmerica,United_States,12.3,12.3
Canidae,Leptocyon,vafer,10767,NA,Leptocyon,vafer,NOW,54.5,-105.681389,NorthAmerica,Canada,12.5,14.8
Canidae,Leptocyon,vafer,10446,NA,Leptocyon,vafer,NOW,40.809868,-96.675345,NorthAmerica,United_States,12.5,14.8
Canidae,Leptocyon,vafer,10453,NA,Leptocyon,vafer,NOW,42.784444,-100.035278,NorthAmerica,United_States,12.5,14.8
Canidae,Leptocyon,vafer,10454,NA,Leptocyon,vafer,NOW,42.826667,-97.636389,NorthAmerica,United_States,12.5,14.8
Canidae,Leptocyon,vafer,10455,NA,Leptocyon,vafer,NOW,42.712222,-99.788889,NorthAmerica,United_States,12.5,14.8
Canidae,Leptocyon,vafer,10374,NA,Leptocyon,vafer,NOW,40.57861,-103.35778,NorthAmerica,United_States,12.5,14.8
Canidae,Leptocyon,vafer,11023,NA,Leptocyon,vafer,NOW,35.458056,-106.7525,NorthAmerica,United_States,12.5,14.8
Canidae,Leptocyon,vafer,11034,NA,Leptocyon,vafer,NOW,35.824722,-105.978611,NorthAmerica,United_States,12.5,14.8
Canidae,Leptocyon,vafer,11038,NA,Leptocyon,vafer,NOW,36.390833,-106.044167,NorthAmerica,United_States,12.5,14.8
Canidae,Leptocyon,vafer,NA,19145,Leptocyon,vafer,PaleoDB,34.8,-117,NorthAmerica,United_States,12.6,12.7
Canidae,Leptocyon,vafer,NA,19274,Leptocyon,vafer,PaleoDB,35.7,-107,NorthAmerica,United_States,13.1,16.7
Canidae,Leptocyon,vafer,NA,19286,Leptocyon,vafer,PaleoDB,35.7,-107,NorthAmerica,United_States,13.5,15
Canidae,Leptocyon,vafer,NA,19286,Leptocyon,vafer,PaleoDB,35.7,-107,NorthAmerica,United_States,13.5,15
Canidae,Leptocyon,vafer,NA,19519,Leptocyon,vafer,PaleoDB,36.5,-107,NorthAmerica,United_States,13.5,13.8
Canidae,Leptocyon,vafer,NA,18797,Leptocyon,vafer,PaleoDB,49.2,-106.2,NorthAmerica,Canada,13.6,15.97
Canidae,Leptocyon,vafer,NA,18788,Leptocyon,vafer,PaleoDB,49.2,-106.2,NorthAmerica,Canada,13.6,15.97
Canidae,Leptocyon,vafer,NA,18790,Leptocyon,vafer,PaleoDB,49.2,-106.2,NorthAmerica,Canada,13.6,15.97
Canidae,Leptocyon,vafer,NA,18141,Leptocyon,vafer,PaleoDB,42.8061,-100.505,NorthAmerica,United_States,13.6,15.97
Canidae,Leptocyon,vafer,NA,18443,Leptocyon,vafer,PaleoDB,42.6,-98,NorthAmerica,United_States,13.6,15.97
Canidae,Leptocyon,vafer,NA,18165,Leptocyon,vafer,PaleoDB,42.8,-100.8,NorthAmerica,United_States,13.6,15.97
Canidae,Leptocyon,vafer,NA,18027,Leptocyon,vafer,PaleoDB,42.7,-100,NorthAmerica,United_States,13.6,15.97
Canidae,Leptocyon,vafer,NA,18031,Leptocyon,vafer,PaleoDB,42.49,-98.11,NorthAmerica,United_States,13.6,15.97
Canidae,Leptocyon,vafer,NA,18109,Leptocyon,vafer,PaleoDB,42.8,-100.8,NorthAmerica,United_States,13.6,15.97
Canidae,Leptocyon,vafer,NA,18125,Leptocyon,vafer,PaleoDB,42.8,-100.8,NorthAmerica,United_States,13.6,15.97
Canidae,Leptocyon,vafer,NA,18155,Leptocyon,vafer,PaleoDB,42.7,-100,NorthAmerica,United_States,13.6,15.97
Canidae,Leptocyon,vafer,NA,18164,Leptocyon,vafer,PaleoDB,42.9,-98.8,NorthAmerica,United_States,13.6,15.97
Canidae,Leptocyon,vafer,NA,18192,Leptocyon,vafer,PaleoDB,40.2,-101.1,NorthAmerica,United_States,13.6,15.97
Canidae,Leptocyon,vafer,NA,18209,Leptocyon,vafer,PaleoDB,42.9,-98.8,NorthAmerica,United_States,13.6,15.97
Canidae,Leptocyon,vafer,NA,18216,Leptocyon,vafer,PaleoDB,42.7,-100,NorthAmerica,United_States,13.6,15.97
Canidae,Leptocyon,vafer,NA,18220,Leptocyon,vafer,PaleoDB,40.8,-103.1,NorthAmerica,United_States,13.6,15.97
Canidae,Leptocyon,vafer,NA,18232,Leptocyon,vafer,PaleoDB,42.8,-100.8,NorthAmerica,United_States,13.6,15.97
Canidae,Leptocyon,vafer,NA,18266,Leptocyon,vafer,PaleoDB,42.8,-100.8,NorthAmerica,United_States,13.6,15.97
Canidae,Leptocyon,vafer,NA,18275,Leptocyon,vafer,PaleoDB,40.238,-98.5271,NorthAmerica,United_States,13.6,15.97
Canidae,Leptocyon,vafer,NA,18284,Leptocyon,vafer,PaleoDB,42.783333,-100.033333,NorthAmerica,United_States,13.6,15.97
Canidae,Leptocyon,vafer,NA,18337,Leptocyon,vafer,PaleoDB,42.7,-100,NorthAmerica,United_States,13.6,15.97
Canidae,Leptocyon,vafer,NA,18363,Leptocyon,vafer,PaleoDB,42.8,-99.7,NorthAmerica,United_States,13.6,15.97
Canidae,Leptocyon,vafer,NA,18442,Leptocyon,vafer,PaleoDB,42.8,-100.8,NorthAmerica,United_States,13.6,15.97
Canidae,Leptocyon,vafer,NA,19535,Leptocyon,vafer,PaleoDB,35.5,-106.2,NorthAmerica,United_States,13.6,15.97
Canidae,Leptocyon,vafer,NA,19097,Leptocyon,vafer,PaleoDB,38.1,-117.3,NorthAmerica,United_States,13.7,13.7
Canidae,Leptocyon,vafer,10674,NA,Leptocyon,vafer,NOW,38.586111,-117.926389,NorthAmerica,United_States,14.8,16
Canidae,Leptocyon,vafer,NA,19339,Leptocyon,vafer,PaleoDB,35.5,-106.2,NorthAmerica,United_States,15.2,15.2
Canidae,Leptocyon,vafer,10436,NA,Leptocyon,vafer,NOW,42.399722,-103.030556,NorthAmerica,United_States,16,17.5
Canidae,Leptocyon,vulpinus,10431,NA,Leptocyon,vulpinus,NOW,42.393056,-103.311667,NorthAmerica,United_States,17.5,18.8
Canidae,Leptocyon,vulpinus,10433,NA,Leptocyon,vulpinus,NOW,42.750833,-102.022222,NorthAmerica,United_States,17.5,18.8
Canidae,Leptocyon,vulpinus,10042,NA,Leptocyon,vulpinus,NOW,33.598889,-117.786667,NorthAmerica,United_States,18.8,23
Canidae,Leptocyon,vulpinus,10396,NA,Leptocyon,vulpinus,NOW,43.389722,-102.464722,NorthAmerica,United_States,18.8,19.5
Canidae,Leptocyon,vulpinus,10426,NA,Leptocyon,vulpinus,NOW,42.418611,-103.801111,NorthAmerica,United_States,19.5,23
Canidae,Leptocyon,vulpinus,NA,17898,Leptocyon,vulpinus,PaleoDB,42.8,-103.1,NorthAmerica,United_States,19.8,19.8
Canidae,Leptocyon,vulpinus,NA,17891,Leptocyon,vulpinus,PaleoDB,42.8,-103.1,NorthAmerica,United_States,19.9,19.9
Canidae,Leptocyon,vulpinus,NA,17934,Leptocyon,vulpinus,PaleoDB,42.2,-103.1,NorthAmerica,United_States,19.9,19.9
Canidae,Leptocyon,vulpinus,NA,167853,Leptocyon,vulpinus,PaleoDB,33.599167,-117.611667,NorthAmerica,United_States,20.43,30.8
Canidae,Leptocyon,vulpinus,NA,36761,Leptocyon,vulpinus,PaleoDB,44.8304,-119.757,NorthAmerica,United_States,20.43,30.8
Canidae,Leptocyon,vulpinus,10394,NA,Leptocyon,vulpinus,NOW,43.18,-102.419722,NorthAmerica,United_States,23,28.1
Canidae,Leptocyon,vulpinus,NA,17451,Leptocyon,vulpinus,PaleoDB,43.3,-102.5,NorthAmerica,United_States,23.1,23.1
Canidae,Lycalopex,culpaeus,NA,133644,Dusicyon,culpaeus,PaleoDB,-1.765,-78.603,SouthAmerica,Ecuador,0.012,2.588
Canidae,Lycalopex,gymnocercus,NA,63338,Canis,gymnocercus,PaleoDB,-38.533333,-62.083333,SouthAmerica,Argentina,0,0.012
Canidae,Lycalopex,gymnocercus,NA,70673,Canis,gymnocercus,PaleoDB,-21.533333,-64.733333,SouthAmerica,Bolivia,0.781,2.588
Canidae,Lycalopex,sechurae,NA,133630,Dusicyon,sechurae,PaleoDB,-2.224,-80.925,SouthAmerica,Ecuador,0.012,0.781
Canidae,Lycaon,Genus_Only,27233,NA,Lycaon,indet.,NOW,-26.27694444,28.10194444,Africa,South_Africa,1.95,2.05
Canidae,Lycaon,pictus,26962,NA,Lycaon,magnus,NOW,33.56666667,-7.551666667,Africa,Morocco,0.01,1.95
Canidae,Lycaon,pictus,28094,NA,Lycaon,picta,NOW,-23.55,29.2,Africa,South_Africa,0.01,0.126
Canidae,Lycaon,pictus,28091,NA,Lycaon,picta,NOW,-33.05,18.36666667,Africa,South_Africa,0.01,1.95
Canidae,Lycaon,pictus,28093,NA,Lycaon,picta,NOW,-34.15,19.3,Africa,South_Africa,0.01,1.95
Canidae,Lycaon,pictus,NA,115184,Lycaon,pictus,PaleoDB,-29.768506,16.5769417,Africa,South_Africa,0.012,0.126
Canidae,Lycaon,pictus,26965,NA,Lycaon,magnus,NOW,33.56666667,-7.550833333,Africa,Morocco,0.126,0.8
Canidae,Lycaon,sekowei,NA,95150,Lycaon,sp.,PaleoDB,-25.866667,27.783333,Africa,South_Africa,2.588,3.6
Canidae,Mececyon,trinilensis,24149,NA,Mececyon,trinilensis,NOW,-7.3667,111.35,Asia,Indonesia,1.2,1.8
Canidae,Mesocyon,brachyops,NA,93078,Mesocyon,brachyops,PaleoDB,44.666667,-119.633333,NorthAmerica,United_States,20.43,30.8
Canidae,Mesocyon,brachyops,NA,93079,Mesocyon,brachyops,PaleoDB,44.7,-119.633333,NorthAmerica,United_States,20.43,30.8
Canidae,Mesocyon,brachyops,10909,NA,Mesocyon,brachyops,NOW,44.930833,-123.028889,NorthAmerica,United_States,23,28.1
Canidae,Mesocyon,brachyops,NA,17603,Mesocyon,brachyops,PaleoDB,44.7,-119.633333,NorthAmerica,United_States,25.5,25.6
Canidae,Mesocyon,brachyops,NA,17537,Mesocyon,brachyops,PaleoDB,44.666667,-119.65,NorthAmerica,United_States,25.7,25.9
Canidae,Mesocyon,brachyops,10034,NA,Mesocyon,brachyops,NOW,34.28333333,-118.9166667,NorthAmerica,United_States,28.1,30
Canidae,Mesocyon,brachyops,10907,NA,Mesocyon,brachyops,NOW,44.664722,-119.667778,NorthAmerica,United_States,28.1,30
Canidae,Mesocyon,brachyops,10908,NA,Mesocyon,brachyops,NOW,44.930833,-123.028889,NorthAmerica,United_States,28.1,30
Canidae,Mesocyon,brachyops,NA,17527,Mesocyon,brachyops,PaleoDB,34.3,-119,NorthAmerica,United_States,30.7,30.8
Canidae,Mesocyon,coryphaeus,NA,93078,Mesocyon,coryphaeus,PaleoDB,44.666667,-119.633333,NorthAmerica,United_States,20.43,30.8
Canidae,Mesocyon,coryphaeus,10048,NA,Mesocyon,coryphaeus,NOW,40.66666667,-117.9583333,NorthAmerica,United_States,28.1,30
Canidae,Mesocyon,coryphaeus,10034,NA,Mesocyon,coryphaeus,NOW,34.28333333,-118.9166667,NorthAmerica,United_States,28.1,30
Canidae,Mesocyon,coryphaeus,10907,NA,Mesocyon,coryphaeus,NOW,44.664722,-119.667778,NorthAmerica,United_States,28.1,30
Canidae,Mesocyon,coryphaeus,NA,17497,Mesocyon,coryphaeus,PaleoDB,32.9,-117.1,NorthAmerica,United_States,28.9,29
Canidae,Mesocyon,Genus_Only,10546,NA,Mesocyon,indet.,NOW,29.61667,-82.96667,NorthAmerica,United_States,19.5,28.1
Canidae,Mesocyon,Genus_Only,NA,167848,Mesocyon,sp.,PaleoDB,33.729167,-117.720833,NorthAmerica,United_States,20.43,30.8
Canidae,Mesocyon,Genus_Only,10888,NA,Mesocyon,indet.,NOW,47.445833,-102.932222,NorthAmerica,United_States,30,32
Canidae,Mesocyon,Genus_Only,10031,NA,Mesocyon,indet.,NOW,36.043056,-120.106667,NorthAmerica,United_States,37,42.8
Canidae,Mesocyon,temnodon,10425,NA,Mesocyon,temnodon,NOW,42.112778,-103.771389,NorthAmerica,United_States,23,28.1
Canidae,Mesocyon,temnodon,NA,17704,Mesocyon,temnodon,PaleoDB,42.4,-103.8,NorthAmerica,United_States,24.4,24.6
Canidae,Mesocyon,temnodon,NA,17703,Mesocyon,temnodon,PaleoDB,41.3,-105.1,NorthAmerica,United_States,25.2,25.2
Canidae,Mesocyon,temnodon,NA,17630,Mesocyon,temnodon,PaleoDB,43.3,-102.5,NorthAmerica,United_States,26.3,30.8
Canidae,Mesocyon,temnodon,NA,17634,Mesocyon,temnodon,PaleoDB,43.3,-102.5,NorthAmerica,United_States,26.3,30.8
Canidae,Mesocyon,temnodon,NA,17635,Mesocyon,temnodon,PaleoDB,43.3,-102.5,NorthAmerica,United_States,26.3,30.8
Canidae,Mesocyon,temnodon,NA,17641,Mesocyon,temnodon,PaleoDB,43.3,-102.5,NorthAmerica,United_States,26.3,30.8
Canidae,Mesocyon,temnodon,NA,17642,Mesocyon,temnodon,PaleoDB,43.3,-102.5,NorthAmerica,United_States,26.3,30.8
Canidae,Mesocyon,temnodon,10424,NA,Mesocyon,temnodon,NOW,41.615,-103.251111,NorthAmerica,United_States,28.1,30
Canidae,Mesocyon,temnodon,10391,NA,Mesocyon,temnodon,NOW,43.08333,-102.333,NorthAmerica,United_States,28.1,30
Canidae,Mesocyon,temnodon,10353,NA,Mesocyon,temnodon,NOW,39.739167,-104.984722,NorthAmerica,United_States,30,31.4
Canidae,Mesocyon,temnodon,10386,NA,Mesocyon,temnodon,NOW,44.5,-100,NorthAmerica,United_States,30,32
Canidae,Mesocyon,temnodon,10417,NA,Mesocyon,temnodon,NOW,40.809868,-96.675345,NorthAmerica,United_States,30,32
Canidae,Mesocyon,temnodon,NA,17309,Mesocyon,temnodon,PaleoDB,43.9,-102.4,NorthAmerica,United_States,30.8,33.3
Canidae,Mesocyon,temnodon,NA,17314,Mesocyon,temnodon,PaleoDB,43.3,-102.5,NorthAmerica,United_States,30.8,33.3
Canidae,Mesocyon,temnodon,NA,17333,Mesocyon,temnodon,PaleoDB,41.4,-102.4,NorthAmerica,United_States,30.8,33.3
Canidae,Mesocyon,temnodon,NA,17335,Mesocyon,temnodon,PaleoDB,42,-104.2,NorthAmerica,United_States,30.8,33.3
Canidae,Mesocyon,temnodon,NA,17356,Mesocyon,temnodon,PaleoDB,43.2,-103.2,NorthAmerica,United_States,30.8,33.3
Canidae,Mesocyon,temnodon,NA,17426,Mesocyon,temnodon,PaleoDB,40.8,-103.1,NorthAmerica,United_States,31.5,31.6
Canidae,Mesocyon,temnodon,NA,17379,Mesocyon,temnodon,PaleoDB,43.3,-102.5,NorthAmerica,United_States,31.5,33.1
Canidae,Mesocyon,temnodon,NA,17322,Mesocyon,temnodon,PaleoDB,41.7,-103.1,NorthAmerica,United_States,31.8,31.8
Canidae,Mesocyon,temnodon,NA,17365,Mesocyon,temnodon,PaleoDB,41.7,-103.1,NorthAmerica,United_States,31.8,33.2
Canidae,Mesocyon,temnodon,10385,NA,Mesocyon,temnodon,NOW,45.6,-103.6,NorthAmerica,United_States,32,33.7
Canidae,Mesocyon,temnodon,NA,17344,Mesocyon,temnodon,PaleoDB,43.3,-102.5,NorthAmerica,United_States,32.5,32.6
Canidae,Mesocyon,temnodon,NA,17342,Mesocyon,temnodon,PaleoDB,43.3,-102.5,NorthAmerica,United_States,33,33.1
Canidae,Mesocyon,temnodon,NA,17367,Mesocyon,temnodon,PaleoDB,43.3,-102.5,NorthAmerica,United_States,33,33.1
Canidae,Mesocyon,temnodon,NA,17315,Mesocyon,temnodon,PaleoDB,43.5,-101.9,NorthAmerica,United_States,33.1,33.1
Canidae,Mesocyon,temnodon,NA,17097,Mesocyon,temnodon,PaleoDB,43.3,-102.5,NorthAmerica,United_States,33.3,33.9
Canidae,Metalopex,bakeri,11164,NA,Metalopex,bakeri,NOW,36.233889,-100.096389,NorthAmerica,United_States,6.8,7.6
Canidae,Metalopex,bakeri,NA,18072,Metalopex,bakeri,PaleoDB,36.1,-100.1,NorthAmerica,United_States,9.2,9.3
Canidae,Metalopex,macconnelli,10644,NA,Metalopex,macconnelli,NOW,35.453611,-118.100278,NorthAmerica,United_States,7.6,9
Canidae,Metalopex,macconnelli,10925,NA,Metalopex,macconnelli,NOW,44.930833,-123.028889,NorthAmerica,United_States,7.6,10.1
Canidae,Metalopex,macconnelli,10084,NA,Metalopex,macconnelli,NOW,37.829722,-121.929167,NorthAmerica,United_States,9,10.1
Canidae,Metalopex,macconnelli,10643,NA,Metalopex,macconnelli,NOW,35.385,-117.988056,NorthAmerica,United_States,9,12.1
Canidae,Metalopex,macconnelli,10960,NA,Metalopex,macconnelli,NOW,34.32,-112.498333,NorthAmerica,United_States,9,12.5
Canidae,Metalopex,macconnelli,NA,19603,Metalopex,macconnelli,PaleoDB,34.5,-112.5,NorthAmerica,United_States,10.3,13.6
Canidae,Metalopex,macconnelli,NA,19429,Metalopex,macconnelli,PaleoDB,34.5,-112.5,NorthAmerica,United_States,11.6,11.6
Canidae,Metalopex,macconnelli,NA,19436,Metalopex,macconnelli,PaleoDB,34.5,-112.5,NorthAmerica,United_States,11.6,11.6
Canidae,Metalopex,merriami,10951,NA,Metalopex,merriami,NOW,43.613739,-116.237651,NorthAmerica,United_States,2.5,4.9
Canidae,Metalopex,merriami,10099,NA,Metalopex,merriami,NOW,35.474444,-118.926667,NorthAmerica,United_States,6.8,7.6
Canidae,Metalopex,merriami,10466,NA,Metalopex,merriami,NOW,40.395,-100.257778,NorthAmerica,United_States,6.8,7.6
Canidae,Metalopex,merriami,10929,NA,Metalopex,merriami,NOW,44.486111,-119.666667,NorthAmerica,United_States,6.8,7.6
Canidae,Metalopex,merriami,NA,18431,Metalopex,merriami,PaleoDB,40.5,-100.5,NorthAmerica,United_States,7.5,13.3
Canidae,Metalopex,merriami,10693,NA,Metalopex,merriami,NOW,41.925,-118.836111,NorthAmerica,United_States,7.6,9
Canidae,Metalopex,merriami,11047,NA,Metalopex,merriami,NOW,34.795278,-106.6925,NorthAmerica,United_States,7.6,9
Canidae,Metalopex,merriami,NA,19085,Metalopex,merriami,PaleoDB,42.016667,-116.966667,NorthAmerica,United_States,7.9,8
Canidae,Metalopex,merriami,NA,19085,Metalopex,merriami,PaleoDB,42.016667,-116.966667,NorthAmerica,United_States,7.9,8
Canidae,Metalopex,merriami,NA,19095,Metalopex,merriami,PaleoDB,41.1,-117.8,NorthAmerica,United_States,9.6,9.6
Canidae,Metalopex,merriami,NA,19393,Metalopex,merriami,PaleoDB,35.3,-118.5,NorthAmerica,United_States,11.8,11.8
Canidae,Metalopex,merriami,NA,18864,Metalopex,merriami,PaleoDB,44.9,-120.2,NorthAmerica,United_States,15.4,15.7
Canidae,Metatomarctus,canavus,10667,NA,Metatomarctus,sp.,NOW,41.2,-119.316667,NorthAmerica,United_States,14.8,16
Canidae,Metatomarctus,canavus,10667,NA,Metatomarctus,sp.,NOW,41.2,-119.316667,NorthAmerica,United_States,14.8,16
Canidae,Metatomarctus,canavus,NA,18597,Metatomarctus,canavus,PaleoDB,29.7,-82.6,NorthAmerica,United_States,15.97,20.43
Canidae,Metatomarctus,canavus,NA,17973,Metatomarctus,canavus,PaleoDB,42.2,-103.1,NorthAmerica,United_States,15.97,20.43
Canidae,Metatomarctus,canavus,NA,18006,Metatomarctus,canavus,PaleoDB,42.8,-100.8,NorthAmerica,United_States,15.97,20.43
Canidae,Metatomarctus,canavus,NA,167841,Metatomarctus,canavus,PaleoDB,33.779722,-117.733611,NorthAmerica,United_States,15.97,20.43
Canidae,Metatomarctus,canavus,10319,NA,Metatomarctus,canavus,NOW,42.446389,-107.556667,NorthAmerica,United_States,16,17.5
Canidae,Metatomarctus,canavus,10552,NA,Metatomarctus,canavus,NOW,28.133333,-81.631667,NorthAmerica,United_States,16,18.8
Canidae,Metatomarctus,canavus,10659,NA,Metatomarctus,canavus,NOW,39.160833,-119.753889,NorthAmerica,United_States,16,17.5
Canidae,Metatomarctus,canavus,NA,18922,Metatomarctus,sp.,PaleoDB,41.1,-117.8,NorthAmerica,United_States,17.2,17.2
Canidae,Metatomarctus,canavus,10043,NA,Metatomarctus,canavus,NOW,38.555605,-121.468926,NorthAmerica,United_States,17.5,18.8
Canidae,Metatomarctus,canavus,10433,NA,Metatomarctus,canavus,NOW,42.750833,-102.022222,NorthAmerica,United_States,17.5,18.8
Canidae,Metatomarctus,canavus,10434,NA,Metatomarctus,canavus,NOW,41.809167,-103.1025,NorthAmerica,United_States,17.5,18.8
Canidae,Metatomarctus,canavus,10716,NA,Metatomarctus,canavus,NOW,39.161944,-75.526667,NorthAmerica,United_States,17.5,18.8
Canidae,Metatomarctus,canavus,11020,NA,Metatomarctus,canavus,NOW,35.6,-106.75,NorthAmerica,United_States,17.5,18.8
Canidae,Metatomarctus,canavus,NA,19016,Metatomarctus,canavus,PaleoDB,43.2,-108.2,NorthAmerica,United_States,18.1,21.7
Canidae,Metatomarctus,canavus,NA,19358,Metatomarctus,canavus,PaleoDB,34.8,-117,NorthAmerica,United_States,18.1,18.1
Canidae,Metatomarctus,canavus,NA,17864,Metatomarctus,canavus,PaleoDB,42.8,-103.1,NorthAmerica,United_States,18.5,20.2
Canidae,Metatomarctus,canavus,NA,17896,Metatomarctus,canavus,PaleoDB,42.2,-103.1,NorthAmerica,United_States,18.5,18.5
Canidae,Metatomarctus,canavus,NA,17935,Metatomarctus,canavus,PaleoDB,42.2,-103.1,NorthAmerica,United_States,18.5,20.2
Canidae,Metatomarctus,canavus,NA,17936,Metatomarctus,canavus,PaleoDB,42.2,-103.1,NorthAmerica,United_States,18.5,20.2
Canidae,Metatomarctus,canavus,NA,17938,Metatomarctus,canavus,PaleoDB,42.2,-103.1,NorthAmerica,United_States,18.5,20.2
Canidae,Metatomarctus,canavus,NA,17950,Metatomarctus,canavus,PaleoDB,42.2,-103.1,NorthAmerica,United_States,18.5,20.2
Canidae,Metatomarctus,canavus,NA,18579,Metatomarctus,canavus,PaleoDB,39.2,-75.6,NorthAmerica,United_States,19.3,19.4
Canidae,Metatomarctus,canavus,NA,17906,Metatomarctus,canavus,PaleoDB,42.8,-103.1,NorthAmerica,United_States,19.3,20
Canidae,Metatomarctus,canavus,NA,17881,Metatomarctus,canavus,PaleoDB,41.7,-103.1,NorthAmerica,United_States,19.5,19.6
Canidae,Metatomarctus,canavus,NA,17888,Metatomarctus,canavus,PaleoDB,42.7,-102.5,NorthAmerica,United_States,19.5,19.5
Canidae,Metatomarctus,canavus,NA,17932,Metatomarctus,canavus,PaleoDB,42.2,-103.1,NorthAmerica,United_States,19.5,19.5
Canidae,Metatomarctus,canavus,NA,17948,Metatomarctus,canavus,PaleoDB,42.2,-103.1,NorthAmerica,United_States,19.5,19.5
Canidae,Metatomarctus,canavus,NA,19388,Metatomarctus,canavus,PaleoDB,35.7,-107,NorthAmerica,United_States,19.6,19.6
Canidae,Metatomarctus,canavus,NA,18948,Metatomarctus,canavus,PaleoDB,43.2,-107.1,NorthAmerica,United_States,19.7,20.2
Canidae,Metatomarctus,canavus,NA,17942,Metatomarctus,canavus,PaleoDB,42.2,-103.1,NorthAmerica,United_States,19.8,19.9
Canidae,Metatomarctus,canavus,NA,17978,Metatomarctus,canavus,PaleoDB,42.8,-103.1,NorthAmerica,United_States,19.8,19.9
Canidae,Metatomarctus,canavus,NA,17934,Metatomarctus,canavus,PaleoDB,42.2,-103.1,NorthAmerica,United_States,19.9,19.9
Canidae,Metatomarctus,canavus,NA,17963,Metatomarctus,canavus,PaleoDB,42.374,-103.3177,NorthAmerica,United_States,19.9,19.9
Canidae,Metatomarctus,canavus,NA,18005,Metatomarctus,canavus,PaleoDB,42.8,-100.8,NorthAmerica,United_States,19.9,20
Canidae,Microtomarctus,conferta,10363,NA,Microtomarctus,conferta,NOW,40.460278,-108.247222,NorthAmerica,United_States,12.5,14.8
Canidae,Microtomarctus,conferta,10371,NA,Microtomarctus,conferta,NOW,39.739167,-104.984722,NorthAmerica,United_States,12.5,14.8
Canidae,Microtomarctus,conferta,10372,NA,Microtomarctus,conferta,NOW,40.815278,-104.065833,NorthAmerica,United_States,12.5,14.8
Canidae,Microtomarctus,conferta,10537,NA,Microtomarctus,conferta,NOW,30.345,-96.031667,NorthAmerica,United_States,12.5,14.8
Canidae,Microtomarctus,conferta,10639,NA,Microtomarctus,conferta,NOW,35.031944,-117.04,NorthAmerica,United_States,12.5,14.8
Canidae,Microtomarctus,conferta,11023,NA,Microtomarctus,conferta,NOW,35.458056,-106.7525,NorthAmerica,United_States,12.5,14.8
Canidae,Microtomarctus,conferta,11033,NA,Microtomarctus,conferta,NOW,36.146944,-106.243056,NorthAmerica,United_States,12.5,14.8
Canidae,Microtomarctus,conferta,11034,NA,Microtomarctus,conferta,NOW,35.824722,-105.978611,NorthAmerica,United_States,12.5,14.8
Canidae,Microtomarctus,conferta,10363,NA,Tomarctus,paulus,NOW,40.460278,-108.247222,NorthAmerica,United_States,12.5,14.8
Canidae,Microtomarctus,conferta,10639,NA,Tomarctus,paulus,NOW,35.031944,-117.04,NorthAmerica,United_States,12.5,14.8
Canidae,Microtomarctus,conferta,11034,NA,Tomarctus,paulus,NOW,35.824722,-105.978611,NorthAmerica,United_States,12.5,14.8
Canidae,Microtomarctus,conferta,NA,18846,Microtomarctus,conferta,PaleoDB,40.6,-108.1,NorthAmerica,United_States,13.1,13.8
Canidae,Microtomarctus,conferta,NA,18631,Microtomarctus,conferta,PaleoDB,30.7,-94.7,NorthAmerica,United_States,13.1,16.7
Canidae,Microtomarctus,conferta,NA,19014,Microtomarctus,conferta,PaleoDB,41,-115.5,NorthAmerica,United_States,13.1,16.7
Canidae,Microtomarctus,conferta,NA,19274,Microtomarctus,conferta,PaleoDB,35.7,-107,NorthAmerica,United_States,13.1,16.7
Canidae,Microtomarctus,conferta,NA,17905,Microtomarctus,conferta,PaleoDB,42.1856,-103.73265,NorthAmerica,United_States,13.6,15.97
Canidae,Microtomarctus,conferta,NA,19314,Microtomarctus,conferta,PaleoDB,34.8,-117,NorthAmerica,United_States,13.6,15.97
Canidae,Microtomarctus,conferta,NA,19356,Microtomarctus,conferta,PaleoDB,34.8,-117,NorthAmerica,United_States,13.6,15.97
Canidae,Microtomarctus,conferta,NA,19535,Microtomarctus,conferta,PaleoDB,35.5,-106.2,NorthAmerica,United_States,13.6,15.97
Canidae,Microtomarctus,conferta,NA,19615,Microtomarctus,conferta,PaleoDB,34.8,-117,NorthAmerica,United_States,13.6,15.97
Canidae,Microtomarctus,conferta,NA,19616,Microtomarctus,conferta,PaleoDB,34.8,-117,NorthAmerica,United_States,13.6,15.97
Canidae,Microtomarctus,conferta,NA,19097,Microtomarctus,conferta,PaleoDB,38.1,-117.3,NorthAmerica,United_States,13.7,13.7
Canidae,Microtomarctus,conferta,NA,18203,Microtomarctus,conferta,PaleoDB,40.8,-104.2,NorthAmerica,United_States,13.7,13.8
Canidae,Microtomarctus,conferta,NA,19410,Microtomarctus,conferta,PaleoDB,35.7,-107,NorthAmerica,United_States,13.7,16.7
Canidae,Microtomarctus,conferta,NA,19520,Microtomarctus,conferta,PaleoDB,36.5,-107,NorthAmerica,United_States,13.9,14
Canidae,Microtomarctus,conferta,NA,19364,Microtomarctus,conferta,PaleoDB,35.05,-117.066667,NorthAmerica,United_States,14,14
Canidae,Microtomarctus,conferta,NA,19366,Microtomarctus,conferta,PaleoDB,34.8,-117,NorthAmerica,United_States,14,14.2
Canidae,Microtomarctus,conferta,NA,19422,Microtomarctus,conferta,PaleoDB,34.8,-117,NorthAmerica,United_States,14,14.2
Canidae,Microtomarctus,conferta,NA,19432,Microtomarctus,conferta,PaleoDB,34.8,-117,NorthAmerica,United_States,14.1,14.2
Canidae,Microtomarctus,conferta,NA,19457,Microtomarctus,conferta,PaleoDB,34.8,-117,NorthAmerica,United_States,14.1,14.4
Canidae,Microtomarctus,conferta,NA,19458,Microtomarctus,conferta,PaleoDB,34.8,-117,NorthAmerica,United_States,14.1,14.2
Canidae,Microtomarctus,conferta,NA,19463,Microtomarctus,conferta,PaleoDB,34.8,-117,NorthAmerica,United_States,14.1,14.4
Canidae,Microtomarctus,conferta,NA,19548,Microtomarctus,conferta,PaleoDB,34.8,-117,NorthAmerica,United_States,14.3,14.4
Canidae,Microtomarctus,conferta,10074,NA,Microtomarctus,conferta,NOW,38.555605,-121.468926,NorthAmerica,United_States,14.8,16
Canidae,Microtomarctus,conferta,10441,NA,Microtomarctus,conferta,NOW,42.160833,-103.725833,NorthAmerica,United_States,14.8,16
Canidae,Microtomarctus,conferta,10370,NA,Microtomarctus,conferta,NOW,40.870556,-103.920556,NorthAmerica,United_States,14.8,16
Canidae,Microtomarctus,conferta,10373,NA,Microtomarctus,conferta,NOW,39.739167,-104.984722,NorthAmerica,United_States,14.8,16
Canidae,Microtomarctus,conferta,10664,NA,Microtomarctus,conferta,NOW,39.160833,-119.753889,NorthAmerica,United_States,14.8,16
Canidae,Microtomarctus,conferta,10669,NA,Microtomarctus,conferta,NOW,40.966667,-115.973333,NorthAmerica,United_States,14.8,16
Canidae,Microtomarctus,conferta,10674,NA,Microtomarctus,conferta,NOW,38.586111,-117.926389,NorthAmerica,United_States,14.8,16
Canidae,Microtomarctus,conferta,10637,NA,Microtomarctus,conferta,NOW,35.0975,-116.62,NorthAmerica,United_States,14.8,16
Canidae,Microtomarctus,conferta,10638,NA,Microtomarctus,conferta,NOW,35.032222,-117.052778,NorthAmerica,United_States,14.8,16
Canidae,Microtomarctus,conferta,11022,NA,Microtomarctus,conferta,NOW,35.592778,-106.67,NorthAmerica,United_States,14.8,16
Canidae,Microtomarctus,conferta,11032,NA,Microtomarctus,conferta,NOW,35.978333,-105.988333,NorthAmerica,United_States,14.8,16
Canidae,Microtomarctus,conferta,10674,NA,Tomarctus,paulus,NOW,38.586111,-117.926389,NorthAmerica,United_States,14.8,16
Canidae,Microtomarctus,conferta,10638,NA,Tomarctus,paulus,NOW,35.032222,-117.052778,NorthAmerica,United_States,14.8,16
Canidae,Microtomarctus,conferta,NA,19557,Microtomarctus,conferta,PaleoDB,34.8,-117,NorthAmerica,United_States,15,15.1
Canidae,Microtomarctus,conferta,NA,19547,Microtomarctus,conferta,PaleoDB,35.5,-106.2,NorthAmerica,United_States,15.2,15.2
Canidae,Microtomarctus,conferta,NA,19339,Microtomarctus,conferta,PaleoDB,35.5,-106.2,NorthAmerica,United_States,15.2,15.2
Canidae,Microtomarctus,conferta,NA,19449,Microtomarctus,conferta,PaleoDB,35.5,-106.2,NorthAmerica,United_States,15.3,15.3
Canidae,Microtomarctus,conferta,NA,17911,Microtomarctus,conferta,PaleoDB,42.4,-103.8,NorthAmerica,United_States,15.97,20.43
Canidae,Microtomarctus,conferta,NA,17904,Microtomarctus,conferta,PaleoDB,42.4,-103.8,NorthAmerica,United_States,15.97,20.43
Canidae,Microtomarctus,conferta,NA,17908,Microtomarctus,conferta,PaleoDB,40.8,-104.2,NorthAmerica,United_States,15.97,20.43
Canidae,Microtomarctus,conferta,NA,17972,Microtomarctus,conferta,PaleoDB,42.4,-103.8,NorthAmerica,United_States,15.97,20.43
Canidae,Microtomarctus,conferta,NA,18011,Microtomarctus,conferta,PaleoDB,42.4,-103.8,NorthAmerica,United_States,15.97,20.43
Canidae,Microtomarctus,conferta,NA,18019,Microtomarctus,conferta,PaleoDB,42.4,-103.8,NorthAmerica,United_States,15.97,20.43
Canidae,Microtomarctus,conferta,10438,NA,Microtomarctus,conferta,NOW,42.178333,-103.755278,NorthAmerica,United_States,16,17.5
Canidae,Microtomarctus,conferta,11021,NA,Microtomarctus,conferta,NOW,35.7,-106.75,NorthAmerica,United_States,16,17.5
Canidae,Microtomarctus,conferta,11030,NA,Microtomarctus,conferta,NOW,35.91666,-106.16666,NorthAmerica,United_States,16,17.5
Canidae,Microtomarctus,conferta,NA,17955,Microtomarctus,conferta,PaleoDB,42.4,-103.8,NorthAmerica,United_States,16.4,16.5
Canidae,Nyctereutes,abdeslami,23910,NA,Nyctereutes,abdeslami,NOW,33.567,-7.55,Africa,Morocco,1.81,2.2
Canidae,Nyctereutes,barryi,26771,NA,Nyctereutes,barryi,NOW,-3.5,35,Africa,Tanzania,1.81,2.59
Canidae,Nyctereutes,donnezani,20387,NA,Nyctereutes,donnezani,NOW,42.08,-2.04,Europe,Spain,2.6,3.4
Canidae,Nyctereutes,donnezani,NA,33396,Nyctereutes,donnezani,PaleoDB,52.35,22.15,Europe,Poland,3.2,4.2
Canidae,Nyctereutes,donnezani,20475,NA,Nyctereutes,donnezani,NOW,40.239,32.544,Asia,Turkey,3.4,4.2
Canidae,Nyctereutes,donnezani,20480,NA,Nyctereutes,donnezani,NOW,42.683,2.883,Europe,France,3.4,4.2
Canidae,Nyctereutes,donnezani,20675,NA,Nyctereutes,donnezani,NOW,50.08333333,18.7833,Europe,Poland,3.4,4.2
Canidae,Nyctereutes,donnezani,20739,NA,Nyctereutes,donnezani,NOW,46.13,28.08,Europe,Romania,3.4,4.2
Canidae,Nyctereutes,donnezani,20389,NA,Nyctereutes,donnezani,NOW,40.26527778,-1.052777778,Europe,Spain,3.4,4.2
Canidae,Nyctereutes,donnezani,20481,NA,Nyctereutes,donnezani,NOW,41.05,-2.19,Europe,Spain,3.4,4.2
Canidae,Nyctereutes,donnezani,20748,NA,Nyctereutes,donnezani,NOW,42.633,2.917,Europe,France,4.2,5.3
Canidae,Nyctereutes,donnezani,20388,NA,Nyctereutes,donnezani,NOW,40.345,-1.06,Europe,Spain,4.2,5.3
Canidae,Nyctereutes,donnezani,20670,NA,Nyctereutes,donnezani,NOW,40.38333333,-1.0667,Europe,Spain,4.2,5.3
Canidae,Nyctereutes,donnezani,20067,NA,Nyctereutes,donnezani,NOW,39.4,-0.4,Europe,Spain,5.3,7.1
Canidae,Nyctereutes,Genus_Only,27242,NA,Nyctereutes,indet.,NOW,14.05694444,108.1205556,Asia,Vietnam,0.01,1.95
Canidae,Nyctereutes,Genus_Only,NA,68380,Nyctereutes,sp.,PaleoDB,31.089722,118.096111,Asia,China,0.781,2.588
Canidae,Nyctereutes,Genus_Only,23871,NA,Nyctereutes,indet.,NOW,-28,26,Africa,South_Africa,0.8,1.8
Canidae,Nyctereutes,Genus_Only,24045,NA,Nyctereutes,indet.,NOW,21.8333,104.8333333,Asia,Vietnam,1.2,1.8
Canidae,Nyctereutes,Genus_Only,20820,NA,Nyctereutes,indet.,NOW,38.583,69.211,Asia,Tajikistan,1.81,2.005
Canidae,Nyctereutes,Genus_Only,20638,NA,Nyctereutes,indet.,NOW,39,114,Asia,China,1.95,2.6
Canidae,Nyctereutes,Genus_Only,24478,NA,Nyctereutes,indet.,NOW,38.35444444,111.9316667,Asia,China,2.6,3.4
Canidae,Nyctereutes,Genus_Only,20757,NA,Nyctereutes,indet.,NOW,51.4,105.9,Europe,Russia,3,3.4
Canidae,Nyctereutes,Genus_Only,20636,NA,Nyctereutes,indet.,NOW,37.28666667,113.119,Asia,China,3.4,5.3
Canidae,Nyctereutes,Genus_Only,26489,NA,Nyctereutes,indet.,NOW,35.06666667,107.725,Asia,China,3.4,5.3
Canidae,Nyctereutes,Genus_Only,24560,NA,Nyctereutes,indet.,NOW,37,113,Asia,China,3.4,5.3
Canidae,Nyctereutes,Genus_Only,24631,NA,Nyctereutes,sp.,NOW,43.4986,115.4438889,Asia,China,3.4,4.2
Canidae,Nyctereutes,Genus_Only,20735,NA,Nyctereutes,indet.,NOW,43.3,24.4,Europe,Bulgaria,3.4,4.2
Canidae,Nyctereutes,Genus_Only,20186,NA,Nyctereutes,indet.,NOW,46.5,30.8,Europe,Ukraine,3.4,4.2
Canidae,Nyctereutes,Genus_Only,20073,NA,Nyctereutes,indet.,NOW,40,0,Europe,Spain,5.3,7.1
Canidae,Nyctereutes,lockwoodi,24648,NA,Nyctereutes,lockwoodi,NOW,11.05,40.6667,Africa,Ethiopia,2.6,3.56
Canidae,Nyctereutes,megamastoides,NA,32105,Nyctereutes,megamastoides,PaleoDB,45.133333,3.45,Europe,France,1.806,2.588
Canidae,Nyctereutes,megamastoides,NA,36112,Nyctereutes,megamastoides,PaleoDB,40.216667,-0.916667,Europe,Spain,1.806,2.588
Canidae,Nyctereutes,megamastoides,20711,NA,Nyctereutes,megamastoides,NOW,45.09,3.27,Europe,France,1.95,2.6
Canidae,Nyctereutes,megamastoides,27478,NA,Nyctereutes,megamastoides,NOW,43.86844566,6.186161041,Europe,France,1.95,2.6
Canidae,Nyctereutes,megamastoides,20709,NA,Nyctereutes,megamastoides,NOW,45.3,3.1,Europe,France,1.95,2.6
Canidae,Nyctereutes,megamastoides,20384,NA,Nyctereutes,megamastoides,NOW,45.167,4.817,Europe,France,1.95,2.6
Canidae,Nyctereutes,megamastoides,24414,NA,Nyctereutes,megamastoides,NOW,45.1667,4.8167,Europe,France,1.95,2.6
Canidae,Nyctereutes,megamastoides,20712,NA,Nyctereutes,megamastoides,NOW,43.55,6.24,Europe,France,1.95,2.6
Canidae,Nyctereutes,megamastoides,21029,NA,Nyctereutes,megamastoides,NOW,40.15,21.3,Europe,Greece,1.95,2.6
Canidae,Nyctereutes,megamastoides,21030,NA,Nyctereutes,megamastoides,NOW,39.15,22.45,Europe,Greece,1.95,2.6
Canidae,Nyctereutes,megamastoides,21028,NA,Nyctereutes,megamastoides,NOW,41.15,25.3,Europe,Greece,1.95,2.6
Canidae,Nyctereutes,megamastoides,28016,NA,Nyctereutes,megamastoides,NOW,43.66666667,10.73333333,Europe,Italy,1.95,3.4
Canidae,Nyctereutes,megamastoides,28015,NA,Nyctereutes,megamastoides,NOW,44.9,8,Europe,Italy,1.95,3.4
Canidae,Nyctereutes,megamastoides,20582,NA,Nyctereutes,megamastoides,NOW,44.53,24,Europe,Romania,1.95,2.6
Canidae,Nyctereutes,megamastoides,20392,NA,Nyctereutes,megamastoides,NOW,40.2,-0.9,Europe,Spain,1.95,2.6
Canidae,Nyctereutes,megamastoides,20803,NA,Nyctereutes,megamastoides,NOW,38.4,69.7,Asia,Tajikistan,2.433,2.917
Canidae,Nyctereutes,megamastoides,20708,NA,Nyctereutes,megamastoides,NOW,45.55,3.217,Europe,France,2.5,2.5
Canidae,Nyctereutes,megamastoides,NA,38892,Nyctereutes,megamastoides,PaleoDB,42.133333,-2.066667,Europe,Spain,2.588,5.332
Canidae,Nyctereutes,megamastoides,20707,NA,Nyctereutes,megamastoides,NOW,45.55,3.25,Europe,France,2.6,3.4
Canidae,Nyctereutes,megamastoides,20705,NA,Nyctereutes,megamastoides,NOW,42,46,Europe,Georgia,2.6,3.4
Canidae,Nyctereutes,megamastoides,20758,NA,Nyctereutes,megamastoides,NOW,50.542,106.914,Europe,Russia,2.6,3
Canidae,Nyctereutes,megamastoides,20390,NA,Nyctereutes,megamastoides,NOW,38.917,-1.633,Europe,Spain,2.6,3.4
Canidae,Nyctereutes,megamastoides,20387,NA,Nyctereutes,megamastoides,NOW,42.08,-2.04,Europe,Spain,2.6,3.4
Canidae,Nyctereutes,megamastoides,20604,NA,Nyctereutes,megamastoides,NOW,48,94,Asia,Mongolia,2.675,3.158
Canidae,Nyctereutes,megamastoides,20759,NA,Nyctereutes,megamastoides,NOW,50.104,106.192,Asia,Mongolia,2.675,3.158
Canidae,Nyctereutes,procyonoides,24096,NA,Nyctereutes,procyonoides,NOW,39.6833,115.9347,Asia,China,0,0.7
Canidae,Nyctereutes,procyonoides,NA,37064,Nyctereutes,procyonoides,PaleoDB,31.65,119.2,Asia,China,0,2.588
Canidae,Nyctereutes,procyonoides,NA,101899,Nyctereutes,procyonoides,PaleoDB,41.401944,141.429722,Asia,Japan,0.012,0.126
Canidae,Nyctereutes,procyonoides,NA,73686,Nyctereutes,procyonoides,PaleoDB,23,120,Asia,Taiwan,0.012,0.126
Canidae,Nyctereutes,sinensis,24089,NA,Nyctereutes,sinensis,NOW,39.6833,115.9347222,Asia,China,0,0.7
Canidae,Nyctereutes,sinensis,NA,34667,Nyctereutes,sinensis,PaleoDB,41.166667,123.433333,Asia,China,0.012,2.588
Canidae,Nyctereutes,sinensis,24083,NA,Nyctereutes,sinensis,NOW,34.355,109.5177778,Asia,China,0.6,1.3
Canidae,Nyctereutes,sinensis,NA,68380,Nyctereutes,sinensis,PaleoDB,31.089722,118.096111,Asia,China,0.781,2.588
Canidae,Nyctereutes,sinensis,24138,NA,Nyctereutes,sinensis,NOW,34.0861,110.1361,Asia,China,1.2,1.8
Canidae,Nyctereutes,sinensis,24139,NA,Nyctereutes,sinensis,NOW,35.7642,116.7914,Asia,China,1.2,1.8
Canidae,Nyctereutes,sinensis,24106,NA,Nyctereutes,sinensis,NOW,36.5,118.0833,Asia,China,1.2,1.8
Canidae,Nyctereutes,sinensis,24094,NA,Nyctereutes,sinensis,NOW,39.6833,115.9347,Asia,China,1.2,1.8
Canidae,Nyctereutes,sinensis,27157,NA,Nyctereutes,sinensis,NOW,37.04222222,112.9902778,Asia,China,1.81,2.59
Canidae,Nyctereutes,sinensis,28198,NA,Nyctereutes,sinensis,NOW,50.53333333,106.9,Europe,Russia,1.81,2.59
Canidae,Nyctereutes,sinensis,27078,NA,Nyctereutes,sinensis,NOW,40.16666667,114.1666667,Asia,China,1.95,2.6
Canidae,Nyctereutes,sinensis,26494,NA,Nyctereutes,sinensis,NOW,35,107.7333333,Asia,China,2.6,3.4
Canidae,Nyctereutes,sinensis,20635,NA,Nyctereutes,sinensis,NOW,34.5,109.5,Asia,China,2.6,3.4
Canidae,Nyctereutes,sinensis,23055,NA,Nyctereutes,sinensis,NOW,39.9,114.5,Asia,China,2.6,3.4
Canidae,Nyctereutes,sinensis,20758,NA,Nyctereutes,sinensis,NOW,50.542,106.914,Europe,Russia,2.6,3
Canidae,Nyctereutes,terblanchei,NA,NA,Nyctereutes,terblanchei,New Record,New_Record,New_Record,Africa,New_Record,1.6,1.9
Canidae,Nyctereutes,tingi,22003,NA,Nyctereutes,tingi,NOW,43.195,23.286,Europe,Bulgaria,1.95,2.6
Canidae,Nyctereutes,tingi,NA,115612,Nyctereutes,tingi,PaleoDB,31.766667,79.516667,Asia,China,2.588,5.332
Canidae,Nyctereutes,tingi,24564,NA,Nyctereutes,tingi,NOW,37,113,Asia,China,2.6,3.4
Canidae,Nyctereutes,tingi,24561,NA,Nyctereutes,tingi,NOW,37,113,Asia,China,3.4,5.3
Canidae,Nyctereutes,tingi,24562,NA,Nyctereutes,tingi,NOW,37,113,Asia,China,3.4,5.3
Canidae,Nyctereutes,tingi,20476,NA,Nyctereutes,tingi,NOW,40.3,22.45,Europe,Greece,3.4,4.2
Canidae,Nyctereutes,tingi,28319,NA,Nyctereutes,tingi,NOW,31.56527778,79.84805556,Asia,China,3.5,4.2
Canidae,Osbornodon,brachypus,NA,18010,Osbornodon,brachypus,PaleoDB,42.1,-105,NorthAmerica,United_States,15.97,20.43
Canidae,Osbornodon,brachypus,10313,NA,Osbornodon,brachypus,NOW,41.691389,-104.743611,NorthAmerica,United_States,18.8,19.5
Canidae,Osbornodon,brachypus,NA,17793,Osbornodon,brachypus,PaleoDB,42,-104.2,NorthAmerica,United_States,20.7,20.7
Canidae,Osbornodon,fricki,NA,17905,Osbornodon,fricki,PaleoDB,42.1856,-103.73265,NorthAmerica,United_States,13.6,15.97
Canidae,Osbornodon,fricki,NA,19472,Osbornodon,fricki,PaleoDB,34.8,-117,NorthAmerica,United_States,13.6,15.97
Canidae,Osbornodon,fricki,NA,19509,Osbornodon,fricki,PaleoDB,34.8,-117,NorthAmerica,United_States,13.6,15.97
Canidae,Osbornodon,fricki,NA,19572,Osbornodon,fricki,PaleoDB,34.8,-117,NorthAmerica,United_States,13.6,15.97
Canidae,Osbornodon,fricki,NA,19616,Osbornodon,fricki,PaleoDB,34.8,-117,NorthAmerica,United_States,13.6,15.97
Canidae,Osbornodon,fricki,10441,NA,Osbornodon,fricki,NOW,42.160833,-103.725833,NorthAmerica,United_States,14.8,16
Canidae,Osbornodon,fricki,10637,NA,Osbornodon,fricki,NOW,35.0975,-116.62,NorthAmerica,United_States,14.8,16
Canidae,Osbornodon,fricki,11032,NA,Osbornodon,fricki,NOW,35.978333,-105.988333,NorthAmerica,United_States,14.8,16
Canidae,Osbornodon,fricki,NA,19547,Osbornodon,fricki,PaleoDB,35.5,-106.2,NorthAmerica,United_States,15.2,15.2
Canidae,Osbornodon,fricki,NA,17972,Osbornodon,fricki,PaleoDB,42.4,-103.8,NorthAmerica,United_States,15.97,20.43
Canidae,Osbornodon,fricki,10437,NA,Osbornodon,fricki,NOW,42.175,-103.7375,NorthAmerica,United_States,16,17.5
Canidae,Osbornodon,fricki,10438,NA,Osbornodon,fricki,NOW,42.178333,-103.755278,NorthAmerica,United_States,16,17.5
Canidae,Osbornodon,fricki,10439,NA,Osbornodon,fricki,NOW,42.653889,-102.785278,NorthAmerica,United_States,16,17.5
Canidae,Osbornodon,fricki,NA,17955,Osbornodon,fricki,PaleoDB,42.4,-103.8,NorthAmerica,United_States,16.4,16.5
Canidae,Osbornodon,fricki,NA,17980,Osbornodon,fricki,PaleoDB,42.4,-103.8,NorthAmerica,United_States,17.1,17.1
Canidae,Osbornodon,fricki,NA,17952,Osbornodon,fricki,PaleoDB,42.4,-103.8,NorthAmerica,United_States,17.3,17.3
Canidae,Osbornodon,fricki,NA,17917,Osbornodon,fricki,PaleoDB,42.8,-103.1,NorthAmerica,United_States,17.6,17.6
Canidae,Osbornodon,fricki,NA,17920,Osbornodon,fricki,PaleoDB,42.4,-103.8,NorthAmerica,United_States,17.6,17.7
Canidae,Osbornodon,fricki,NA,17961,Osbornodon,fricki,PaleoDB,42.4,-103.8,NorthAmerica,United_States,17.6,17.6
Canidae,Osbornodon,fricki,NA,18001,Osbornodon,fricki,PaleoDB,42.4,-103.8,NorthAmerica,United_States,17.6,17.6
Canidae,Osbornodon,iamonensis,NA,18537,Osbornodon,iamonensis,PaleoDB,30.615,-84.254167,NorthAmerica,United_States,15.97,23.03
Canidae,Osbornodon,iamonensis,NA,18597,Osbornodon,iamonensis,PaleoDB,29.7,-82.6,NorthAmerica,United_States,15.97,20.43
Canidae,Osbornodon,iamonensis,10436,NA,Osbornodon,iamonensis,NOW,42.399722,-103.030556,NorthAmerica,United_States,16,17.5
Canidae,Osbornodon,iamonensis,10552,NA,Osbornodon,iamonensis,NOW,28.133333,-81.631667,NorthAmerica,United_States,16,18.8
Canidae,Osbornodon,iamonensis,10557,NA,Osbornodon,iamonensis,NOW,29.91694,-84.97722,NorthAmerica,United_States,16,18.8
Canidae,Osbornodon,iamonensis,10434,NA,Osbornodon,iamonensis,NOW,41.809167,-103.1025,NorthAmerica,United_States,17.5,18.8
Canidae,Osbornodon,iamonensis,10530,NA,Osbornodon,iamonensis,NOW,30.388056,-96.087778,NorthAmerica,United_States,17.5,18.8
Canidae,Osbornodon,iamonensis,NA,17896,Osbornodon,iamonensis,PaleoDB,42.2,-103.1,NorthAmerica,United_States,18.5,18.5
Canidae,Osbornodon,iamonensis,10430,NA,Osbornodon,iamonensis,NOW,42.444722,-103.728611,NorthAmerica,United_States,18.8,19.5
Canidae,Osbornodon,iamonensis,10551,NA,Osbornodon,iamonensis,NOW,29.61667,-82.36667,NorthAmerica,United_States,18.8,19.5
Canidae,Osbornodon,iamonensis,10546,NA,Osbornodon,iamonensis,NOW,29.61667,-82.96667,NorthAmerica,United_States,19.5,28.1
Canidae,Osbornodon,iamonensis,NA,17881,Osbornodon,iamonensis,PaleoDB,41.7,-103.1,NorthAmerica,United_States,19.5,19.6
Canidae,Osbornodon,renjiei,10386,NA,Osbornodon,renjiei,NOW,44.5,-100,NorthAmerica,United_States,30,32
Canidae,Osbornodon,renjiei,10417,NA,Osbornodon,renjiei,NOW,40.809868,-96.675345,NorthAmerica,United_States,30,32
Canidae,Osbornodon,renjiei,NA,17427,Osbornodon,renjiei,PaleoDB,42.4,-103.8,NorthAmerica,United_States,31.9,32
Canidae,Osbornodon,renjiei,10885,NA,Osbornodon,renjiei,NOW,46.813343,-100.779004,NorthAmerica,United_States,32,33.7
Canidae,Osbornodon,renjiei,NA,17101,Osbornodon,renjiei,PaleoDB,46.9,-102.8,NorthAmerica,United_States,33.5,33.6
Canidae,Osbornodon,scitulus,NA,18626,Osbornodon,scitulus,PaleoDB,30.3,-95.7,NorthAmerica,United_States,18.6,18.7
Canidae,Osbornodon,scitulus,NA,18562,Osbornodon,scitulus,PaleoDB,29.3,-83.2,NorthAmerica,United_States,19.3,19.3
Canidae,Osbornodon,scitulus,NA,17898,Osbornodon,scitulus,PaleoDB,42.8,-103.1,NorthAmerica,United_States,19.8,19.8
Canidae,Osbornodon,sesnoni,NA,93078,Osbornodon,sesnoni,PaleoDB,44.666667,-119.633333,NorthAmerica,United_States,20.43,30.8
Canidae,Osbornodon,sesnoni,10907,NA,Osbornodon,sesoni,NOW,44.664722,-119.667778,NorthAmerica,United_States,28.1,30
Canidae,Osbornodon,sesnoni,10386,NA,Osbornodon,sesoni,NOW,44.5,-100,NorthAmerica,United_States,30,32
Canidae,Osbornodon,sesnoni,NA,17438,Osbornodon,sesnoni,PaleoDB,43.3,-102.5,NorthAmerica,United_States,30.8,33.3
Canidae,Osbornodon,sesnoni,NA,17317,Osbornodon,sesnoni,PaleoDB,43.5,-101.9,NorthAmerica,United_States,30.8,33.3
Canidae,Osbornodon,wangi,10547,NA,Osbornodon,wangi,NOW,28.058056,-82.357222,NorthAmerica,United_States,23,28.1
Canidae,Osbornodon,wangi,NA,17476,Osbornodon,wangi,PaleoDB,28.5,-82.2,NorthAmerica,United_States,24.7,24.8
Canidae,Otarocyon,cooki,10309,NA,Otarocyon,cooki,NOW,41.6625,-104.259722,NorthAmerica,United_States,23,28.1
Canidae,Otarocyon,cooki,10312,NA,Otarocyon,cooki,NOW,42.6525,-104.823611,NorthAmerica,United_States,23,28.1
Canidae,Otarocyon,cooki,NA,17517,Otarocyon,cooki,PaleoDB,43.3,-102.5,NorthAmerica,United_States,24.9,24.9
Canidae,Otarocyon,cooki,NA,17472,Otarocyon,cooki,PaleoDB,42,-104.2,NorthAmerica,United_States,24.9,25
Canidae,Otarocyon,cooki,NA,17571,Otarocyon,cooki,PaleoDB,43,-104.5,NorthAmerica,United_States,24.9,25.2
Canidae,Otarocyon,cooki,NA,17532,Otarocyon,cooki,PaleoDB,43,-104.5,NorthAmerica,United_States,25.2,25.2
Canidae,Otarocyon,cooki,NA,17635,Otarocyon,cooki,PaleoDB,43.3,-102.5,NorthAmerica,United_States,26.3,30.8
Canidae,Otarocyon,cooki,NA,17641,Otarocyon,cooki,PaleoDB,43.3,-102.5,NorthAmerica,United_States,26.3,30.8
Canidae,Otarocyon,cooki,10307,NA,Otarocyon,cooki,NOW,42.671944,-104.755556,NorthAmerica,United_States,28.1,30
Canidae,Otarocyon,cooki,10391,NA,Otarocyon,cooki,NOW,43.08333,-102.333,NorthAmerica,United_States,28.1,30
Canidae,Otarocyon,macdonaldi,10385,NA,Otarocyon,macdonaldi,NOW,45.6,-103.6,NorthAmerica,United_States,32,33.7
Canidae,Otarocyon,macdonaldi,10829,NA,Otarocyon,macdonaldi,NOW,46.595805,-112.027031,NorthAmerica,United_States,32,33.7
Canidae,Otarocyon,macdonaldi,NA,17195,Otarocyon,macdonaldi,PaleoDB,43.9,-102.4,NorthAmerica,United_States,33.3,33.9
Canidae,Otarocyon,macdonaldi,NA,17091,Otarocyon,macdonaldi,PaleoDB,46.6,-112.1,NorthAmerica,United_States,33.3,33.9
Canidae,Otocyon,Genus_Only,26771,NA,Otocyon,indet.,NOW,-3.5,35,Africa,Tanzania,1.81,2.59
Canidae,Otocyon,Genus_Only,20382,NA,Otocyon,indet.,NOW,-3.25,35.1667,Africa,Tanzania,3.5,3.8
Canidae,Otocyon,megalotis,28094,NA,Otocyon,megalotis,NOW,-23.55,29.2,Africa,South_Africa,0.01,0.126
Canidae,Otocyon,megalotis,NA,115184,Otocyon,megalotis,PaleoDB,-29.768506,16.5769417,Africa,South_Africa,0.012,0.126
Canidae,Otocyon,recki,26915,NA,Prototocyon,recki,NOW,-26.08361111,27.76666667,Africa,South_Africa,0.01,1.95
Canidae,Oxetocyon,cuspidatus,10424,NA,Oxetocyon,cuspidatus,NOW,41.615,-103.251111,NorthAmerica,United_States,28.1,30
Canidae,Oxetocyon,cuspidatus,10386,NA,Oxetocyon,cuspidatus,NOW,44.5,-100,NorthAmerica,United_States,30,32
Canidae,Oxetocyon,cuspidatus,NA,17374,Oxetocyon,cuspidatus,PaleoDB,41.7,-103.1,NorthAmerica,United_States,31.1,31.2
Canidae,Oxetocyon,cuspidatus,NA,17391,Oxetocyon,cuspidatus,PaleoDB,41.7,-103.1,NorthAmerica,United_States,31.1,31.3
Canidae,Oxetocyon,cuspidatus,NA,17423,Oxetocyon,cuspidatus,PaleoDB,42.4,-103.8,NorthAmerica,United_States,31.1,31.3
Canidae,Oxetocyon,cuspidatus,NA,17329,Oxetocyon,cuspidatus,PaleoDB,43.3,-102.5,NorthAmerica,United_States,31.2,31.3
Canidae,Oxetocyon,cuspidatus,NA,17338,Oxetocyon,sp.,PaleoDB,43.2,-103.2,NorthAmerica,United_States,32.3,32.4
Canidae,Oxetocyon,cuspidatus,NA,17337,Oxetocyon,sp.,PaleoDB,43.2,-103.2,NorthAmerica,United_States,33,33
Canidae,Paracynarctus,kelloggi,10444,NA,Paracynarctus,kellogi,NOW,40.809868,-96.675345,NorthAmerica,United_States,12.5,14.8
Canidae,Paracynarctus,kelloggi,11033,NA,Paracynarctus,kellogi,NOW,36.146944,-106.243056,NorthAmerica,United_States,12.5,14.8
Canidae,Paracynarctus,kelloggi,NA,19103,Paracynarctus,kelloggi,PaleoDB,41.1,-117.8,NorthAmerica,United_States,13.6,15.97
Canidae,Paracynarctus,kelloggi,NA,19097,Paracynarctus,kelloggi,PaleoDB,38.1,-117.3,NorthAmerica,United_States,13.7,13.7
Canidae,Paracynarctus,kelloggi,NA,19410,Paracynarctus,kelloggi,PaleoDB,35.7,-107,NorthAmerica,United_States,13.7,16.7
Canidae,Paracynarctus,kelloggi,NA,19008,Paracynarctus,kelloggi,PaleoDB,39.8,-106.6,NorthAmerica,United_States,13.9,18.3
Canidae,Paracynarctus,kelloggi,NA,18924,Paracynarctus,kelloggi,PaleoDB,40.4,-118.1,NorthAmerica,United_States,13.9,18.3
Canidae,Paracynarctus,kelloggi,10662,NA,Paracynarctus,kellogi,NOW,41.841667,-119.05,NorthAmerica,United_States,14.8,16
Canidae,Paracynarctus,kelloggi,10674,NA,Paracynarctus,kellogi,NOW,38.586111,-117.926389,NorthAmerica,United_States,14.8,16
Canidae,Paracynarctus,kelloggi,10637,NA,Paracynarctus,kellogi,NOW,35.0975,-116.62,NorthAmerica,United_States,14.8,16
Canidae,Paracynarctus,kelloggi,11032,NA,Paracynarctus,kellogi,NOW,35.978333,-105.988333,NorthAmerica,United_States,14.8,16
Canidae,Paracynarctus,kelloggi,NA,19557,Paracynarctus,kelloggi,PaleoDB,34.8,-117,NorthAmerica,United_States,15,15.1
Canidae,Paracynarctus,kelloggi,NA,19547,Paracynarctus,kelloggi,PaleoDB,35.5,-106.2,NorthAmerica,United_States,15.2,15.2
Canidae,Paracynarctus,kelloggi,NA,19449,Paracynarctus,kelloggi,PaleoDB,35.5,-106.2,NorthAmerica,United_States,15.3,15.3
Canidae,Paracynarctus,kelloggi,NA,17873,Paracynarctus,kelloggi,PaleoDB,42.8,-103.1,NorthAmerica,United_States,15.97,20.43
Canidae,Paracynarctus,kelloggi,10066,NA,Paracynarctus,kellogi,NOW,35.191111,-118.323889,NorthAmerica,United_States,16,17.5
Canidae,Paracynarctus,kelloggi,10319,NA,Paracynarctus,kellogi,NOW,42.446389,-107.556667,NorthAmerica,United_States,16,17.5
Canidae,Paracynarctus,kelloggi,10359,NA,Paracynarctus,kellogi,NOW,39.739167,-104.984722,NorthAmerica,United_States,16,17.5
Canidae,Paracynarctus,kelloggi,10661,NA,Paracynarctus,kellogi,NOW,41.651944,-119.749167,NorthAmerica,United_States,16,17.5
Canidae,Paracynarctus,kelloggi,11021,NA,Paracynarctus,kellogi,NOW,35.7,-106.75,NorthAmerica,United_States,16,17.5
Canidae,Paracynarctus,kelloggi,11030,NA,Paracynarctus,kellogi,NOW,35.91666,-106.16666,NorthAmerica,United_States,16,17.5
Canidae,Paracynarctus,kelloggi,10433,NA,Paracynarctus,kellogi,NOW,42.750833,-102.022222,NorthAmerica,United_States,17.5,18.8
Canidae,Paracynarctus,kelloggi,10716,NA,Paracynarctus,kellogi,NOW,39.161944,-75.526667,NorthAmerica,United_States,17.5,18.8
Canidae,Paracynarctus,kelloggi,11020,NA,Paracynarctus,kellogi,NOW,35.6,-106.75,NorthAmerica,United_States,17.5,18.8
Canidae,Paracynarctus,kelloggi,NA,18961,Paracynarctus,kelloggi,PaleoDB,41.7,-119.7,NorthAmerica,United_States,17.9,17.9
Canidae,Paracynarctus,kelloggi,NA,18962,Paracynarctus,kelloggi,PaleoDB,41.7,-119.7,NorthAmerica,United_States,17.9,18
Canidae,Paracynarctus,kelloggi,NA,19073,Paracynarctus,kelloggi,PaleoDB,43.2,-108.2,NorthAmerica,United_States,18.2,18.3
Canidae,Paracynarctus,kelloggi,NA,19074,Paracynarctus,kelloggi,PaleoDB,43.2,-108.2,NorthAmerica,United_States,18.2,18.2
Canidae,Paracynarctus,kelloggi,NA,19075,Paracynarctus,kelloggi,PaleoDB,43.2,-108.2,NorthAmerica,United_States,18.2,18.2
Canidae,Paracynarctus,kelloggi,NA,19081,Paracynarctus,kelloggi,PaleoDB,43.2,-108.2,NorthAmerica,United_States,18.2,18.2
Canidae,Paracynarctus,kelloggi,NA,19478,Paracynarctus,kelloggi,PaleoDB,35.3,-118.5,NorthAmerica,United_States,18.7,18.7
Canidae,Paracynarctus,kelloggi,NA,18579,Paracynarctus,kelloggi,PaleoDB,39.2,-75.6,NorthAmerica,United_States,19.3,19.4
Canidae,Paracynarctus,kelloggi,NA,19275,Paracynarctus,kelloggi,PaleoDB,35.7,-107,NorthAmerica,United_States,20.6,20.6
Canidae,Paracynarctus,sinclairi,NA,17976,Paracynarctus,sinclairi,PaleoDB,42.683333,-102.85,NorthAmerica,United_States,13.6,15.97
Canidae,Paracynarctus,sinclairi,10441,NA,Paracynarctus,sinclairi,NOW,42.160833,-103.725833,NorthAmerica,United_States,14.8,16
Canidae,Paracynarctus,sinclairi,10442,NA,Paracynarctus,sinclairi,NOW,42.690278,-102.840278,NorthAmerica,United_States,14.8,16
Canidae,Paracynarctus,sinclairi,NA,18004,Paracynarctus,sinclairi,PaleoDB,42.4,-103.8,NorthAmerica,United_States,15.97,20.43
Canidae,Paracynarctus,sinclairi,NA,17880,Paracynarctus,sinclairi,PaleoDB,42.4,-103.8,NorthAmerica,United_States,15.97,20.43
Canidae,Paracynarctus,sinclairi,NA,17972,Paracynarctus,sinclairi,PaleoDB,42.4,-103.8,NorthAmerica,United_States,15.97,20.43
Canidae,Paracynarctus,sinclairi,NA,17955,Paracynarctus,sinclairi,PaleoDB,42.4,-103.8,NorthAmerica,United_States,16.4,16.5
Canidae,Paraenhydrocyon,josephi,10315,NA,Parenhydrocyon,josephi,NOW,42.908056,-104.421667,NorthAmerica,United_States,19.5,23
Canidae,Paraenhydrocyon,josephi,NA,93078,Paraenhydrocyon,josephi,PaleoDB,44.666667,-119.633333,NorthAmerica,United_States,20.43,30.8
Canidae,Paraenhydrocyon,josephi,NA,17493,Paraenhydrocyon,josephi,PaleoDB,42,-104.2,NorthAmerica,United_States,22.7,28.8
Canidae,Paraenhydrocyon,josephi,NA,17536,Paraenhydrocyon,josephi,PaleoDB,42,-104.2,NorthAmerica,United_States,22.7,28.8
Canidae,Paraenhydrocyon,josephi,NA,17811,Paraenhydrocyon,josephi,PaleoDB,43,-104.5,NorthAmerica,United_States,22.7,23.5
Canidae,Paraenhydrocyon,josephi,NA,17815,Paraenhydrocyon,josephi,PaleoDB,43,-104.5,NorthAmerica,United_States,22.7,22.8
Canidae,Paraenhydrocyon,josephi,10309,NA,Parenhydrocyon,josephi,NOW,41.6625,-104.259722,NorthAmerica,United_States,23,28.1
Canidae,Paraenhydrocyon,josephi,10312,NA,Parenhydrocyon,josephi,NOW,42.6525,-104.823611,NorthAmerica,United_States,23,28.1
Canidae,Paraenhydrocyon,josephi,NA,17466,Paraenhydrocyon,josephi,PaleoDB,42,-104.2,NorthAmerica,United_States,23.5,24.8
Canidae,Paraenhydrocyon,josephi,NA,17794,Paraenhydrocyon,josephi,PaleoDB,43,-104.5,NorthAmerica,United_States,23.5,23.5
Canidae,Paraenhydrocyon,josephi,NA,119838,Paraenhydrocyon,josephi,PaleoDB,46.666667,-121.133333,NorthAmerica,United_States,24.8,26.3
Canidae,Paraenhydrocyon,josephi,NA,17667,Paraenhydrocyon,josephi,PaleoDB,42,-104.2,NorthAmerica,United_States,24.8,24.8
Canidae,Paraenhydrocyon,josephi,NA,17472,Paraenhydrocyon,josephi,PaleoDB,42,-104.2,NorthAmerica,United_States,24.9,25
Canidae,Paraenhydrocyon,josephi,NA,17703,Paraenhydrocyon,josephi,PaleoDB,41.3,-105.1,NorthAmerica,United_States,25.2,25.2
Canidae,Paraenhydrocyon,josephi,10424,NA,Parenhydrocyon,josephi,NOW,41.615,-103.251111,NorthAmerica,United_States,28.1,30
Canidae,Paraenhydrocyon,josephi,10296,NA,Parenhydrocyon,josephi,NOW,41.7025,-104.081944,NorthAmerica,United_States,28.1,31.4
Canidae,Paraenhydrocyon,josephi,10307,NA,Parenhydrocyon,josephi,NOW,42.671944,-104.755556,NorthAmerica,United_States,28.1,30
Canidae,Paraenhydrocyon,josephi,10907,NA,Parenhydrocyon,josephi,NOW,44.664722,-119.667778,NorthAmerica,United_States,28.1,30
Canidae,Paraenhydrocyon,josephi,NA,17508,Paraenhydrocyon,josephi,PaleoDB,44.666667,-119.633333,NorthAmerica,United_States,28.4,28.6
Canidae,Paraenhydrocyon,josephi,10305,NA,Parenhydrocyon,josephi,NOW,41.14555,-104.801944,NorthAmerica,United_States,30,32
Canidae,Paraenhydrocyon,robustus,10313,NA,Parenhydrocyon,robustus,NOW,41.691389,-104.743611,NorthAmerica,United_States,18.8,19.5
Canidae,Paraenhydrocyon,robustus,10396,NA,Parenhydrocyon,robustus,NOW,43.389722,-102.464722,NorthAmerica,United_States,18.8,19.5
Canidae,Paraenhydrocyon,robustus,10395,NA,Parenhydrocyon,robustus,NOW,43.464167,-101.655278,NorthAmerica,United_States,19.5,23
Canidae,Paraenhydrocyon,robustus,NA,17451,Paraenhydrocyon,robustus,PaleoDB,43.3,-102.5,NorthAmerica,United_States,23.1,23.1
Canidae,Paraenhydrocyon,robustus,NA,17812,Paraenhydrocyon,robustus,PaleoDB,43,-104.5,NorthAmerica,United_States,23.1,23.1
Canidae,Paraenhydrocyon,wallovianus,10915,NA,Parenhydrocyon,wallovianus,NOW,44.930833,-123.028889,NorthAmerica,United_States,17.5,18.8
Canidae,Paraenhydrocyon,wallovianus,10429,NA,Parenhydrocyon,wallovianus,NOW,42.417222,-103.727222,NorthAmerica,United_States,18.8,19.5
Canidae,Paraenhydrocyon,wallovianus,10313,NA,Parenhydrocyon,wallovianus,NOW,41.691389,-104.743611,NorthAmerica,United_States,18.8,19.5
Canidae,Paraenhydrocyon,wallovianus,10426,NA,Parenhydrocyon,wallovianus,NOW,42.418611,-103.801111,NorthAmerica,United_States,19.5,23
Canidae,Paraenhydrocyon,wallovianus,10315,NA,Parenhydrocyon,wallovianus,NOW,42.908056,-104.421667,NorthAmerica,United_States,19.5,23
Canidae,Paraenhydrocyon,wallovianus,11099,NA,Parenhydrocyon,wallovianus,NOW,29.16666667,-103.5,NorthAmerica,United_States,19.5,23
Canidae,Paraenhydrocyon,wallovianus,NA,93079,Paraenhydrocyon,wallovianus,PaleoDB,44.7,-119.633333,NorthAmerica,United_States,20.43,30.8
Canidae,Paraenhydrocyon,wallovianus,NA,17788,Paraenhydrocyon,wallovianus,PaleoDB,42.1,-105,NorthAmerica,United_States,20.9,20.9
Canidae,Paraenhydrocyon,wallovianus,NA,17833,Paraenhydrocyon,wallovianus,PaleoDB,42.62,-104.4,NorthAmerica,United_States,20.9,20.9
Canidae,Paraenhydrocyon,wallovianus,NA,17774,Paraenhydrocyon,wallovianus,PaleoDB,29.2,-103.2,NorthAmerica,United_States,21,21.1
Canidae,Paraenhydrocyon,wallovianus,NA,17846,Paraenhydrocyon,wallovianus,PaleoDB,42.4,-103.8,NorthAmerica,United_States,21.4,21.5
Canidae,Paraenhydrocyon,wallovianus,NA,17815,Paraenhydrocyon,wallovianus,PaleoDB,43,-104.5,NorthAmerica,United_States,22.7,22.8
Canidae,Paraenhydrocyon,wallovianus,10309,NA,Parenhydrocyon,wallovianus,NOW,41.6625,-104.259722,NorthAmerica,United_States,23,28.1
Canidae,Paraenhydrocyon,wallovianus,10909,NA,Parenhydrocyon,wallovianus,NOW,44.930833,-123.028889,NorthAmerica,United_States,23,28.1
Canidae,Paraenhydrocyon,wallovianus,NA,17794,Paraenhydrocyon,wallovianus,PaleoDB,43,-104.5,NorthAmerica,United_States,23.5,23.5
Canidae,Paraenhydrocyon,wallovianus,NA,17603,Paraenhydrocyon,wallovianus,PaleoDB,44.7,-119.633333,NorthAmerica,United_States,25.5,25.6
Canidae,Paratomarctus,euthos,10465,NA,Paratomarctus,euthos,NOW,42.694167,-100.856389,NorthAmerica,United_States,9,12.1
Canidae,Paratomarctus,euthos,10448,NA,Paratomarctus,euthos,NOW,40.0575,-100.883056,NorthAmerica,United_States,10.1,12.1
Canidae,Paratomarctus,euthos,10462,NA,Paratomarctus,euthos,NOW,42.421111,-98.156667,NorthAmerica,United_States,10.1,12.1
Canidae,Paratomarctus,euthos,10405,NA,Paratomarctus,euthos,NOW,43.119444,-101.930833,NorthAmerica,United_States,10.1,12.1
Canidae,Paratomarctus,euthos,11162,NA,Paratomarctus,euthos,NOW,35.065833,-100.909722,NorthAmerica,United_States,10.1,12.1
Canidae,Paratomarctus,euthos,NA,18113,Paratomarctus,euthos,PaleoDB,43.2,-100.7,NorthAmerica,United_States,11.6,12.3
Canidae,Paratomarctus,euthos,NA,18283,Paratomarctus,euthos,PaleoDB,35,-100.8,NorthAmerica,United_States,11.6,12.3
Canidae,Paratomarctus,euthos,NA,18135,Paratomarctus,euthos,PaleoDB,42.8,-100.8,NorthAmerica,United_States,11.6,11.6
Canidae,Paratomarctus,euthos,NA,18150,Paratomarctus,euthos,PaleoDB,42.7,-102.5,NorthAmerica,United_States,11.6,12.3
Canidae,Paratomarctus,euthos,NA,18227,Paratomarctus,euthos,PaleoDB,42.8,-100.8,NorthAmerica,United_States,11.6,11.6
Canidae,Paratomarctus,euthos,NA,18245,Paratomarctus,euthos,PaleoDB,42.8,-100.8,NorthAmerica,United_States,11.6,11.6
Canidae,Paratomarctus,euthos,NA,18291,Paratomarctus,euthos,PaleoDB,42.8,-100.8,NorthAmerica,United_States,11.6,11.8
Canidae,Paratomarctus,euthos,NA,18302,Paratomarctus,euthos,PaleoDB,42.8,-100.8,NorthAmerica,United_States,11.6,11.8
Canidae,Paratomarctus,euthos,NA,18333,Paratomarctus,euthos,PaleoDB,42.8,-100.8,NorthAmerica,United_States,11.6,11.6
Canidae,Paratomarctus,euthos,NA,18425,Paratomarctus,euthos,PaleoDB,42.8,-100.8,NorthAmerica,United_States,11.6,11.7
Canidae,Paratomarctus,euthos,NA,18458,Paratomarctus,euthos,PaleoDB,42.8,-100.8,NorthAmerica,United_States,11.6,11.6
Canidae,Paratomarctus,euthos,NA,18496,Paratomarctus,euthos,PaleoDB,42.8,-100.8,NorthAmerica,United_States,11.6,11.6
Canidae,Paratomarctus,euthos,NA,18268,Paratomarctus,euthos,PaleoDB,43.4,-100.6,NorthAmerica,United_States,11.7,11.7
Canidae,Paratomarctus,euthos,NA,18200,Paratomarctus,euthos,PaleoDB,43.2,-100.7,NorthAmerica,United_States,11.7,11.9
Canidae,Paratomarctus,euthos,NA,18306,Paratomarctus,euthos,PaleoDB,42.7,-102.5,NorthAmerica,United_States,11.7,12.3
Canidae,Paratomarctus,euthos,NA,18042,Paratomarctus,euthos,PaleoDB,42.8,-100.8,NorthAmerica,United_States,11.8,11.8
Canidae,Paratomarctus,euthos,NA,18087,Paratomarctus,euthos,PaleoDB,43.2,-100.7,NorthAmerica,United_States,11.8,12.3
Canidae,Paratomarctus,euthos,NA,18095,Paratomarctus,euthos,PaleoDB,42.7,-100,NorthAmerica,United_States,11.8,11.8
Canidae,Paratomarctus,euthos,NA,18134,Paratomarctus,euthos,PaleoDB,42.7,-100,NorthAmerica,United_States,11.8,11.8
Canidae,Paratomarctus,euthos,NA,18355,Paratomarctus,euthos,PaleoDB,35,-100.8,NorthAmerica,United_States,11.9,11.9
Canidae,Paratomarctus,euthos,NA,18056,Paratomarctus,euthos,PaleoDB,42.8,-100.8,NorthAmerica,United_States,11.9,12.3
Canidae,Paratomarctus,euthos,NA,18077,Paratomarctus,euthos,PaleoDB,42.8,-100.8,NorthAmerica,United_States,12,12
Canidae,Paratomarctus,euthos,10456,NA,Paratomarctus,euthos,NOW,42.6425,-100.064444,NorthAmerica,United_States,12.1,12.5
Canidae,Paratomarctus,euthos,NA,18176,Paratomarctus,euthos,PaleoDB,42.8,-100.8,NorthAmerica,United_States,12.1,12.2
Canidae,Paratomarctus,euthos,NA,18217,Paratomarctus,euthos,PaleoDB,42.7,-100,NorthAmerica,United_States,12.2,12.3
Canidae,Paratomarctus,euthos,NA,18242,Paratomarctus,euthos,PaleoDB,42.7,-100,NorthAmerica,United_States,12.2,12.3
Canidae,Paratomarctus,euthos,NA,18244,Paratomarctus,euthos,PaleoDB,35,-100.8,NorthAmerica,United_States,12.2,12.3
Canidae,Paratomarctus,temerarius,10456,NA,Paratomarctus,temerarius,NOW,42.6425,-100.064444,NorthAmerica,United_States,12.1,12.5
Canidae,Paratomarctus,temerarius,10641,NA,Paratomarctus,temerarius,NOW,35.393889,-117.944444,NorthAmerica,United_States,12.1,12.5
Canidae,Paratomarctus,temerarius,10453,NA,Paratomarctus,temerarius,NOW,42.784444,-100.035278,NorthAmerica,United_States,12.5,14.8
Canidae,Paratomarctus,temerarius,10454,NA,Paratomarctus,temerarius,NOW,42.826667,-97.636389,NorthAmerica,United_States,12.5,14.8
Canidae,Paratomarctus,temerarius,10455,NA,Paratomarctus,temerarius,NOW,42.712222,-99.788889,NorthAmerica,United_States,12.5,14.8
Canidae,Paratomarctus,temerarius,10323,NA,Paratomarctus,temerarius,NOW,41.5,-104.75,NorthAmerica,United_States,12.5,14.8
Canidae,Paratomarctus,temerarius,10639,NA,Paratomarctus,temerarius,NOW,35.031944,-117.04,NorthAmerica,United_States,12.5,14.8
Canidae,Paratomarctus,temerarius,11023,NA,Paratomarctus,temerarius,NOW,35.458056,-106.7525,NorthAmerica,United_States,12.5,14.8
Canidae,Paratomarctus,temerarius,11033,NA,Paratomarctus,temerarius,NOW,36.146944,-106.243056,NorthAmerica,United_States,12.5,14.8
Canidae,Paratomarctus,temerarius,11034,NA,Paratomarctus,temerarius,NOW,35.824722,-105.978611,NorthAmerica,United_States,12.5,14.8
Canidae,Paratomarctus,temerarius,11038,NA,Paratomarctus,temerarius,NOW,36.390833,-106.044167,NorthAmerica,United_States,12.5,14.8
Canidae,Paratomarctus,temerarius,NA,18424,Paratomarctus,temerarius,PaleoDB,41.3,-105.1,NorthAmerica,United_States,12.7,12.9
Canidae,Paratomarctus,temerarius,NA,19274,Paratomarctus,temerarius,PaleoDB,35.7,-107,NorthAmerica,United_States,13.1,16.7
Canidae,Paratomarctus,temerarius,NA,19519,Paratomarctus,temerarius,PaleoDB,36.5,-107,NorthAmerica,United_States,13.5,13.8
Canidae,Paratomarctus,temerarius,NA,19435,Paratomarctus,temerarius,PaleoDB,35.7,-107,NorthAmerica,United_States,13.5,13.5
Canidae,Paratomarctus,temerarius,NA,18894,Paratomarctus,temerarius,PaleoDB,46.4,-113.2,NorthAmerica,United_States,13.6,15.97
Canidae,Paratomarctus,temerarius,NA,19088,Paratomarctus,temerarius,PaleoDB,38.25,-117.9,NorthAmerica,United_States,13.6,15.97
Canidae,Paratomarctus,temerarius,NA,18164,Paratomarctus,temerarius,PaleoDB,42.9,-98.8,NorthAmerica,United_States,13.6,15.97
Canidae,Paratomarctus,temerarius,NA,18192,Paratomarctus,temerarius,PaleoDB,40.2,-101.1,NorthAmerica,United_States,13.6,15.97
Canidae,Paratomarctus,temerarius,NA,18275,Paratomarctus,temerarius,PaleoDB,40.238,-98.5271,NorthAmerica,United_States,13.6,15.97
Canidae,Paratomarctus,temerarius,NA,18284,Paratomarctus,temerarius,PaleoDB,42.783333,-100.033333,NorthAmerica,United_States,13.6,15.97
Canidae,Paratomarctus,temerarius,NA,18442,Paratomarctus,temerarius,PaleoDB,42.8,-100.8,NorthAmerica,United_States,13.6,15.97
Canidae,Paratomarctus,temerarius,NA,18627,Paratomarctus,temerarius,PaleoDB,30.5,-95,NorthAmerica,United_States,13.6,15.97
Canidae,Paratomarctus,temerarius,NA,18803,Paratomarctus,temerarius,PaleoDB,45.926111,-111.294722,NorthAmerica,United_States,13.6,15.97
Canidae,Paratomarctus,temerarius,NA,18109,Paratomarctus,temerarius,PaleoDB,42.8,-100.8,NorthAmerica,United_States,13.6,15.97
Canidae,Paratomarctus,temerarius,NA,18123,Paratomarctus,temerarius,PaleoDB,42.7,-100,NorthAmerica,United_States,13.6,15.97
Canidae,Paratomarctus,temerarius,NA,18124,Paratomarctus,temerarius,PaleoDB,42.7,-100,NorthAmerica,United_States,13.6,15.97
Canidae,Paratomarctus,temerarius,NA,18131,Paratomarctus,temerarius,PaleoDB,42.7,-100,NorthAmerica,United_States,13.6,15.97
Canidae,Paratomarctus,temerarius,NA,18144,Paratomarctus,temerarius,PaleoDB,42.7,-100,NorthAmerica,United_States,13.6,15.97
Canidae,Paratomarctus,temerarius,NA,18155,Paratomarctus,temerarius,PaleoDB,42.7,-100,NorthAmerica,United_States,13.6,15.97
Canidae,Paratomarctus,temerarius,NA,18172,Paratomarctus,temerarius,PaleoDB,42.8,-100.8,NorthAmerica,United_States,13.6,15.97
Canidae,Paratomarctus,temerarius,NA,18265,Paratomarctus,temerarius,PaleoDB,42.8,-100.8,NorthAmerica,United_States,13.6,15.97
Canidae,Paratomarctus,temerarius,NA,18272,Paratomarctus,temerarius,PaleoDB,42.8,-100.8,NorthAmerica,United_States,13.6,15.97
Canidae,Paratomarctus,temerarius,NA,18281,Paratomarctus,temerarius,PaleoDB,42.8,-100.8,NorthAmerica,United_States,13.6,15.97
Canidae,Paratomarctus,temerarius,NA,18665,Paratomarctus,temerarius,PaleoDB,30.5,-95,NorthAmerica,United_States,13.6,15.97
Canidae,Paratomarctus,temerarius,NA,19157,Paratomarctus,temerarius,PaleoDB,34.8,-117,NorthAmerica,United_States,13.6,15.97
Canidae,Paratomarctus,temerarius,NA,19287,Paratomarctus,temerarius,PaleoDB,36.5,-107,NorthAmerica,United_States,13.6,15.97
Canidae,Paratomarctus,temerarius,NA,19362,Paratomarctus,temerarius,PaleoDB,34.8,-117,NorthAmerica,United_States,13.6,15.97
Canidae,Paratomarctus,temerarius,NA,19535,Paratomarctus,temerarius,PaleoDB,35.5,-106.2,NorthAmerica,United_States,13.6,15.97
Canidae,Paratomarctus,temerarius,NA,19542,Paratomarctus,temerarius,PaleoDB,35.3,-118.5,NorthAmerica,United_States,13.6,15.97
Canidae,Paratomarctus,temerarius,NA,59059,Paratomarctus,temerarius,PaleoDB,35.465393,-118.912178,NorthAmerica,United_States,13.65,15.97
Canidae,Paratomarctus,temerarius,NA,18261,Paratomarctus,temerarius,PaleoDB,42.6,-98,NorthAmerica,United_States,13.8,13.8
Canidae,Paratomarctus,temerarius,NA,19520,Paratomarctus,temerarius,PaleoDB,36.5,-107,NorthAmerica,United_States,13.9,14
Canidae,Paratomarctus,temerarius,NA,19364,Paratomarctus,temerarius,PaleoDB,35.05,-117.066667,NorthAmerica,United_States,14,14
Canidae,Paratomarctus,temerarius,NA,19366,Paratomarctus,temerarius,PaleoDB,34.8,-117,NorthAmerica,United_States,14,14.2
Canidae,Paratomarctus,temerarius,NA,19422,Paratomarctus,temerarius,PaleoDB,34.8,-117,NorthAmerica,United_States,14,14.2
Canidae,Paratomarctus,temerarius,NA,19522,Paratomarctus,temerarius,PaleoDB,34.8,-117,NorthAmerica,United_States,14,14
Canidae,Paratomarctus,temerarius,NA,19556,Paratomarctus,temerarius,PaleoDB,34.8,-117,NorthAmerica,United_States,14,14.2
Canidae,Paratomarctus,temerarius,NA,19432,Paratomarctus,temerarius,PaleoDB,34.8,-117,NorthAmerica,United_States,14.1,14.2
Canidae,Paratomarctus,temerarius,NA,19457,Paratomarctus,temerarius,PaleoDB,34.8,-117,NorthAmerica,United_States,14.1,14.4
Canidae,Paratomarctus,temerarius,NA,19463,Paratomarctus,temerarius,PaleoDB,34.8,-117,NorthAmerica,United_States,14.1,14.4
Canidae,Paratomarctus,temerarius,NA,19548,Paratomarctus,temerarius,PaleoDB,34.8,-117,NorthAmerica,United_States,14.3,14.4
Canidae,Paratomarctus,temerarius,NA,19568,Paratomarctus,temerarius,PaleoDB,34.8,-117,NorthAmerica,United_States,14.3,14.7
Canidae,Paratomarctus,temerarius,10057,NA,Paratomarctus,temerarius,NOW,34.765278,-119.235556,NorthAmerica,United_States,14.8,16
Canidae,Paratomarctus,temerarius,10533,NA,Paratomarctus,temerarius,NOW,30.22,-96.42,NorthAmerica,United_States,14.8,16
Canidae,Paratomarctus,temerarius,10534,NA,Paratomarctus,temerarius,NOW,30.671111,-95.053056,NorthAmerica,United_States,14.8,16
Canidae,Paratomarctus,temerarius,10674,NA,Paratomarctus,temerarius,NOW,38.586111,-117.926389,NorthAmerica,United_States,14.8,16
Canidae,Paratomarctus,temerarius,10638,NA,Paratomarctus,temerarius,NOW,35.032222,-117.052778,NorthAmerica,United_States,14.8,16
Canidae,Paratomarctus,temerarius,10841,NA,Paratomarctus,temerarius,NOW,46.568889,-111.17,NorthAmerica,United_States,14.8,16
Canidae,Paratomarctus,temerarius,10865,NA,Paratomarctus,temerarius,NOW,45.666667,-111.3,NorthAmerica,United_States,14.8,16
Canidae,Paratomarctus,temerarius,10868,NA,Paratomarctus,temerarius,NOW,46.626667,-113.131111,NorthAmerica,United_States,14.8,16
Canidae,Paratomarctus,temerarius,10920,NA,Paratomarctus,temerarius,NOW,43.473611,-117.781389,NorthAmerica,United_States,14.8,16
Canidae,Paratomarctus,temerarius,NA,19056,Paratomarctus,temerarius,PaleoDB,43.6,-117.5,NorthAmerica,United_States,15.5,15.6
Canidae,Paratomarctus,temerarius,NA,18642,Paratomarctus,temerarius,PaleoDB,30.5,-95,NorthAmerica,United_States,18.6,18.7
Canidae,Philotrox,condoni,NA,17532,Philotrox,condoni,PaleoDB,43,-104.5,NorthAmerica,United_States,25.2,25.2
Canidae,Philotrox,condoni,NA,17537,Philotrox,condoni,PaleoDB,44.666667,-119.65,NorthAmerica,United_States,25.7,25.9
Canidae,Philotrox,condoni,NA,17611,Philotrox,condoni,PaleoDB,43.3,-102.5,NorthAmerica,United_States,26.3,30.8
Canidae,Philotrox,condoni,NA,17635,Philotrox,condoni,PaleoDB,43.3,-102.5,NorthAmerica,United_States,26.3,30.8
Canidae,Philotrox,condoni,NA,17641,Philotrox,condoni,PaleoDB,43.3,-102.5,NorthAmerica,United_States,26.3,30.8
Canidae,Philotrox,condoni,NA,17644,Philotrox,condoni,PaleoDB,43.3,-102.5,NorthAmerica,United_States,26.3,30.8
Canidae,Philotrox,condoni,NA,17592,Philotrox,condoni,PaleoDB,43.5,-101.9,NorthAmerica,United_States,26.3,30.8
Canidae,Philotrox,condoni,NA,17618,Philotrox,condoni,PaleoDB,43.3,-102.5,NorthAmerica,United_States,26.3,30.8
Canidae,Philotrox,condoni,10307,NA,Philotrox,condoni,NOW,42.671944,-104.755556,NorthAmerica,United_States,28.1,30
Canidae,Philotrox,condoni,10390,NA,Philotrox,condoni,NOW,43.389722,-102.464722,NorthAmerica,United_States,28.1,30
Canidae,Philotrox,condoni,10391,NA,Philotrox,condoni,NOW,43.08333,-102.333,NorthAmerica,United_States,28.1,30
Canidae,Philotrox,condoni,10908,NA,Philotrox,condoni,NOW,44.930833,-123.028889,NorthAmerica,United_States,28.1,30
Canidae,Phlaocyon,achoros,10550,NA,Phlaocyon,achoros,NOW,28.641944,-82.4275,NorthAmerica,United_States,19.5,23
Canidae,Phlaocyon,achoros,NA,17764,Phlaocyon,achoros,PaleoDB,29.8,-82.1,NorthAmerica,United_States,23,23.1
Canidae,Phlaocyon,annectens,10429,NA,Phlaocyon,annectens,NOW,42.417222,-103.727222,NorthAmerica,United_States,18.8,19.5
Canidae,Phlaocyon,annectens,10426,NA,Phlaocyon,annectens,NOW,42.418611,-103.801111,NorthAmerica,United_States,19.5,23
Canidae,Phlaocyon,annectens,10360,NA,Phlaocyon,annectens,NOW,40.533889,-108.216667,NorthAmerica,United_States,19.5,23
Canidae,Phlaocyon,annectens,11099,NA,Phlaocyon,annectens,NOW,29.16666667,-103.5,NorthAmerica,United_States,19.5,23
Canidae,Phlaocyon,annectens,NA,17744,Phlaocyon,annectens,PaleoDB,42.4,-103.8,NorthAmerica,United_States,20.8,20.9
Canidae,Phlaocyon,annectens,NA,22641,Phlaocyon,annectens,PaleoDB,42.416667,-103.866667,NorthAmerica,United_States,20.8,20.9
Canidae,Phlaocyon,annectens,NA,17854,Phlaocyon,annectens,PaleoDB,43,-104.5,NorthAmerica,United_States,20.8,21.1
Canidae,Phlaocyon,annectens,NA,17768,Phlaocyon,annectens,PaleoDB,29.2,-103.2,NorthAmerica,United_States,21,21.1
Canidae,Phlaocyon,annectens,NA,17769,Phlaocyon,annectens,PaleoDB,29.2,-103.2,NorthAmerica,United_States,21,21
Canidae,Phlaocyon,annectens,NA,17773,Phlaocyon,annectens,PaleoDB,29.2,-103.2,NorthAmerica,United_States,21,21.1
Canidae,Phlaocyon,annectens,NA,17774,Phlaocyon,annectens,PaleoDB,29.2,-103.2,NorthAmerica,United_States,21,21.1
Canidae,Phlaocyon,annectens,NA,17775,Phlaocyon,annectens,PaleoDB,29.2,-103.2,NorthAmerica,United_States,21,21.1
Canidae,Phlaocyon,Genus_Only,NA,18597,Phlaocyon,sp.,PaleoDB,29.7,-82.6,NorthAmerica,United_States,15.97,20.43
Canidae,Phlaocyon,Genus_Only,NA,167830,Phlaocyon,sp.,PaleoDB,33.826111,-117.714444,NorthAmerica,United_States,15.97,20.43
Canidae,Phlaocyon,Genus_Only,NA,167841,Phlaocyon,sp.,PaleoDB,33.779722,-117.733611,NorthAmerica,United_States,15.97,20.43
Canidae,Phlaocyon,Genus_Only,NA,167842,Phlaocyon,sp.,PaleoDB,33.779722,-117.733611,NorthAmerica,United_States,15.97,20.43
Canidae,Phlaocyon,Genus_Only,10554,NA,Phlaocyon,indet.,NOW,28.133333,-81.631667,NorthAmerica,United_States,16,17.5
Canidae,Phlaocyon,Genus_Only,10043,NA,Phlaocyon,indet.,NOW,38.555605,-121.468926,NorthAmerica,United_States,17.5,18.8
Canidae,Phlaocyon,Genus_Only,10430,NA,Phlaocyon,indet.,NOW,42.444722,-103.728611,NorthAmerica,United_States,18.8,19.5
Canidae,Phlaocyon,Genus_Only,NA,18512,Phlaocyon,sp.,PaleoDB,29.9,-82.1,NorthAmerica,United_States,18.9,18.9
Canidae,Phlaocyon,Genus_Only,NA,167849,Phlaocyon,sp.,PaleoDB,33.729167,-117.720833,NorthAmerica,United_States,20.43,30.8
Canidae,Phlaocyon,Genus_Only,NA,28043,Phlaocyon,sp.,PaleoDB,41.7,-103.666667,NorthAmerica,United_States,21.5,21.6
Canidae,Phlaocyon,Genus_Only,NA,17805,Phlaocyon,sp.,PaleoDB,42.2,-103.1,NorthAmerica,United_States,21.6,21.6
Canidae,Phlaocyon,Genus_Only,NA,17819,Phlaocyon,sp.,PaleoDB,42.4,-103.8,NorthAmerica,United_States,22.6,22.6
Canidae,Phlaocyon,latidens,NA,93078,Phlaocyon,latidens,PaleoDB,44.666667,-119.633333,NorthAmerica,United_States,20.43,30.8
Canidae,Phlaocyon,latidens,10907,NA,Phlaocyon,latidens,NOW,44.664722,-119.667778,NorthAmerica,United_States,28.1,30
Canidae,Phlaocyon,latidens,NA,17508,Phlaocyon,latidens,PaleoDB,44.666667,-119.633333,NorthAmerica,United_States,28.4,28.6
Canidae,Phlaocyon,latidens,10906,NA,Phlaocyon,latidens,NOW,44.930833,-123.028889,NorthAmerica,United_States,30,31.4
Canidae,Phlaocyon,latidens,NA,17349,Phlaocyon,latidens,PaleoDB,44.6,-119.616667,NorthAmerica,United_States,30.8,33.3
Canidae,Phlaocyon,leucosteus,NA,17964,Phlaocyon,leucosteus,PaleoDB,40.8,-103.1,NorthAmerica,United_States,15.97,20.43
Canidae,Phlaocyon,leucosteus,NA,17886,Phlaocyon,leucosteus,PaleoDB,42,-104.2,NorthAmerica,United_States,15.97,20.43
Canidae,Phlaocyon,leucosteus,NA,167863,Phlaocyon,leucosteus,PaleoDB,42.265278,-104.046389,NorthAmerica,United_States,15.97,20.43
Canidae,Phlaocyon,leucosteus,10436,NA,Phlaocyon,leucosteus,NOW,42.399722,-103.030556,NorthAmerica,United_States,16,17.5
Canidae,Phlaocyon,leucosteus,10321,NA,Phlaocyon,leucosteus,NOW,41.14555,-104.801944,NorthAmerica,United_States,16,17.5
Canidae,Phlaocyon,leucosteus,10433,NA,Phlaocyon,leucosteus,NOW,42.750833,-102.022222,NorthAmerica,United_States,17.5,18.8
Canidae,Phlaocyon,leucosteus,10357,NA,Phlaocyon,leucosteus,NOW,40.901667,-103.269722,NorthAmerica,United_States,17.5,18.8
Canidae,Phlaocyon,leucosteus,NA,17991,Phlaocyon,leucosteus,PaleoDB,42.8,-103.1,NorthAmerica,United_States,18.4,18.4
Canidae,Phlaocyon,leucosteus,10426,NA,Phlaocyon,leucosteus,NOW,42.418611,-103.801111,NorthAmerica,United_States,19.5,23
Canidae,Phlaocyon,leucosteus,10546,NA,Phlaocyon,leucosteus,NOW,29.61667,-82.96667,NorthAmerica,United_States,19.5,28.1
Canidae,Phlaocyon,leucosteus,NA,17865,Phlaocyon,leucosteus,PaleoDB,42.75,-102.016667,NorthAmerica,United_States,19.9,20
Canidae,Phlaocyon,leucosteus,NA,17891,Phlaocyon,leucosteus,PaleoDB,42.8,-103.1,NorthAmerica,United_States,19.9,19.9
Canidae,Phlaocyon,leucosteus,NA,18009,Phlaocyon,leucosteus,PaleoDB,42.8,-100.8,NorthAmerica,United_States,19.9,20.1
Canidae,Phlaocyon,leucosteus,NA,17842,Phlaocyon,leucosteus,PaleoDB,42.2,-103.1,NorthAmerica,United_States,20.43,24.8
Canidae,Phlaocyon,leucosteus,NA,17837,Phlaocyon,leucosteus,PaleoDB,30.3,-83,NorthAmerica,United_States,21.7,21.8
Canidae,Phlaocyon,mariae,10433,NA,Phlaocyon,mariae,NOW,42.750833,-102.022222,NorthAmerica,United_States,17.5,18.8
Canidae,Phlaocyon,mariae,NA,17865,Phlaocyon,mariae,PaleoDB,42.75,-102.016667,NorthAmerica,United_States,19.9,20
Canidae,Phlaocyon,marslandensis,10433,NA,Phlaocyon,marslandensis,NOW,42.750833,-102.022222,NorthAmerica,United_States,17.5,18.8
Canidae,Phlaocyon,marslandensis,NA,17875,Phlaocyon,marslandensis,PaleoDB,42.2,-103.1,NorthAmerica,United_States,19.5,19.5
Canidae,Phlaocyon,marslandensis,NA,17888,Phlaocyon,marslandensis,PaleoDB,42.7,-102.5,NorthAmerica,United_States,19.5,19.5
Canidae,Phlaocyon,marslandensis,NA,17932,Phlaocyon,marslandensis,PaleoDB,42.2,-103.1,NorthAmerica,United_States,19.5,19.5
Canidae,Phlaocyon,marslandensis,NA,17948,Phlaocyon,marslandensis,PaleoDB,42.2,-103.1,NorthAmerica,United_States,19.5,19.5
Canidae,Phlaocyon,marslandensis,NA,17949,Phlaocyon,marslandensis,PaleoDB,42.2,-103.1,NorthAmerica,United_States,19.5,19.5
Canidae,Phlaocyon,minor,NA,18617,Phlaocyon,minor,PaleoDB,30.1,-96.1,NorthAmerica,United_States,15.97,20.43
Canidae,Phlaocyon,minor,10529,NA,Phlaocyon,minor,NOW,30.173056,-96.671389,NorthAmerica,United_States,17.5,18.8
Canidae,Phlaocyon,minor,10313,NA,Phlaocyon,minor,NOW,41.691389,-104.743611,NorthAmerica,United_States,18.8,19.5
Canidae,Phlaocyon,minor,10316,NA,Phlaocyon,minor,NOW,41.682222,-104.731389,NorthAmerica,United_States,18.8,19.5
Canidae,Phlaocyon,minor,10426,NA,Phlaocyon,minor,NOW,42.418611,-103.801111,NorthAmerica,United_States,19.5,23
Canidae,Phlaocyon,minor,10315,NA,Phlaocyon,minor,NOW,42.908056,-104.421667,NorthAmerica,United_States,19.5,23
Canidae,Phlaocyon,minor,NA,17750,Phlaocyon,minor,PaleoDB,43.3,-102.5,NorthAmerica,United_States,20.7,22.1
Canidae,Phlaocyon,minor,NA,17793,Phlaocyon,minor,PaleoDB,42,-104.2,NorthAmerica,United_States,20.7,20.7
Canidae,Phlaocyon,minor,NA,17835,Phlaocyon,minor,PaleoDB,42,-104.2,NorthAmerica,United_States,20.7,20.9
Canidae,Phlaocyon,minor,NA,17838,Phlaocyon,minor,PaleoDB,43,-104.5,NorthAmerica,United_States,20.7,22.8
Canidae,Phlaocyon,minor,NA,17854,Phlaocyon,minor,PaleoDB,43,-104.5,NorthAmerica,United_States,20.8,21.1
Canidae,Phlaocyon,minor,NA,17788,Phlaocyon,minor,PaleoDB,42.1,-105,NorthAmerica,United_States,20.9,20.9
Canidae,Phlaocyon,minor,NA,17833,Phlaocyon,minor,PaleoDB,42.62,-104.4,NorthAmerica,United_States,20.9,20.9
Canidae,Phlaocyon,minor,NA,17846,Phlaocyon,minor,PaleoDB,42.4,-103.8,NorthAmerica,United_States,21.4,21.5
Canidae,Phlaocyon,minor,NA,17745,Phlaocyon,minor,PaleoDB,43.1796,-102.2953,NorthAmerica,United_States,21.9,22
Canidae,Phlaocyon,minor,10394,NA,Phlaocyon,minor,NOW,43.18,-102.419722,NorthAmerica,United_States,23,28.1
Canidae,Phlaocyon,minor,10399,NA,Phlaocyon,minor,NOW,43.058056,-99.818611,NorthAmerica,United_States,23,28.1
Canidae,Phlaocyon,minor,NA,17723,Phlaocyon,minor,PaleoDB,43.066667,-99.833333,NorthAmerica,United_States,24.8,26.3
Canidae,Phlaocyon,minor,NA,17532,Phlaocyon,minor,PaleoDB,43,-104.5,NorthAmerica,United_States,25.2,25.2
Canidae,Phlaocyon,minor,10307,NA,Phlaocyon,minor,NOW,42.671944,-104.755556,NorthAmerica,United_States,28.1,30
Canidae,Phlaocyon,multicuspus,10313,NA,Phlaocyon,multicuspis,NOW,41.691389,-104.743611,NorthAmerica,United_States,18.8,19.5
Canidae,Phlaocyon,multicuspus,NA,17821,Phlaocyon,multicuspus,PaleoDB,43,-104.5,NorthAmerica,United_States,22.5,22.6
Canidae,Phlaocyon,taylori,NA,167853,Phlaocyon,taylori,PaleoDB,33.599167,-117.611667,NorthAmerica,United_States,20.43,30.8
Canidae,Phlaocyon,taylori,NA,167848,Phlaocyon,taylori,PaleoDB,33.729167,-117.720833,NorthAmerica,United_States,20.43,30.8
Canidae,Phlaocyon,taylori,10547,NA,Phlaocyon,taylori,NOW,28.058056,-82.357222,NorthAmerica,United_States,23,28.1
Canidae,Phlaocyon,taylori,NA,17476,Phlaocyon,taylori,PaleoDB,28.5,-82.2,NorthAmerica,United_States,24.7,24.8
Canidae,Phlaocyon,taylori,NA,17487,Phlaocyon,taylori,PaleoDB,27.9,-82.1,NorthAmerica,United_States,24.8,30.8
Canidae,Phlaocyon,taylori,10041,NA,Phlaocyon,taylori,NOW,33.716944,-117.695833,NorthAmerica,United_States,28.1,30
Canidae,Phlaocyon,yatkolai,10433,NA,Phlaocyon,yatkolai,NOW,42.750833,-102.022222,NorthAmerica,United_States,17.5,18.8
Canidae,Phlaocyon,yatkolai,NA,17989,Phlaocyon,yatkolai,PaleoDB,42.2,-103.1,NorthAmerica,United_States,19.9,20
Canidae,Protepicyon,raki,10639,NA,Protepicyon,raki,NOW,35.031944,-117.04,NorthAmerica,United_States,12.5,14.8
Canidae,Protepicyon,raki,NA,19432,Protepicyon,raki,PaleoDB,34.8,-117,NorthAmerica,United_States,14.1,14.2
Canidae,Protepicyon,raki,NA,19457,Protepicyon,raki,PaleoDB,34.8,-117,NorthAmerica,United_States,14.1,14.4
Canidae,Protepicyon,raki,NA,19458,Protepicyon,raki,PaleoDB,34.8,-117,NorthAmerica,United_States,14.1,14.2
Canidae,Protepicyon,raki,NA,19463,Protepicyon,raki,PaleoDB,34.8,-117,NorthAmerica,United_States,14.1,14.4
Canidae,Protepicyon,raki,NA,19548,Protepicyon,raki,PaleoDB,34.8,-117,NorthAmerica,United_States,14.3,14.4
Canidae,Protepicyon,raki,10638,NA,Protepicyon,raki,NOW,35.032222,-117.052778,NorthAmerica,United_States,14.8,16
Canidae,Protepicyon,raki,11022,NA,Protepicyon,raki,NOW,35.592778,-106.67,NorthAmerica,United_States,14.8,16
Canidae,Protocyon,troglodytes,NA,92814,Protocyon,troglodytes,PaleoDB,-21.133333,-56.583333,SouthAmerica,Brazil,0,2.588
Canidae,Protocyon,troglodytes,NA,148309,Protocyon,troglodytes,PaleoDB,-5.666667,-37.833333,SouthAmerica,Brazil,0,0.126
Canidae,Protocyon,troglodytes,NA,133630,Protocyon,orcesi,PaleoDB,-2.224,-80.925,SouthAmerica,Ecuador,0.012,0.781
Canidae,Protocyon,troglodytes,NA,63515,Protocyon,sp.,PaleoDB,10.794722,-72.239167,SouthAmerica,Venezuela,0.012,0.126
Canidae,Protocyon,troglodytes,NA,145366,Protocyon,sp.,PaleoDB,10.795,-72.239167,SouthAmerica,Venezuela,0.012,0.126
Canidae,Protocyon,troglodytes,NA,63515,Protocyon,troglodytes,PaleoDB,10.794722,-72.239167,SouthAmerica,Venezuela,0.012,0.126
Canidae,Protocyon,troglodytes,NA,145366,Protocyon,troglodytes,PaleoDB,10.795,-72.239167,SouthAmerica,Venezuela,0.012,0.126
Canidae,Protocyon,troglodytes,27715,NA,Protocyon,indet.,NOW,10.79527778,-72.23916667,SouthAmerica,Venezuela,0.0255,0.02798
Canidae,Protocyon,troglodytes,27715,NA,Protocyon,troglodytes,NOW,10.79527778,-72.23916667,SouthAmerica,Venezuela,0.0255,0.02798
Canidae,Protocyon,troglodytes,NA,140159,Protocyon,troglodytes,PaleoDB,-31.25,-57,SouthAmerica,Uruguay,0.043,0.12
Canidae,Protocyon,troglodytes,NA,142016,Protocyon,tarijensis,PaleoDB,-21.5,-64.75,SouthAmerica,Bolivia,0.781,2.588
Canidae,Protomarctus,optatus,NA,19103,Protomarctus,optatus,PaleoDB,41.1,-117.8,NorthAmerica,United_States,13.6,15.97
Canidae,Protomarctus,optatus,NA,19510,Protomarctus,optatus,PaleoDB,34.8,-117,NorthAmerica,United_States,13.6,15.97
Canidae,Protomarctus,optatus,NA,19449,Protomarctus,optatus,PaleoDB,35.5,-106.2,NorthAmerica,United_States,15.3,15.3
Canidae,Protomarctus,optatus,NA,19188,Protomarctus,optatus,PaleoDB,35.7,-107,NorthAmerica,United_States,15.97,20.43
Canidae,Protomarctus,optatus,NA,17890,Protomarctus,optatus,PaleoDB,42.4,-103.8,NorthAmerica,United_States,15.97,20.43
Canidae,Protomarctus,optatus,NA,17918,Protomarctus,optatus,PaleoDB,42.8,-103.1,NorthAmerica,United_States,15.97,20.43
Canidae,Protomarctus,optatus,NA,18012,Protomarctus,optatus,PaleoDB,42.4,-103.8,NorthAmerica,United_States,15.97,20.43
Canidae,Protomarctus,optatus,NA,18016,Protomarctus,optatus,PaleoDB,42.4,-103.8,NorthAmerica,United_States,15.97,20.43
Canidae,Protomarctus,optatus,10064,NA,Protomarctus,optatus,NOW,34.851389,-119.553611,NorthAmerica,United_States,16,17.5
Canidae,Protomarctus,optatus,10065,NA,Protomarctus,optatus,NOW,35.485556,-118.889722,NorthAmerica,United_States,16,17.5
Canidae,Protomarctus,optatus,10436,NA,Protomarctus,optatus,NOW,42.399722,-103.030556,NorthAmerica,United_States,16,17.5
Canidae,Protomarctus,optatus,10437,NA,Protomarctus,optatus,NOW,42.175,-103.7375,NorthAmerica,United_States,16,17.5
Canidae,Protomarctus,optatus,10438,NA,Protomarctus,optatus,NOW,42.178333,-103.755278,NorthAmerica,United_States,16,17.5
Canidae,Protomarctus,optatus,10439,NA,Protomarctus,optatus,NOW,42.653889,-102.785278,NorthAmerica,United_States,16,17.5
Canidae,Protomarctus,optatus,10319,NA,Protomarctus,optatus,NOW,42.446389,-107.556667,NorthAmerica,United_States,16,17.5
Canidae,Protomarctus,optatus,10636,NA,Protomarctus,optatus,NOW,35.032222,-117.052778,NorthAmerica,United_States,16,17.5
Canidae,Protomarctus,optatus,NA,19601,Protomarctus,optatus,PaleoDB,34.9,-119.5,NorthAmerica,United_States,16.6,18.7
Canidae,Protomarctus,optatus,NA,17872,Protomarctus,optatus,PaleoDB,42.4,-103.8,NorthAmerica,United_States,17.3,17.6
Canidae,Protomarctus,optatus,NA,17952,Protomarctus,optatus,PaleoDB,42.4,-103.8,NorthAmerica,United_States,17.3,17.3
Canidae,Protomarctus,optatus,NA,17987,Protomarctus,optatus,PaleoDB,42.4,-103.8,NorthAmerica,United_States,17.3,17.6
Canidae,Protomarctus,optatus,10357,NA,Protomarctus,optatus,NOW,40.901667,-103.269722,NorthAmerica,United_States,17.5,18.8
Canidae,Protomarctus,optatus,11019,NA,Protomarctus,optatus,NOW,35.5,-106.75,NorthAmerica,United_States,17.5,18.8
Canidae,Protomarctus,optatus,NA,17907,Protomarctus,optatus,PaleoDB,42.8,-103.1,NorthAmerica,United_States,17.6,17.6
Canidae,Protomarctus,optatus,NA,17917,Protomarctus,optatus,PaleoDB,42.8,-103.1,NorthAmerica,United_States,17.6,17.6
Canidae,Protomarctus,optatus,NA,19151,Protomarctus,optatus,PaleoDB,35.3,-118.5,NorthAmerica,United_States,17.6,19.1
Canidae,Protomarctus,optatus,NA,18001,Protomarctus,optatus,PaleoDB,42.4,-103.8,NorthAmerica,United_States,17.6,17.6
Canidae,Protomarctus,optatus,NA,17920,Protomarctus,optatus,PaleoDB,42.4,-103.8,NorthAmerica,United_States,17.6,17.7
Canidae,Protomarctus,optatus,NA,17961,Protomarctus,optatus,PaleoDB,42.4,-103.8,NorthAmerica,United_States,17.6,17.6
Canidae,Protomarctus,optatus,NA,18000,Protomarctus,optatus,PaleoDB,42.4,-103.8,NorthAmerica,United_States,17.6,17.6
Canidae,Protomarctus,optatus,NA,18962,Protomarctus,optatus,PaleoDB,41.7,-119.7,NorthAmerica,United_States,17.9,18
Canidae,Protomarctus,optatus,NA,18873,Protomarctus,optatus,PaleoDB,43.2,-107.1,NorthAmerica,United_States,18.1,18.1
Canidae,Protomarctus,optatus,NA,19073,Protomarctus,optatus,PaleoDB,43.2,-108.2,NorthAmerica,United_States,18.2,18.3
Canidae,Protomarctus,optatus,NA,19075,Protomarctus,optatus,PaleoDB,43.2,-108.2,NorthAmerica,United_States,18.2,18.2
Canidae,Protomarctus,optatus,NA,17864,Protomarctus,optatus,PaleoDB,42.8,-103.1,NorthAmerica,United_States,18.5,20.2
Canidae,Protomarctus,optatus,NA,17906,Protomarctus,optatus,PaleoDB,42.8,-103.1,NorthAmerica,United_States,19.3,20
Canidae,Protomarctus,optatus,NA,19311,Protomarctus,optatus,PaleoDB,35.7,-107,NorthAmerica,United_States,19.6,20.7
Canidae,Protomarctus,optatus,NA,17965,Protomarctus,optatus,PaleoDB,40.9,-103.283333,NorthAmerica,United_States,20,20
Canidae,Prototocyon,curvipalatus,27009,NA,Prototocyon,curvipalatus,NOW,30.78333333,76.91666667,Asia,India,0.63,2
Canidae,Psalidocyon,marianae,NA,17905,Psalidocyon,marianae,PaleoDB,42.1856,-103.73265,NorthAmerica,United_States,13.6,15.97
Canidae,Psalidocyon,marianae,10441,NA,Psalidocyon,marianae,NOW,42.160833,-103.725833,NorthAmerica,United_States,14.8,16
Canidae,Psalidocyon,marianae,11032,NA,Psalidocyon,marianae,NOW,35.978333,-105.988333,NorthAmerica,United_States,14.8,16
Canidae,Psalidocyon,marianae,NA,19547,Psalidocyon,marianae,PaleoDB,35.5,-106.2,NorthAmerica,United_States,15.2,15.2
Canidae,Psalidocyon,marianae,NA,18004,Psalidocyon,marianae,PaleoDB,42.4,-103.8,NorthAmerica,United_States,15.97,20.43
Canidae,Psalidocyon,marianae,NA,17955,Psalidocyon,marianae,PaleoDB,42.4,-103.8,NorthAmerica,United_States,16.4,16.5
Canidae,Rhizocyon,oregonensis,NA,93078,Rhizocyon,oregonensis,PaleoDB,44.666667,-119.633333,NorthAmerica,United_States,20.43,30.8
Canidae,Rhizocyon,oregonensis,NA,17537,Rhizocyon,oregonensis,PaleoDB,44.666667,-119.65,NorthAmerica,United_States,25.7,25.9
Canidae,Rhizocyon,oregonensis,10907,NA,Rhizocyon,oregonensis,NOW,44.664722,-119.667778,NorthAmerica,United_States,28.1,30
Canidae,Rhizocyon,oregonensis,NA,17508,Rhizocyon,oregonensis,PaleoDB,44.666667,-119.633333,NorthAmerica,United_States,28.4,28.6
Canidae,Sunkahetanka,geringensis,NA,17605,Sunkahetanka,geringensis,PaleoDB,43.5,-101.9,NorthAmerica,United_States,25.1,26.3
Canidae,Sunkahetanka,geringensis,NA,17598,Sunkahetanka,geringensis,PaleoDB,41.7,-103.1,NorthAmerica,United_States,26.2,26.3
Canidae,Sunkahetanka,geringensis,NA,17634,Sunkahetanka,geringensis,PaleoDB,43.3,-102.5,NorthAmerica,United_States,26.3,30.8
Canidae,Sunkahetanka,geringensis,NA,17636,Sunkahetanka,geringensis,PaleoDB,43.3,-102.5,NorthAmerica,United_States,26.3,30.8
Canidae,Sunkahetanka,geringensis,NA,17641,Sunkahetanka,geringensis,PaleoDB,43.3,-102.5,NorthAmerica,United_States,26.3,30.8
Canidae,Sunkahetanka,geringensis,10424,NA,Sunkahetanka,geringensis,NOW,41.615,-103.251111,NorthAmerica,United_States,28.1,30
Canidae,Sunkahetanka,geringensis,10391,NA,Sunkahetanka,geringensis,NOW,43.08333,-102.333,NorthAmerica,United_States,28.1,30
Canidae,Sunkahetanka,geringensis,10418,NA,Sunkahetanka,geringensis,NOW,40.809868,-96.675345,NorthAmerica,United_States,28.1,30
Canidae,Tephrocyon,rurestris,NA,19017,Tephrocyon,rurestris,PaleoDB,43.6,-117.5,NorthAmerica,United_States,14.7,14.7
Canidae,Tephrocyon,rurestris,10057,NA,Tephrocyon,rurestris,NOW,34.765278,-119.235556,NorthAmerica,United_States,14.8,16
Canidae,Tephrocyon,rurestris,10916,NA,Tephrocyon,rurestris,NOW,44.492222,-119.535833,NorthAmerica,United_States,14.8,16
Canidae,Tephrocyon,rurestris,10920,NA,Tephrocyon,rurestris,NOW,43.473611,-117.781389,NorthAmerica,United_States,14.8,16
Canidae,Tephrocyon,rurestris,NA,19019,Tephrocyon,rurestris,PaleoDB,43.6,-117.5,NorthAmerica,United_States,15.6,15.7
Canidae,Tephrocyon,rurestris,NA,19027,Tephrocyon,rurestris,PaleoDB,44.5,-119.3,NorthAmerica,United_States,15.6,15.7
Canidae,Theriodictis,floriadanus,NA,20384,Theriodictis,floridanus,PaleoDB,29,-82.68,NorthAmerica,United_States,1.8,4.9
Canidae,Theriodictis,floriadanus,10583,NA,Theriodictis,floriadanus,NOW,28.133333,-81.631667,NorthAmerica,United_States,1.9,2.5
Canidae,Theriodictis,floriadanus,10588,NA,Theriodictis,floriadanus,NOW,27.366667,-82.45,NorthAmerica,United_States,1.9,2.5
Canidae,Theriodictis,floriadanus,NA,19753,Theriodictis,floridanus,PaleoDB,27.366667,-82.45,NorthAmerica,United_States,3.6,3.7
Canidae,Theriodictis,proplatensis,NA,142016,Canis,proplatensis,PaleoDB,-21.5,-64.75,SouthAmerica,Bolivia,0.781,2.588
Canidae,Theriodictis,tarijensis,NA,59978,Theriodictis,sp.,PaleoDB,-31.110278,-50.979444,SouthAmerica,Brazil,0.012,0.126
Canidae,Theriodictis,tarijensis,NA,70673,Theriodictis,tarijensis,PaleoDB,-21.533333,-64.733333,SouthAmerica,Bolivia,0.781,2.588
Canidae,Tomarctus,brevirostris,10537,NA,Aelurodon,francisi,NOW,30.345,-96.031667,NorthAmerica,United_States,12.5,14.8
Canidae,Tomarctus,brevirostris,10371,NA,Tomarctus,brevirostris,NOW,39.739167,-104.984722,NorthAmerica,United_States,12.5,14.8
Canidae,Tomarctus,brevirostris,10372,NA,Tomarctus,brevirostris,NOW,40.815278,-104.065833,NorthAmerica,United_States,12.5,14.8
Canidae,Tomarctus,brevirostris,10537,NA,Tomarctus,brevirostris,NOW,30.345,-96.031667,NorthAmerica,United_States,12.5,14.8
Canidae,Tomarctus,brevirostris,NA,17905,Tomarctus,brevirostris,PaleoDB,42.1856,-103.73265,NorthAmerica,United_States,13.6,15.97
Canidae,Tomarctus,brevirostris,NA,181725,Tomarctus,brevirostris,PaleoDB,39.2,-117.9,NorthAmerica,United_States,13.6,15.97
Canidae,Tomarctus,brevirostris,NA,18649,Tomarctus,brevirostris,PaleoDB,30.3,-95.7,NorthAmerica,United_States,13.7,19.7
Canidae,Tomarctus,brevirostris,NA,18203,Tomarctus,brevirostris,PaleoDB,40.8,-104.2,NorthAmerica,United_States,13.7,13.8
Canidae,Tomarctus,brevirostris,NA,19598,Tomarctus,brevirostris,PaleoDB,34.8,-117,NorthAmerica,United_States,14.6,14.7
Canidae,Tomarctus,brevirostris,10056,NA,Tomarctus,brevirostris,NOW,34.765278,-119.245278,NorthAmerica,United_States,14.8,16
Canidae,Tomarctus,brevirostris,10441,NA,Tomarctus,brevirostris,NOW,42.160833,-103.725833,NorthAmerica,United_States,14.8,16
Canidae,Tomarctus,brevirostris,10370,NA,Tomarctus,brevirostris,NOW,40.870556,-103.920556,NorthAmerica,United_States,14.8,16
Canidae,Tomarctus,brevirostris,10638,NA,Tomarctus,brevirostris,NOW,35.032222,-117.052778,NorthAmerica,United_States,14.8,16
Canidae,Tomarctus,brevirostris,11032,NA,Tomarctus,brevirostris,NOW,35.978333,-105.988333,NorthAmerica,United_States,14.8,16
Canidae,Tomarctus,brevirostris,NA,19547,Tomarctus,brevirostris,PaleoDB,35.5,-106.2,NorthAmerica,United_States,15.2,15.2
Canidae,Tomarctus,brevirostris,NA,19196,Tomarctus,brevirostris,PaleoDB,35.1,-120,NorthAmerica,United_States,15.7,15.7
Canidae,Tomarctus,brevirostris,NA,17880,Tomarctus,brevirostris,PaleoDB,42.4,-103.8,NorthAmerica,United_States,15.97,20.43
Canidae,Tomarctus,brevirostris,NA,17903,Tomarctus,brevirostris,PaleoDB,42.4,-103.8,NorthAmerica,United_States,15.97,20.43
Canidae,Tomarctus,brevirostris,NA,17904,Tomarctus,brevirostris,PaleoDB,42.4,-103.8,NorthAmerica,United_States,15.97,20.43
Canidae,Tomarctus,brevirostris,NA,17908,Tomarctus,brevirostris,PaleoDB,40.8,-104.2,NorthAmerica,United_States,15.97,20.43
Canidae,Tomarctus,brevirostris,NA,17956,Tomarctus,brevirostris,PaleoDB,42.4,-103.8,NorthAmerica,United_States,15.97,20.43
Canidae,Tomarctus,brevirostris,NA,17972,Tomarctus,brevirostris,PaleoDB,42.4,-103.8,NorthAmerica,United_States,15.97,20.43
Canidae,Tomarctus,brevirostris,NA,18011,Tomarctus,brevirostris,PaleoDB,42.4,-103.8,NorthAmerica,United_States,15.97,20.43
Canidae,Tomarctus,brevirostris,NA,18019,Tomarctus,brevirostris,PaleoDB,42.4,-103.8,NorthAmerica,United_States,15.97,20.43
Canidae,Tomarctus,brevirostris,NA,17955,Tomarctus,brevirostris,PaleoDB,42.4,-103.8,NorthAmerica,United_States,16.4,16.5
Canidae,Tomarctus,brevirostris,NA,18650,Tomarctus,brevirostris,PaleoDB,30.3,-95.7,NorthAmerica,United_States,17.2,17.3
Canidae,Tomarctus,brevirostris,10009,NA,Tomarctus,brevirostris,NOW,8.966667,-79.533333,NorthAmerica,Panama,17.5,18.8
Canidae,Tomarctus,brevirostris,NA,18725,Tomarctus,brevirostris,PaleoDB,9.1,-79.7,NorthAmerica,Panama,19.7,19.7
Canidae,Tomarctus,brevirostris,NA,17893,Tomarctus,brevirostris,PaleoDB,40.8,-104.2,NorthAmerica,United_States,19.7,19.7
Canidae,Tomarctus,Genus_Only,10406,NA,Tomarctus,indet.,NOW,43.002222,-102.386944,NorthAmerica,United_States,10.1,12.1
Canidae,Tomarctus,Genus_Only,10324,NA,Tomarctus,indet.,NOW,42.374722,-107.033333,NorthAmerica,United_States,12.1,14.8
Canidae,Tomarctus,Genus_Only,NA,181731,Tomarctus,sp.,PaleoDB,39.2,-117.9,NorthAmerica,United_States,13.6,15.97
Canidae,Tomarctus,Genus_Only,NA,52183,Tomarctus,sp.,PaleoDB,32.116667,-116.8,NorthAmerica,Mexico,13.65,15.97
Canidae,Tomarctus,Genus_Only,NA,19097,Tomarctus,sp.,PaleoDB,38.1,-117.3,NorthAmerica,United_States,13.7,13.7
Canidae,Tomarctus,Genus_Only,10557,NA,Tomarctus,indet.,NOW,29.91694,-84.97722,NorthAmerica,United_States,16,18.8
Canidae,Tomarctus,Genus_Only,10402,NA,Tomarctus,indet.,NOW,43.132778,-101.871111,NorthAmerica,United_States,17.5,18.8
Canidae,Tomarctus,Genus_Only,10632,NA,Tomarctus,indet.,NOW,38.555605,-121.468926,NorthAmerica,United_States,17.5,18.8
Canidae,Tomarctus,hippophaga,NA,19233,Tomarctus,hippophagus,PaleoDB,34.8,-117,NorthAmerica,United_States,5.332,23.03
Canidae,Tomarctus,hippophaga,10767,NA,Tomarctus,hippophaga,NOW,54.5,-105.681389,NorthAmerica,Canada,12.5,14.8
Canidae,Tomarctus,hippophaga,NA,18758,Tomarctus,hippophaga,PaleoDB,49.2,-106.2,NorthAmerica,Canada,13.6,15.97
Canidae,Tomarctus,hippophaga,NA,18761,Tomarctus,hippophaga,PaleoDB,49.2,-106.2,NorthAmerica,Canada,13.6,15.97
Canidae,Tomarctus,hippophaga,NA,18769,Tomarctus,hippophaga,PaleoDB,49.2,-106.2,NorthAmerica,Canada,13.6,15.97
Canidae,Tomarctus,hippophaga,NA,18785,Tomarctus,hippophaga,PaleoDB,49.2,-106.2,NorthAmerica,Canada,13.6,15.97
Canidae,Tomarctus,hippophaga,NA,18788,Tomarctus,hippophaga,PaleoDB,49.2,-106.2,NorthAmerica,Canada,13.6,15.97
Canidae,Tomarctus,hippophaga,NA,18789,Tomarctus,hippophaga,PaleoDB,49.2,-106.2,NorthAmerica,Canada,13.6,15.97
Canidae,Tomarctus,hippophaga,NA,18793,Tomarctus,hippophaga,PaleoDB,49.2,-106.2,NorthAmerica,Canada,13.6,15.97
Canidae,Tomarctus,hippophaga,NA,18797,Tomarctus,hippophaga,PaleoDB,49.2,-106.2,NorthAmerica,Canada,13.6,15.97
Canidae,Tomarctus,hippophaga,NA,18798,Tomarctus,hippophaga,PaleoDB,49.2,-106.2,NorthAmerica,Canada,13.6,15.97
Canidae,Tomarctus,hippophaga,NA,18165,Tomarctus,hippophaga,PaleoDB,42.8,-100.8,NorthAmerica,United_States,13.6,15.97
Canidae,Tomarctus,hippophaga,NA,17905,Tomarctus,hippophaga,PaleoDB,42.1856,-103.73265,NorthAmerica,United_States,13.6,15.97
Canidae,Tomarctus,hippophaga,NA,17976,Tomarctus,hippophaga,PaleoDB,42.683333,-102.85,NorthAmerica,United_States,13.6,15.97
Canidae,Tomarctus,hippophaga,NA,19392,Tomarctus,hippophaga,PaleoDB,34.3,-119,NorthAmerica,United_States,13.6,15.97
Canidae,Tomarctus,hippophaga,NA,19565,Tomarctus,hippophaga,PaleoDB,34.8,-117,NorthAmerica,United_States,13.6,15.97
Canidae,Tomarctus,hippophaga,NA,19581,Tomarctus,hippophaga,PaleoDB,34.8,-117,NorthAmerica,United_States,13.6,15.97
Canidae,Tomarctus,hippophaga,NA,19616,Tomarctus,hippophaga,PaleoDB,34.8,-117,NorthAmerica,United_States,13.6,15.97
Canidae,Tomarctus,hippophaga,10056,NA,Tomarctus,hippophaga,NOW,34.765278,-119.245278,NorthAmerica,United_States,14.8,16
Canidae,Tomarctus,hippophaga,10441,NA,Tomarctus,hippophaga,NOW,42.160833,-103.725833,NorthAmerica,United_States,14.8,16
Canidae,Tomarctus,hippophaga,10442,NA,Tomarctus,hippophaga,NOW,42.690278,-102.840278,NorthAmerica,United_States,14.8,16
Canidae,Tomarctus,hippophaga,10637,NA,Tomarctus,hippophaga,NOW,35.0975,-116.62,NorthAmerica,United_States,14.8,16
Canidae,Tomarctus,hippophaga,10638,NA,Tomarctus,hippophaga,NOW,35.032222,-117.052778,NorthAmerica,United_States,14.8,16
Canidae,Tomarctus,hippophaga,11032,NA,Tomarctus,hippophaga,NOW,35.978333,-105.988333,NorthAmerica,United_States,14.8,16
Canidae,Tomarctus,hippophaga,NA,19557,Tomarctus,hippophaga,PaleoDB,34.8,-117,NorthAmerica,United_States,15,15.1
Canidae,Tomarctus,hippophaga,NA,19547,Tomarctus,hippophaga,PaleoDB,35.5,-106.2,NorthAmerica,United_States,15.2,15.2
Canidae,Tomarctus,hippophaga,NA,18759,Tomarctus,hippophaga,PaleoDB,49.2,-106.2,NorthAmerica,Canada,15.9,15.9
Canidae,Tomarctus,hippophaga,NA,18799,Tomarctus,hippophaga,PaleoDB,49.2,-106.2,NorthAmerica,Canada,15.9,15.9
Canidae,Tomarctus,hippophaga,NA,18004,Tomarctus,hippophaga,PaleoDB,42.4,-103.8,NorthAmerica,United_States,15.97,20.43
Canidae,Tomarctus,hippophaga,NA,17880,Tomarctus,hippophaga,PaleoDB,42.4,-103.8,NorthAmerica,United_States,15.97,20.43
Canidae,Tomarctus,hippophaga,NA,17903,Tomarctus,hippophaga,PaleoDB,42.4,-103.8,NorthAmerica,United_States,15.97,20.43
Canidae,Tomarctus,hippophaga,NA,17904,Tomarctus,hippophaga,PaleoDB,42.4,-103.8,NorthAmerica,United_States,15.97,20.43
Canidae,Tomarctus,hippophaga,NA,17909,Tomarctus,hippophaga,PaleoDB,42.8,-103.1,NorthAmerica,United_States,15.97,20.43
Canidae,Tomarctus,hippophaga,NA,17911,Tomarctus,hippophaga,PaleoDB,42.4,-103.8,NorthAmerica,United_States,15.97,20.43
Canidae,Tomarctus,hippophaga,NA,17919,Tomarctus,hippophaga,PaleoDB,42.4,-103.8,NorthAmerica,United_States,15.97,20.43
Canidae,Tomarctus,hippophaga,NA,17956,Tomarctus,hippophaga,PaleoDB,42.4,-103.8,NorthAmerica,United_States,15.97,20.43
Canidae,Tomarctus,hippophaga,NA,17971,Tomarctus,hippophaga,PaleoDB,42.4,-103.8,NorthAmerica,United_States,15.97,20.43
Canidae,Tomarctus,hippophaga,NA,17975,Tomarctus,hippophaga,PaleoDB,42.4,-103.8,NorthAmerica,United_States,15.97,20.43
Canidae,Tomarctus,hippophaga,NA,17999,Tomarctus,hippophaga,PaleoDB,42.8,-103.1,NorthAmerica,United_States,15.97,20.43
Canidae,Tomarctus,hippophaga,NA,18019,Tomarctus,hippophaga,PaleoDB,42.4,-103.8,NorthAmerica,United_States,15.97,20.43
Canidae,Tomarctus,hippophaga,NA,17955,Tomarctus,hippophaga,PaleoDB,42.4,-103.8,NorthAmerica,United_States,16.4,16.5
Canidae,Tomarctus,hippophaga,NA,19586,Tomarctus,hippophaga,PaleoDB,34.8,-117,NorthAmerica,United_States,16.7,17.1
Canidae,Tomarctus,hippophaga,NA,17979,Tomarctus,hippophaga,PaleoDB,42.8,-103.1,NorthAmerica,United_States,17.1,17.1
Canidae,Urocyon,cinereoargenteus,NA,93258,Urocyon,cinereoargenteus,PaleoDB,31.883333,-104.883333,NorthAmerica,United_States,0,2.588
Canidae,Urocyon,cinereoargenteus,NA,93344,Urocyon,cinereoargenteus,PaleoDB,33.683333,-88.6,NorthAmerica,United_States,0,0.126
Canidae,Urocyon,cinereoargenteus,NA,104675,Urocyon,cinereoargenteus,PaleoDB,38.628056,-78.414722,NorthAmerica,United_States,0,0.012
Canidae,Urocyon,cinereoargenteus,NA,104689,Urocyon,cinereoargenteus,PaleoDB,37.334722,-80.679167,NorthAmerica,United_States,0,0.126
Canidae,Urocyon,cinereoargenteus,NA,150336,Urocyon,californicus,PaleoDB,34.069722,-118.348889,NorthAmerica,United_States,0.012,0.3
Canidae,Urocyon,cinereoargenteus,NA,79630,Urocyon,cinereoargenteus,PaleoDB,34.4,-119.516667,NorthAmerica,United_States,0.012,2.588
Canidae,Urocyon,cinereoargenteus,NA,93250,Urocyon,cinereoargenteus,PaleoDB,40.916667,-122.233333,NorthAmerica,United_States,0.012,0.126
Canidae,Urocyon,cinereoargenteus,NA,73752,Urocyon,cinereoargenteus,PaleoDB,33.895278,-117.9875,NorthAmerica,United_States,0.012,0.126
Canidae,Urocyon,cinereoargenteus,NA,74292,Urocyon,cinereoargenteus,PaleoDB,28.083333,-80.6,NorthAmerica,United_States,0.012,0.126
Canidae,Urocyon,cinereoargenteus,NA,74470,Urocyon,cinereoargenteus,PaleoDB,29.566667,-95.05,NorthAmerica,United_States,0.012,0.126
Canidae,Urocyon,cinereoargenteus,NA,20491,Urocyon,cinereoargenteus,PaleoDB,29.1,-82.3,NorthAmerica,United_States,0.012,0.3
Canidae,Urocyon,cinereoargenteus,NA,20573,Urocyon,cinereoargenteus,PaleoDB,29.6,-82.416667,NorthAmerica,United_States,0.012,0.126
Canidae,Urocyon,cinereoargenteus,NA,20594,Urocyon,cinereoargenteus,PaleoDB,29.8,-82.1,NorthAmerica,United_States,0.012,0.126
Canidae,Urocyon,cinereoargenteus,NA,20600,Urocyon,cinereoargenteus,PaleoDB,39,-86.5,NorthAmerica,United_States,0.012,0.126
Canidae,Urocyon,cinereoargenteus,NA,20634,Urocyon,cinereoargenteus,PaleoDB,29.1,-82.3,NorthAmerica,United_States,0.012,0.126
Canidae,Urocyon,cinereoargenteus,NA,20636,Urocyon,cinereoargenteus,PaleoDB,28.716667,-81.45,NorthAmerica,United_States,0.012,0.126
Canidae,Urocyon,cinereoargenteus,NA,20638,Urocyon,cinereoargenteus,PaleoDB,28.8,-82.2,NorthAmerica,United_States,0.012,0.126
Canidae,Urocyon,cinereoargenteus,NA,76060,Urocyon,cinereoargenteus,PaleoDB,31.566667,-108.4,NorthAmerica,United_States,0.012,0.126
Canidae,Urocyon,cinereoargenteus,NA,154722,Urocyon,cinereoargenteus,PaleoDB,25.7,-80.4,NorthAmerica,United_States,0.012,0.126
Canidae,Urocyon,cinereoargenteus,NA,154805,Urocyon,cinereoargenteus,PaleoDB,29.4075,-82.476389,NorthAmerica,United_States,0.012,0.126
Canidae,Urocyon,cinereoargenteus,NA,145366,Urocyon,cinereoargenteus,PaleoDB,10.795,-72.239167,SouthAmerica,Venezuela,0.012,0.126
Canidae,Urocyon,cinereoargenteus,NA,63515,Urocyon,cinereoargenteus,PaleoDB,10.794722,-72.239167,SouthAmerica,Venezuela,0.012,0.126
Canidae,Urocyon,cinereoargenteus,NA,155393,Urocyon,cinereoargenteus,PaleoDB,40.784,-122.282,NorthAmerica,United_States,0.0143,0.0261
Canidae,Urocyon,cinereoargenteus,NA,76059,Urocyon,cinereoargenteus,PaleoDB,32.366667,-104.45,NorthAmerica,United_States,0.02516,0.03359
Canidae,Urocyon,cinereoargenteus,27715,NA,Urocyon,cinereoargenteus,NOW,10.79527778,-72.23916667,SouthAmerica,Venezuela,0.0255,0.02798
Canidae,Urocyon,cinereoargenteus,NA,20400,Urocyon,cinereoargenteus,PaleoDB,27.7,-82.5,NorthAmerica,United_States,0.3,1.8
Canidae,Urocyon,cinereoargenteus,NA,13066,Urocyon,cinereoargenteus,PaleoDB,34.2,-84.8,NorthAmerica,United_States,0.3,0.3
Canidae,Urocyon,cinereoargenteus,NA,20477,Urocyon,cinereoargenteus,PaleoDB,39.3,-105.7,NorthAmerica,United_States,0.3,0.3
Canidae,Urocyon,cinereoargenteus,NA,20559,Urocyon,cinereoargenteus,PaleoDB,39.3,-105.7,NorthAmerica,United_States,0.3,0.3
Canidae,Urocyon,cinereoargenteus,NA,20283,Urocyon,cinereoargenteus,PaleoDB,21.8,-102.3,NorthAmerica,Mexico,0.4,0.4
Canidae,Urocyon,cinereoargenteus,NA,20290,Urocyon,cinereoargenteus,PaleoDB,36,-93.2,NorthAmerica,United_States,0.4,0.4
Canidae,Urocyon,cinereoargenteus,NA,65405,Urocyon,cinereoargenteus,PaleoDB,32.559167,-80.2925,NorthAmerica,United_States,0.4,0.4
Canidae,Urocyon,cinereoargenteus,NA,20354,Urocyon,cinereoargenteus,PaleoDB,39.8,-77.2,NorthAmerica,United_States,0.4,0.4
Canidae,Urocyon,cinereoargenteus,NA,20479,Urocyon,cinereoargenteus,PaleoDB,40.2,-75.3,NorthAmerica,United_States,0.4,0.4
Canidae,Urocyon,cinereoargenteus,NA,19927,Urocyon,cinereoargenteus,PaleoDB,37.2,-100.3,NorthAmerica,United_States,1.8,4.9
Canidae,Urocyon,citrinus,NA,20384,Urocyon,citrinus,PaleoDB,29,-82.68,NorthAmerica,United_States,1.8,4.9
Canidae,Urocyon,citrinus,10583,NA,Urocyon,citrinus,NOW,28.133333,-81.631667,NorthAmerica,United_States,1.9,2.5
Canidae,Urocyon,galushai,10656,NA,Urocyon,galushai,NOW,38.555605,-121.468926,NorthAmerica,United_States,0.85,2.5
Canidae,Urocyon,galushai,NA,20122,Urocyon,galushai,PaleoDB,32.9,-117.1,NorthAmerica,United_States,1.8,1.9
Canidae,Urocyon,galushai,10985,NA,Urocyon,galushai,NOW,33.448457,-112.073844,NorthAmerica,United_States,1.9,2.5
Canidae,Urocyon,galushai,11161,NA,Urocyon,galushai,NOW,34.97,-101.9,NorthAmerica,United_States,1.9,2.5
Canidae,Urocyon,galushai,11159,NA,Urocyon,galushai,NOW,32.518611,-96.380833,NorthAmerica,United_States,2.5,4.9
Canidae,Urocyon,galushai,NA,19656,Urocyon,galushai,PaleoDB,33,-109.6,NorthAmerica,United_States,3,3
Canidae,Urocyon,galushai,NA,20033,Urocyon,galushai,PaleoDB,34.883333,-101.633333,NorthAmerica,United_States,3.3,3.3
Canidae,Urocyon,galushai,NA,20060,Urocyon,galushai,PaleoDB,32.716667,-100.916667,NorthAmerica,United_States,3.4,3.4
Canidae,Urocyon,galushai,NA,20051,Urocyon,galushai,PaleoDB,31.5,-105.2,NorthAmerica,United_States,3.5,3.5
Canidae,Urocyon,Genus_Only,NA,20644,Urocyon,sp.,PaleoDB,36.1,-120.4,NorthAmerica,United_States,0.012,0.126
Canidae,Urocyon,Genus_Only,NA,85144,Urocyon,sp.,PaleoDB,36.566667,-110.65,NorthAmerica,United_States,0.012,0.126
Canidae,Urocyon,Genus_Only,NA,93141,Urocyon,sp.,PaleoDB,34.883333,-106.883333,NorthAmerica,United_States,0.012,0.126
Canidae,Urocyon,Genus_Only,NA,93379,Urocyon,sp.,PaleoDB,38.266667,-90.366667,NorthAmerica,United_States,0.012,0.126
Canidae,Urocyon,Genus_Only,NA,20323,Urocyon,sp.,PaleoDB,33.6,-117.8,NorthAmerica,United_States,0.3,0.3
Canidae,Urocyon,Genus_Only,NA,20500,Urocyon,sp.,PaleoDB,42.7,-102.5,NorthAmerica,United_States,0.3,0.3
Canidae,Urocyon,Genus_Only,10505,NA,Urocyon,indet.,NOW,39.055833,-95.689444,NorthAmerica,United_States,0.85,2.5
Canidae,Urocyon,Genus_Only,10592,NA,Urocyon,indet.,NOW,28.133333,-81.631667,NorthAmerica,United_States,0.85,1.9
Canidae,Urocyon,Genus_Only,NA,20385,Urocyon,sp.,PaleoDB,29.011944,-82.668056,NorthAmerica,United_States,1.5,1.5
Canidae,Urocyon,Genus_Only,10583,NA,Urocyon,indet.,NOW,28.133333,-81.631667,NorthAmerica,United_States,1.9,2.5
Canidae,Urocyon,Genus_Only,10979,NA,Urocyon,indet.,NOW,31.537778,-110.826389,NorthAmerica,United_States,2.5,4.9
Canidae,Urocyon,Genus_Only,NA,20102,Urocyon,sp.,PaleoDB,32.9,-117.1,NorthAmerica,United_States,3.6,3.6
Canidae,Urocyon,Genus_Only,NA,18554,Urocyon,sp.,PaleoDB,29.55,-82.516667,NorthAmerica,United_States,11.5,11.5
Canidae,Urocyon,minicephalus,NA,20289,Urocyon,minicephalus,PaleoDB,28.799167,-82.070278,NorthAmerica,United_States,0.3,0.3
Canidae,Urocyon,minicephalus,10586,NA,Urocyon,minicephalus,NOW,28.133333,-81.631667,NorthAmerica,United_States,0.4,0.85
Canidae,Urocyon,minicephalus,NA,20415,Urocyon,minicephalus,PaleoDB,29.4,-82.6,NorthAmerica,United_States,0.4,0.4
Canidae,Urocyon,progressus,10472,NA,Urocyon,progressus,NOW,40.809868,-96.675345,NorthAmerica,United_States,2.5,4.9
Canidae,Urocyon,progressus,10497,NA,Urocyon,progressus,NOW,39.055833,-95.689444,NorthAmerica,United_States,2.5,4.9
Canidae,Urocyon,progressus,NA,19936,Urocyon,progressus,PaleoDB,37.2,-100.3,NorthAmerica,United_States,3.5,3.5
Canidae,Urocyon,webbi,NA,18601,Urocyon,webbi,PaleoDB,28.8,-82.316667,NorthAmerica,United_States,9,9.1
Canidae,Vulpes,angustidens,21051,NA,Vulpes,angustidens,NOW,50.15,14.58333333,Europe,Czech_Republic,0.76,0.787
Canidae,Vulpes,beihaiensis,24564,NA,Vulpes,beihaiensis,NOW,37,113,Asia,China,2.6,3.4
Canidae,Vulpes,chama,28094,NA,Vulpes,chama,NOW,-23.55,29.2,Africa,South_Africa,0.01,0.126
Canidae,Vulpes,chama,28093,NA,Vulpes,chama,NOW,-34.15,19.3,Africa,South_Africa,0.01,1.95
Canidae,Vulpes,chama,NA,115184,Vulpes,chama,PaleoDB,-29.768506,16.5769417,Africa,South_Africa,0.012,0.126
Canidae,Vulpes,chama,NA,115191,Vulpes,chama,PaleoDB,-32.38705,18.4527278,Africa,South_Africa,0.012,2.588
Canidae,Vulpes,chama,27941,NA,Vulpes,chama,NOW,-26.085783,27.777316,Africa,South_Africa,1.5,2
Canidae,Vulpes,chama,23868,NA,Vulpes,chama,NOW,-24.15805556,29.16666667,Africa,South_Africa,1.81,2.59
Canidae,Vulpes,chama,26930,NA,Vulpes,chama,NOW,-24.15027778,29.16666667,Africa,South_Africa,1.81,2.59
Canidae,Vulpes,chama,27233,NA,Vulpes,chama,NOW,-26.27694444,28.10194444,Africa,South_Africa,1.95,2.05
Canidae,Vulpes,chikushanensis,23200,NA,Vulpes,chikushanensis,NOW,25.7,101.8833,Asia,China,0,0.78
Canidae,Vulpes,chikushanensis,NA,36586,Vulpes,chikushanensis,PaleoDB,24.87,100.94,Asia,China,0.012,2.588
Canidae,Vulpes,chikushanensis,27076,NA,Vulpes,chikushanensis,NOW,35.51666667,103.5,Asia,China,1.95,2.6
Canidae,Vulpes,chikushanensis,27077,NA,Vulpes,chikushanensis,NOW,39.66666667,115.9166667,Asia,China,1.95,2.6
Canidae,Vulpes,corsac,24096,NA,Vulpes,corsac,NOW,39.6833,115.9347,Asia,China,0,0.7
Canidae,Vulpes,corsac,28002,NA,Vulpes,corsac,NOW,40.47611111,49.84861111,Asia,Azerbaijan,0.01,1.95
Canidae,Vulpes,corsac,NA,34667,Vulpes,corsac,PaleoDB,41.166667,123.433333,Asia,China,0.012,2.588
Canidae,Vulpes,corsac,24105,NA,Vulpes,corsac,NOW,35.4583,116.6067,Asia,China,0.6,1.3
Canidae,Vulpes,corsac,24094,NA,Vulpes,corsac,NOW,39.6833,115.9347,Asia,China,1.2,1.8
Canidae,Vulpes,galaticus,20475,NA,Vulpes,galaticus,NOW,40.239,32.544,Asia,Turkey,3.4,4.2
Canidae,Vulpes,Genus_Only,26913,NA,Vulpes,indet.,NOW,-26.08333333,27.76666667,Africa,South_Africa,0.01,1.95
Canidae,Vulpes,Genus_Only,23437,NA,Vulpes,indet.,NOW,39.827,30.429,Asia,Turkey,0.01,1.95
Canidae,Vulpes,Genus_Only,24401,NA,Vulpes,indet.,NOW,42.3333,-3.5,Europe,Spain,0.01,1.95
Canidae,Vulpes,Genus_Only,24402,NA,Vulpes,indet.,NOW,42.3333,-3.5,Europe,spain,0.01,1.95
Canidae,Vulpes,Genus_Only,24400,NA,Vulpes,indet.,NOW,42.3333,-3.5,Europe,Spain,0.01,1.95
Canidae,Vulpes,Genus_Only,NA,36452,Vulpes,sp.,PaleoDB,40.797778,-4.372222,Europe,Spain,0.012,2.588
Canidae,Vulpes,Genus_Only,NA,36517,Vulpes,sp.,PaleoDB,40.797778,-4.372222,Europe,Spain,0.012,2.588
Canidae,Vulpes,Genus_Only,NA,20644,Vulpes,sp.,PaleoDB,36.1,-120.4,NorthAmerica,United_States,0.012,0.126
Canidae,Vulpes,Genus_Only,NA,74235,Vulpes,sp.,PaleoDB,40.916667,-122.233333,NorthAmerica,United_States,0.012,0.126
Canidae,Vulpes,Genus_Only,NA,82258,Vulpes,sp.,PaleoDB,38.357778,-79.083056,NorthAmerica,United_States,0.012,0.126
Canidae,Vulpes,Genus_Only,NA,93251,Vulpes,sp.,PaleoDB,43.333333,-120.5,NorthAmerica,United_States,0.012,0.126
Canidae,Vulpes,Genus_Only,NA,93332,Vulpes,sp.,PaleoDB,38.602778,-79.368889,NorthAmerica,United_States,0.0294,0.0294
Canidae,Vulpes,Genus_Only,21041,NA,Vulpes,indet.,NOW,37.3,22.3,Europe,Greece,0.3,1.95
Canidae,Vulpes,Genus_Only,21040,NA,Vulpes,indet.,NOW,37.15,22.15,Europe,Greece,0.3,1.95
Canidae,Vulpes,Genus_Only,NA,20169,Vulpes,sp.,PaleoDB,37.447,-100.4771,NorthAmerica,United_States,0.3,1.8
Canidae,Vulpes,Genus_Only,NA,20168,Vulpes,sp.,PaleoDB,37.447,-100.4771,NorthAmerica,United_States,0.3,1.8
Canidae,Vulpes,Genus_Only,NA,20206,Vulpes,sp.,PaleoDB,33.9,-117,NorthAmerica,United_States,0.3,1.8
Canidae,Vulpes,Genus_Only,NA,20297,Vulpes,sp.,PaleoDB,64.8,-147.8,NorthAmerica,United_States,0.3,1.8
Canidae,Vulpes,Genus_Only,NA,20346,Vulpes,sp.,PaleoDB,64.8,-147.8,NorthAmerica,United_States,0.3,1.8
Canidae,Vulpes,Genus_Only,NA,20347,Vulpes,sp.,PaleoDB,42.7,-102.5,NorthAmerica,United_States,0.3,0.3
Canidae,Vulpes,Genus_Only,NA,20290,Vulpes,sp.,PaleoDB,36,-93.2,NorthAmerica,United_States,0.4,0.4
Canidae,Vulpes,Genus_Only,NA,20390,Vulpes,sp.,PaleoDB,38.7,-98.1,NorthAmerica,United_States,0.4,0.4
Canidae,Vulpes,Genus_Only,NA,20556,Vulpes,sp.,PaleoDB,42,-96,NorthAmerica,United_States,0.4,0.4
Canidae,Vulpes,Genus_Only,24083,NA,Vulpes,indet.,NOW,34.355,109.5177778,Asia,China,0.6,1.3
Canidae,Vulpes,Genus_Only,NA,20302,Vulpes,sp.,PaleoDB,39.6,-78.7,NorthAmerica,United_States,0.8,0.9
Canidae,Vulpes,Genus_Only,24080,NA,Vulpes,indet.,NOW,24.6533,109.2322222,Asia,China,1.2,1.8
Canidae,Vulpes,Genus_Only,24107,NA,Vulpes,indet.,NOW,36.5,118.0833,Asia,China,1.2,1.8
Canidae,Vulpes,Genus_Only,23868,NA,Vulpes,indet.,NOW,-24.15805556,29.16666667,Africa,South_Africa,1.81,2.59
Canidae,Vulpes,Genus_Only,20820,NA,Vulpes,indet.,NOW,38.583,69.211,Asia,Tajikistan,1.81,2.005
Canidae,Vulpes,Genus_Only,27078,NA,Vulpes,indet.,NOW,40.16666667,114.1666667,Asia,China,1.95,2.6
Canidae,Vulpes,Genus_Only,27463,NA,Vulpes,indet.,NOW,43.0668419,0.4148726,Europe,France,1.95,2.6
Canidae,Vulpes,Genus_Only,10900,NA,Vulpes,indet.,NOW,47.0425,-122.893056,NorthAmerica,United_States,2.5,4.9
Canidae,Vulpes,Genus_Only,NA,59167,Vulpes,sp.,PaleoDB,-32.960178,18.1092694,Africa,South_Africa,2.588,7.246
Canidae,Vulpes,Genus_Only,20705,NA,Vulpes,indet.,NOW,42,46,Europe,Georgia,2.6,3.4
Canidae,Vulpes,Genus_Only,20470,NA,Vulpes,indet.,NOW,46.58,18.23,Europe,Hungary,2.6,3.4
Canidae,Vulpes,Genus_Only,20759,NA,Vulpes,indet.,NOW,50.104,106.192,Asia,Mongolia,2.675,3.158
Canidae,Vulpes,Genus_Only,20735,NA,Vulpes,indet.,NOW,43.3,24.4,Europe,Bulgaria,3.4,4.2
Canidae,Vulpes,Genus_Only,20382,NA,Vulpes,indet.,NOW,-3.25,35.1667,Africa,Tanzania,3.5,3.8
Canidae,Vulpes,Genus_Only,28319,NA,Vulpes,indet.,NOW,31.56527778,79.84805556,Asia,China,3.5,4.2
Canidae,Vulpes,Genus_Only,NA,20105,Vulpes,sp.,PaleoDB,32.9,-117.1,NorthAmerica,United_States,3.6,3.6
Canidae,Vulpes,Genus_Only,24356,NA,Vulpes,indet.,NOW,34.9167,69.4167,Asia,Afghanistan,4.2,5.3
Canidae,Vulpes,Genus_Only,10061,NA,Vulpes,indet.,NOW,34.843056,-119.332778,NorthAmerica,United_States,4.9,6.8
Canidae,Vulpes,Genus_Only,10493,NA,Vulpes,indet.,NOW,38.456389,-97.4725,NorthAmerica,United_States,4.9,5.9
Canidae,Vulpes,Genus_Only,20067,NA,Vulpes,indet.,NOW,39.4,-0.4,Europe,Spain,5.3,7.1
Canidae,Vulpes,Genus_Only,10572,NA,Vulpes,indet.,NOW,28.133333,-81.631667,NorthAmerica,United_States,6.8,7.6
Canidae,Vulpes,Genus_Only,NA,18359,Vulpes,sp.,PaleoDB,42.8068,-97.8463,NorthAmerica,United_States,7.2,7.3
Canidae,Vulpes,Genus_Only,NA,19538,Vulpes,sp.,PaleoDB,29.265278,-103.045556,NorthAmerica,United_States,7.4,7.4
Canidae,Vulpes,Genus_Only,11103,NA,Vulpes,indet.,NOW,29.2775,-103.053611,NorthAmerica,United_States,7.6,9
Canidae,Vulpes,Genus_Only,NA,18263,Vulpes,sp.,PaleoDB,39.3,-99.9,NorthAmerica,United_States,8.8,8.9
Canidae,Vulpes,Genus_Only,10060,NA,Vulpes,indet.,NOW,34.803056,-119.2925,NorthAmerica,United_States,9,10.1
Canidae,Vulpes,Genus_Only,10092,NA,Vulpes,indet.,NOW,35.133611,-118.817778,NorthAmerica,United_States,9,10.1
Canidae,Vulpes,Genus_Only,10689,NA,Vulpes,indet.,NOW,39.934722,-119.066111,NorthAmerica,United_States,9,10.1
Canidae,Vulpes,Genus_Only,NA,18320,Vulpes,sp.,PaleoDB,40.454444,-85.791944,NorthAmerica,United_States,9.9,9.9
Canidae,Vulpes,Genus_Only,10059,NA,Vulpes,indet.,NOW,34.821111,-119.336667,NorthAmerica,United_States,10.1,12.1
Canidae,Vulpes,Genus_Only,10091,NA,Vulpes,indet.,NOW,35.1,-118.8,NorthAmerica,United_States,10.1,12.1
Canidae,Vulpes,Genus_Only,10961,NA,Vulpes,indet.,NOW,35.198333,-109.228333,NorthAmerica,United_States,10.1,12.1
Canidae,Vulpes,Genus_Only,11153,NA,Vulpes,indet.,NOW,35.643333,-101.905,NorthAmerica,United_States,10.1,12.1
Canidae,Vulpes,kernensis,10099,NA,Vulpes,kernensis,NOW,35.474444,-118.926667,NorthAmerica,United_States,6.8,7.6
Canidae,Vulpes,kernensis,NA,19393,Vulpes,kernensis,PaleoDB,35.3,-118.5,NorthAmerica,United_States,11.8,11.8
Canidae,Vulpes,lagopus,NA,162014,Alopex,lagopus,PaleoDB,82.125,-29.888333,NorthAmerica,Greenland,0,0.012
Canidae,Vulpes,lagopus,NA,175941,Alopex,lagopus,PaleoDB,66.048889,-169.903333,Europe,Russia,0.001,0.001
Canidae,Vulpes,lagopus,NA,175942,Alopex,lagopus,PaleoDB,66.034444,-170.046389,Europe,Russia,0.001,0.001
Canidae,Vulpes,lagopus,NA,175940,Alopex,lagopus,PaleoDB,74.939444,149.074444,Europe,Russia,0.009,0.009
Canidae,Vulpes,lagopus,28269,NA,Vulpes,lagopus,NOW,50.0878114,14.4204598,Europe,Czech_Republic,0.01,0.115
Canidae,Vulpes,lagopus,24302,NA,Vulpes,lagopus,NOW,48.4119,9.7844,Europe,Germany,0.01,1.95
Canidae,Vulpes,lagopus,28263,NA,Vulpes,lagopus,NOW,51.254721,8.16881,Europe,Germany,0.01,0.115
Canidae,Vulpes,lagopus,24223,NA,Vulpes,lagopus,NOW,50.0664,19.9875,Europe,Poland,0.01,1.95
Canidae,Vulpes,lagopus,NA,162578,Alopex,lagopus,PaleoDB,62.54,6.300833,Europe,Norway,0.012,0.126
Canidae,Vulpes,lagopus,NA,48587,Alopex,lagopus,PaleoDB,68.75,160,Europe,Russia,0.012,0.126
Canidae,Vulpes,lagopus,NA,20626,Alopex,lagopus,PaleoDB,68.2,-140,NorthAmerica,Canada,0.012,0.126
Canidae,Vulpes,lagopus,NA,20643,Alopex,lagopus,PaleoDB,70.5,-153.5,NorthAmerica,United_States,0.012,0.126
Canidae,Vulpes,lagopus,NA,81830,Alopex,lagopus,PaleoDB,56.34,-133.58,NorthAmerica,United_States,0.012,0.126
Canidae,Vulpes,lagopus,21039,NA,Vulpes,alopecoides,NOW,40.75,23.3,Europe,Greece,0.3,1.95
Canidae,Vulpes,lagopus,21044,NA,Vulpes,alopecoides,NOW,38.2667,21.83333333,Europe,Greece,0.3,3.4
Canidae,Vulpes,lagopus,21045,NA,Vulpes,alopecoides,NOW,38.3,21.15,Europe,Greece,0.3,3.4
Canidae,Vulpes,lagopus,28021,NA,Vulpes,alopecoides,NOW,42.15,15,Europe,Italy,0.3,1.95
Canidae,Vulpes,lagopus,28019,NA,Vulpes,alopecoides,NOW,44.01666667,11.98333333,Europe,Italy,0.3,1.95
Canidae,Vulpes,lagopus,NA,20434,Alopex,lagopus,PaleoDB,68.2,-140,NorthAmerica,Canada,0.3,1.8
Canidae,Vulpes,lagopus,NA,20436,Alopex,lagopus,PaleoDB,68.2,-140,NorthAmerica,Canada,0.3,1.8
Canidae,Vulpes,lagopus,NA,77773,Vulpes,alopecoides,PaleoDB,37.416667,-3.166667,Europe,Spain,0.781,2.588
Canidae,Vulpes,lagopus,20487,NA,Vulpes,alopecoides,NOW,37.25,-3.1,Europe,Spain,1.675,1.95
Canidae,Vulpes,lagopus,NA,36112,Vulpes,alopecoides,PaleoDB,40.216667,-0.916667,Europe,Spain,1.806,2.588
Canidae,Vulpes,lagopus,22004,NA,Vulpes,alopecoides,NOW,42.85,23.033,Europe,Bulgaria,1.95,3.4
Canidae,Vulpes,lagopus,22003,NA,Vulpes,alopecoides,NOW,43.195,23.286,Europe,Bulgaria,1.95,2.6
Canidae,Vulpes,lagopus,20711,NA,Vulpes,alopecoides,NOW,45.09,3.27,Europe,France,1.95,2.6
Canidae,Vulpes,lagopus,20384,NA,Vulpes,alopecoides,NOW,45.167,4.817,Europe,France,1.95,2.6
Canidae,Vulpes,lagopus,24414,NA,Vulpes,alopecoides,NOW,45.1667,4.8167,Europe,France,1.95,2.6
Canidae,Vulpes,lagopus,20712,NA,Vulpes,alopecoides,NOW,43.55,6.24,Europe,France,1.95,2.6
Canidae,Vulpes,lagopus,21029,NA,Vulpes,alopecoides,NOW,40.15,21.3,Europe,Greece,1.95,2.6
Canidae,Vulpes,lagopus,21030,NA,Vulpes,alopecoides,NOW,39.15,22.45,Europe,Greece,1.95,2.6
Canidae,Vulpes,lagopus,28017,NA,Vulpes,alopecoides,NOW,42.65,13.78333333,Europe,Italy,1.95,3.4
Canidae,Vulpes,lagopus,28018,NA,Vulpes,alopecoides,NOW,44.16666667,10.15,Europe,Italy,1.95,3.4
Canidae,Vulpes,lagopus,20391,NA,Vulpes,alopecoides,NOW,40.17,-0.17,Europe,Spain,1.95,2.6
Canidae,Vulpes,lagopus,20392,NA,Vulpes,alopecoides,NOW,40.2,-0.9,Europe,Spain,1.95,2.6
Canidae,Vulpes,lagopus,NA,38892,Vulpes,alopecoides,PaleoDB,42.133333,-2.066667,Europe,Spain,2.588,5.332
Canidae,Vulpes,lagopus,23275,NA,Vulpes,alopecoides,NOW,38.27,30.183,Asia,Turkey,2.6,3.4
Canidae,Vulpes,lagopus,20387,NA,Vulpes,alopecoides,NOW,42.08,-2.04,Europe,Spain,2.6,3.4
Canidae,Vulpes,mathisoni,NA,173719,Vulpes,mathisoni,PaleoDB,5.399722,35.958333,Africa,Ethiopia,3.6,5.332
Canidae,Vulpes,pattersoni,23865,NA,Vulpes,pattersoni,NOW,-27.517,24.767,Africa,South_Africa,1.95,2.6
Canidae,Vulpes,praecorsac,21028,NA,Vulpes,praecorsac,NOW,41.15,25.3,Europe,Greece,1.95,2.6
Canidae,Vulpes,praecorsac,20677,NA,Vulpes,praecorsac,NOW,49.7,8.12,Europe,Germany,2.6,3.4
Canidae,Vulpes,praecorsac,20470,NA,Xenalopex,remenyii,NOW,46.58,18.23,Europe,Hungary,2.6,3.4
Canidae,Vulpes,praecorsac,20186,NA,Vulpes,praecorsac,NOW,46.5,30.8,Europe,Ukraine,3.4,4.2
Canidae,Vulpes,praeglacialis,24347,NA,Vulpes,praeglacialis,NOW,32.6667,35.5833,Asia,Israel,0.01,1.95
Canidae,Vulpes,praeglacialis,NA,35359,Alopex,praeglacialis,PaleoDB,45.866667,18.45,Europe,Hungary,0.012,5.332
Canidae,Vulpes,praeglacialis,21042,NA,Vulpes,praeglacialis,NOW,39.3,23,Europe,Greece,0.3,1.95
Canidae,Vulpes,praeglacialis,22920,NA,Vulpes,praeglacialis,NOW,37.733,-2.383,Europe,Spain,0.3,1.95
Canidae,Vulpes,praeglacialis,27464,NA,Vulpes,praeglacialis,NOW,47.408986,6.3914463,Europe,France,0.427,0.568
Canidae,Vulpes,praeglacialis,27150,NA,Vulpes,praeglacialis,NOW,38.30987456,-1.109275818,Europe,Spain,1.07,1.77
Canidae,Vulpes,pulcher,23871,NA,Vulpes,pulcher,NOW,-28,26,Africa,South_Africa,0.8,1.8
Canidae,Vulpes,riffautae,23667,NA,Vulpes,riffautae,NOW,16.242,16.258,Africa,Chad,5.3,7.1
Canidae,Vulpes,rueppellii,23910,NA,Vulpes,rueppelii,NOW,33.567,-7.55,Africa,Morocco,1.81,2.2
Canidae,Vulpes,skinneri,NA,NA,Vulpes,skinneri,New Record,New_Record,New_Record,Africa,New_Record,1.5,2
Canidae,Vulpes,stenognathus,NA,20499,Vulpes,stenognathus,PaleoDB,43.6,-117.5,NorthAmerica,United_States,0.3,0.9
Canidae,Vulpes,stenognathus,11135,NA,Vulpes,stenognathus,NOW,28.5,-108.25,NorthAmerica,Mexico,4.9,5.9
Canidae,Vulpes,stenognathus,10469,NA,Vulpes,stenognathus,NOW,40.809868,-96.675345,NorthAmerica,United_States,4.9,9
Canidae,Vulpes,stenognathus,10575,NA,Vulpes,stenognathus,NOW,28.18222,-81.82417,NorthAmerica,United_States,4.9,5.9
Canidae,Vulpes,stenognathus,10699,NA,Vulpes,stenognathus,NOW,38.100556,-114.167778,NorthAmerica,United_States,4.9,6.8
Canidae,Vulpes,stenognathus,10964,NA,Vulpes,stenognathus,NOW,32.621944,-110.525833,NorthAmerica,United_States,4.9,6.8
Canidae,Vulpes,stenognathus,10963,NA,Vulpes,stenognathus,NOW,34.613611,-113.535833,NorthAmerica,United_States,4.9,5.9
Canidae,Vulpes,stenognathus,NA,18086,Vulpes,stenognathus,PaleoDB,40.5,-100.5,NorthAmerica,United_States,4.9,10.3
Canidae,Vulpes,stenognathus,NA,19419,Vulpes,stenognathus,PaleoDB,34.8,-117,NorthAmerica,United_States,4.9,10.3
Canidae,Vulpes,stenognathus,NA,18225,Vulpes,stenognathus,PaleoDB,41.3006,-101.8922,NorthAmerica,United_States,4.9,10.3
Canidae,Vulpes,stenognathus,NA,18033,Vulpes,stenognathus,PaleoDB,42.4,-103.8,NorthAmerica,United_States,4.9,10.3
Canidae,Vulpes,stenognathus,NA,18935,Vulpes,stenognathus,PaleoDB,43.6,-117.5,NorthAmerica,United_States,4.9,10.3
Canidae,Vulpes,stenognathus,NA,19473,Vulpes,stenognathus,PaleoDB,36.5,-107,NorthAmerica,United_States,4.9,10.3
Canidae,Vulpes,stenognathus,NA,18755,Vulpes,stenognathus,PaleoDB,28.8,-108,NorthAmerica,Mexico,5.7,5.8
Canidae,Vulpes,stenognathus,11157,NA,Vulpes,stenognathus,NOW,35.993333,-100.588333,NorthAmerica,United_States,5.9,6.8
Canidae,Vulpes,stenognathus,11166,NA,Vulpes,stenognathus,NOW,34.9625,-101.1925,NorthAmerica,United_States,5.9,6.8
Canidae,Vulpes,stenognathus,10459,NA,Vulpes,stenognathus,NOW,42.198056,-103.780833,NorthAmerica,United_States,6.8,7.6
Canidae,Vulpes,stenognathus,10466,NA,Vulpes,stenognathus,NOW,40.395,-100.257778,NorthAmerica,United_States,6.8,7.6
Canidae,Vulpes,stenognathus,10378,NA,Vulpes,stenognathus,NOW,40.075833,-102.223333,NorthAmerica,United_States,6.8,7.6
Canidae,Vulpes,stenognathus,10648,NA,Vulpes,stenognathus,NOW,41.383333,-120.667778,NorthAmerica,United_States,6.8,9
Canidae,Vulpes,stenognathus,10929,NA,Vulpes,stenognathus,NOW,44.486111,-119.666667,NorthAmerica,United_States,6.8,7.6
Canidae,Vulpes,stenognathus,10930,NA,Vulpes,stenognathus,NOW,43.451111,-117.587222,NorthAmerica,United_States,6.8,7.6
Canidae,Vulpes,stenognathus,11050,NA,Vulpes,stenognathus,NOW,36.114167,-105.978889,NorthAmerica,United_States,6.8,7.6
Canidae,Vulpes,stenognathus,11165,NA,Vulpes,stenognathus,NOW,35.733056,-100.523611,NorthAmerica,United_States,6.8,7.6
Canidae,Vulpes,stenognathus,NA,19514,Vulpes,stenognathus,PaleoDB,32.5,-110.6,NorthAmerica,United_States,6.8,6.9
Canidae,Vulpes,stenognathus,10461,NA,Vulpes,stenognathus,NOW,40.809868,-96.675345,NorthAmerica,United_States,7.6,9
Canidae,Vulpes,stenognathus,10693,NA,Vulpes,stenognathus,NOW,41.925,-118.836111,NorthAmerica,United_States,7.6,9
Canidae,Vulpes,stenognathus,10646,NA,Vulpes,stenognathus,NOW,35.462222,-117.520278,NorthAmerica,United_States,7.6,9
Canidae,Vulpes,stenognathus,10926,NA,Vulpes,stenognathus,NOW,42.790278,-117.738611,NorthAmerica,United_States,7.6,9
Canidae,Vulpes,stenognathus,11156,NA,Vulpes,stenognathus,NOW,35.683611,-102.329722,NorthAmerica,United_States,7.6,9
Canidae,Vulpes,stenognathus,NA,18175,Vulpes,stenognathus,PaleoDB,35,-101.3,NorthAmerica,United_States,7.6,8.4
Canidae,Vulpes,stenognathus,NA,19015,Vulpes,stenognathus,PaleoDB,44.5,-119.3,NorthAmerica,United_States,7.7,7.8
Canidae,Vulpes,stenognathus,NA,18097,Vulpes,stenognathus,PaleoDB,35.9,-100.2,NorthAmerica,United_States,8.1,8.1
Canidae,Vulpes,stenognathus,NA,18900,Vulpes,stenognathus,PaleoDB,37.8,-114.3,NorthAmerica,United_States,8.1,9.8
Canidae,Vulpes,stenognathus,NA,18304,Vulpes,stenognathus,PaleoDB,36.7,-101.4,NorthAmerica,United_States,8.4,8.4
Canidae,Vulpes,stenognathus,NA,19612,Vulpes,stenognathus,PaleoDB,34.7,-113.4,NorthAmerica,United_States,8.5,8.5
Canidae,Vulpes,stenognathus,NA,35430,Vulpes,stenognathus,PaleoDB,42.783333,-99.6,NorthAmerica,United_States,9.1,9.2
Canidae,Vulpes,stenognathus,NA,18305,Vulpes,stenognathus,PaleoDB,41.4,-102.4,NorthAmerica,United_States,9.2,11.1
Canidae,Vulpes,stenognathus,NA,18198,Vulpes,stenognathus,PaleoDB,36.1,-100.1,NorthAmerica,United_States,9.2,9.3
Canidae,Vulpes,stenognathus,NA,18495,Vulpes,stenognathus,PaleoDB,40.1,-102.2,NorthAmerica,United_States,9.2,9.4
Canidae,Vulpes,stenognathus,NA,18936,Vulpes,stenognathus,PaleoDB,43.6,-117.5,NorthAmerica,United_States,9.6,9.8
Canidae,Vulpes,stenognathus,NA,18509,Vulpes,stenognathus,PaleoDB,27.9,-81.8,NorthAmerica,United_States,13.6,15.97
Canidae,Vulpes,velox,NA,93326,Vulpes,velox,PaleoDB,39.483333,-114.033333,NorthAmerica,United_States,0,0.01882
Canidae,Vulpes,velox,NA,93244,Vulpes,velox,PaleoDB,32.466667,-112.25,NorthAmerica,United_States,0.012,0.126
Canidae,Vulpes,velox,NA,93141,Vulpes,velox,PaleoDB,34.883333,-106.883333,NorthAmerica,United_States,0.012,0.126
Canidae,Vulpes,velox,NA,93281,Vulpes,velox,PaleoDB,32.35,-104.783333,NorthAmerica,United_States,0.012,0.126
Canidae,Vulpes,velox,NA,93528,Vulpes,velox,PaleoDB,50.183333,-114.516667,NorthAmerica,Canada,0.0231,0.0335
Canidae,Vulpes,velox,NA,76059,Vulpes,velox,PaleoDB,32.366667,-104.45,NorthAmerica,United_States,0.02516,0.03359
Canidae,Vulpes,velox,NA,20178,Vulpes,velox,PaleoDB,33.9,-117,NorthAmerica,United_States,0.3,1.8
Canidae,Vulpes,velox,NA,20295,Vulpes,velox,PaleoDB,37.2,-100.3,NorthAmerica,United_States,0.3,0.3
Canidae,Vulpes,velox,NA,20329,Vulpes,velox,PaleoDB,39.3,-105.7,NorthAmerica,United_States,0.3,0.9
Canidae,Vulpes,velox,NA,20477,Vulpes,velox,PaleoDB,39.3,-105.7,NorthAmerica,United_States,0.3,0.3
Canidae,Vulpes,velox,NA,20559,Vulpes,velox,PaleoDB,39.3,-105.7,NorthAmerica,United_States,0.3,0.3
Canidae,Vulpes,velox,NA,20143,Vulpes,velox,PaleoDB,40.2,-98.1,NorthAmerica,United_States,0.4,0.4
Canidae,Vulpes,velox,NA,20327,Vulpes,velox,PaleoDB,37.056667,-120.195833,NorthAmerica,United_States,0.8,0.9
Canidae,Vulpes,velox,NA,20157,Vulpes,velox,PaleoDB,36.8,-100.5,NorthAmerica,United_States,0.8,0.9
Canidae,Vulpes,velox,11159,NA,Vulpes,velox,NOW,32.518611,-96.380833,NorthAmerica,United_States,2.5,4.9
Canidae,Vulpes,velox,NA,20060,Vulpes,velox,PaleoDB,32.716667,-100.916667,NorthAmerica,United_States,3.4,3.4
Canidae,Vulpes,vulpes,24142,NA,Vulpes,vulpes,NOW,44.7292,123.6961,Asia,China,0,0.7
Canidae,Vulpes,vulpes,24111,NA,Vulpes,vulpes,NOW,24.1831,109.4322,Asia,China,0,0.7
Canidae,Vulpes,vulpes,24089,NA,Vulpes,vulpes,NOW,39.6833,115.9347222,Asia,China,0,0.7
Canidae,Vulpes,vulpes,24096,NA,Vulpes,vulpes,NOW,39.6833,115.9347,Asia,China,0,0.7
Canidae,Vulpes,vulpes,24392,NA,Vulpes,vulpes,NOW,37,22.58333,Europe,Greece,0,2.58
Canidae,Vulpes,vulpes,24393,NA,Vulpes,vulpes,NOW,37,22.58333,Europe,Greece,0,2.58
Canidae,Vulpes,vulpes,24394,NA,Vulpes,vulpes,NOW,37,22.58333,Europe,Greece,0,2.58
Canidae,Vulpes,vulpes,24395,NA,Vulpes,vulpes,NOW,37,22.58333,Europe,Greece,0,2.58
Canidae,Vulpes,vulpes,21795,NA,Vulpes,vulpes,NOW,50.75,19.3,Europe,Poland,0,0.01
Canidae,Vulpes,vulpes,28149,NA,Vulpes,vulpes,NOW,52,105,Europe,Russia,0,0.78
Canidae,Vulpes,vulpes,NA,175523,Vulpes,vulpes,PaleoDB,38.119592,12.784428,Europe,Italy,0,0.012
Canidae,Vulpes,vulpes,NA,176525,Vulpes,fulvus,PaleoDB,41.70011,-70.29946,NorthAmerica,United_States,0,0.012
Canidae,Vulpes,vulpes,NA,93326,Vulpes,vulpes,PaleoDB,39.483333,-114.033333,NorthAmerica,United_States,0,0.01882
Canidae,Vulpes,vulpes,NA,104035,Vulpes,vulpes,PaleoDB,37.952778,-79.767222,NorthAmerica,United_States,0,0.126
Canidae,Vulpes,vulpes,NA,162133,Vulpes,vulpes,PaleoDB,46.666667,-113.1,NorthAmerica,United_States,0,0.012
Canidae,Vulpes,vulpes,NA,171637,Vulpes,vulpes,PaleoDB,52.753889,106.821667,Europe,Russia,0.00094,0.00902
Canidae,Vulpes,vulpes,27996,NA,Vulpes,vulpes,NOW,39.61916667,46.98861111,Asia,Azerbaijan,0.01,1.95
Canidae,Vulpes,vulpes,28002,NA,Vulpes,vulpes,NOW,40.47611111,49.84861111,Asia,Azerbaijan,0.01,1.95
Canidae,Vulpes,vulpes,21264,NA,Vulpes,vulpes,NOW,27.417,39.333,Asia,Saudi_Arabia,0.01,1.95
Canidae,Vulpes,vulpes,23502,NA,Vulpes,vulpes,NOW,37.406,31.839,Asia,Turkey,0.01,1.95
Canidae,Vulpes,vulpes,28269,NA,Vulpes,vulpes,NOW,50.0878114,14.4204598,Europe,Czech_Republic,0.01,0.115
Canidae,Vulpes,vulpes,27997,NA,Vulpes,vulpes,NOW,42.29888889,44.05666667,Europe,Georgia,0.01,1.95
Canidae,Vulpes,vulpes,28001,NA,Vulpes,vulpes,NOW,42.29888889,44.05666667,Europe,Georgia,0.01,1.95
Canidae,Vulpes,vulpes,24302,NA,Vulpes,vulpes,NOW,48.4119,9.7844,Europe,Germany,0.01,1.95
Canidae,Vulpes,vulpes,28032,NA,Vulpes,vulpes,NOW,45.76666667,13.65,Europe,Italy,0.01,1.95
Canidae,Vulpes,vulpes,28004,NA,Vulpes,vulpes,NOW,43.84472222,39.31361111,Europe,Russia,0.01,1.95
Canidae,Vulpes,vulpes,NA,11803,Vulpes,vinetorum,PaleoDB,32.716667,35.05,Asia,Israel,0.012,0.126
Canidae,Vulpes,vulpes,NA,11803,Vulpes,vulpes,PaleoDB,32.716667,35.05,Asia,Israel,0.012,0.126
Canidae,Vulpes,vulpes,NA,101898,Vulpes,vulpes,PaleoDB,41.401944,141.429722,Asia,Japan,0.012,0.126
Canidae,Vulpes,vulpes,NA,101899,Vulpes,vulpes,PaleoDB,41.401944,141.429722,Asia,Japan,0.012,0.126
Canidae,Vulpes,vulpes,NA,48587,Vulpes,vulpes,PaleoDB,68.75,160,Europe,Russia,0.012,0.126
Canidae,Vulpes,vulpes,NA,79548,Vulpes,vulpes,PaleoDB,50.95,84.75,Europe,Russia,0.012,0.126
Canidae,Vulpes,vulpes,NA,77749,Vulpes,vulpes,PaleoDB,52.850556,1.476944,Europe,United_Kingdom,0.012,2.588
Canidae,Vulpes,vulpes,NA,34940,Vulpes,vulpes,PaleoDB,53.2167,-3.5,Europe,United_Kingdom,0.012,2.588
Canidae,Vulpes,vulpes,NA,93828,Vulpes,vulpes,PaleoDB,54.262222,-0.958889,Europe,United_Kingdom,0.012,0.126
Canidae,Vulpes,vulpes,NA,20635,Vulpes,vulpes,PaleoDB,52.2,-106.7,NorthAmerica,Canada,0.012,0.126
Canidae,Vulpes,vulpes,NA,20615,Vulpes,vulpes,PaleoDB,50.1,-110.7,NorthAmerica,Canada,0.012,0.126
Canidae,Vulpes,vulpes,NA,34269,Vulpes,vulpes,PaleoDB,27.638333,-80.3975,NorthAmerica,United_States,0.012,0.126
Canidae,Vulpes,vulpes,NA,74292,Vulpes,vulpes,PaleoDB,28.083333,-80.6,NorthAmerica,United_States,0.012,0.126
Canidae,Vulpes,vulpes,NA,93103,Vulpes,vulpes,PaleoDB,32.714722,-96.7075,NorthAmerica,United_States,0.012,0.126
Canidae,Vulpes,vulpes,NA,93141,Vulpes,vulpes,PaleoDB,34.883333,-106.883333,NorthAmerica,United_States,0.012,0.126
Canidae,Vulpes,vulpes,NA,93281,Vulpes,vulpes,PaleoDB,32.35,-104.783333,NorthAmerica,United_States,0.012,0.126
Canidae,Vulpes,vulpes,NA,20569,Vulpes,vulpes,PaleoDB,42.8,-112.9,NorthAmerica,United_States,0.012,0.126
Canidae,Vulpes,vulpes,NA,74953,Vulpes,vulpes,PaleoDB,38.483333,-107.15,NorthAmerica,United_States,0.012,0.126
Canidae,Vulpes,vulpes,NA,74954,Vulpes,vulpes,PaleoDB,38.483333,-107.15,NorthAmerica,United_States,0.012,0.126
Canidae,Vulpes,vulpes,NA,93181,Vulpes,vulpes,PaleoDB,44.983333,-108.2,NorthAmerica,United_States,0.012,0.126
Canidae,Vulpes,vulpes,NA,93277,Vulpes,vulpes,PaleoDB,42.783333,-105.683333,NorthAmerica,United_States,0.012,0.126
Canidae,Vulpes,vulpes,NA,93329,Vulpes,vulpes,PaleoDB,40.766667,-111.866667,NorthAmerica,United_States,0.012,0.126
Canidae,Vulpes,vulpes,NA,93330,Vulpes,vulpes,PaleoDB,38.65,-112.633333,NorthAmerica,United_States,0.012,0.126
Canidae,Vulpes,vulpes,NA,93339,Vulpes,vulpes,PaleoDB,65.35,-151,NorthAmerica,United_States,0.013725,0.02248
Canidae,Vulpes,vulpes,NA,155393,Vulpes,cascadensis,PaleoDB,40.784,-122.282,NorthAmerica,United_States,0.0143,0.0261
Canidae,Vulpes,vulpes,NA,93528,Vulpes,vulpes,PaleoDB,50.183333,-114.516667,NorthAmerica,Canada,0.0231,0.0335
Canidae,Vulpes,vulpes,28272,NA,Vulpes,vulpes,NOW,45.1469486,0.7572205,Europe,France,0.024,0.057
Canidae,Vulpes,vulpes,28124,NA,Vulpes,vulpes,NOW,43.2,-2.116666667,Europe,Spain,0.029,0.035
Canidae,Vulpes,vulpes,28259,NA,Vulpes,vulpes,NOW,42.97361111,1.966944444,Europe,Spain,0.03,0.15
Canidae,Vulpes,vulpes,28260,NA,Vulpes,vulpes,NOW,41.5307542,1.6796126,Europe,Spain,0.04,0.07
Canidae,Vulpes,vulpes,26600,NA,Vulpes,vulpes,NOW,44,4,Europe,France,0.0419,0.0441
Canidae,Vulpes,vulpes,NA,35045,Vulpes,vulpes,PaleoDB,48.083333,20.5,Europe,Hungary,0.126,0.781
Canidae,Vulpes,vulpes,NA,35047,Vulpes,vulpes,PaleoDB,48.183333,21.383333,Europe,Hungary,0.126,0.781
Canidae,Vulpes,vulpes,22328,NA,Vulpes,vulpes,NOW,42.333,-3.5,Europe,Spain,0.129,0.364
Canidae,Vulpes,vulpes,22329,NA,Vulpes,vulpes,NOW,42.333,-3.5,Europe,Spain,0.129,0.364
Canidae,Vulpes,vulpes,22330,NA,Vulpes,vulpes,NOW,42.333,-3.5,Europe,Spain,0.129,0.364
Canidae,Vulpes,vulpes,22332,NA,Vulpes,vulpes,NOW,42.333,-3.5,Europe,Spain,0.129,0.364
Canidae,Vulpes,vulpes,22333,NA,Vulpes,vulpes,NOW,42.33333333,-3.5,Europe,Spain,0.129,0.364
Canidae,Vulpes,vulpes,22334,NA,Vulpes,vulpes,NOW,42.33333333,-3.5,Europe,Spain,0.129,0.364
Canidae,Vulpes,vulpes,22337,NA,Vulpes,vulpes,NOW,42.33333333,-3.5,Europe,Spain,0.129,0.364
Canidae,Vulpes,vulpes,22339,NA,Vulpes,vulpes,NOW,42.33333333,-3.5,Europe,Spain,0.129,0.364
Canidae,Vulpes,vulpes,24066,NA,Vulpes,vulpes,NOW,45.7,24.5,Europe,Ukraine,0.129,0.186
Canidae,Vulpes,vulpes,27465,NA,Vulpes,vulpes,NOW,45.2531089,2.2002162,Europe,France,0.242,0.301
Canidae,Vulpes,vulpes,28025,NA,Vulpes,vulpes,NOW,41.33333333,13.03333333,Europe,Italy,0.3,1.95
Canidae,Vulpes,vulpes,NA,20150,Vulpes,vulpes,PaleoDB,39.3,-105.7,NorthAmerica,United_States,0.3,0.3
Canidae,Vulpes,vulpes,NA,20477,Vulpes,vulpes,PaleoDB,39.3,-105.7,NorthAmerica,United_States,0.3,0.3
Canidae,Vulpes,vulpes,NA,20559,Vulpes,vulpes,PaleoDB,39.3,-105.7,NorthAmerica,United_States,0.3,0.3
Canidae,Vulpes,vulpes,NA,20505,Vulpes,vulpes,PaleoDB,36.5,-107,NorthAmerica,United_States,0.3,1.8
Canidae,Vulpes,vulpes,24100,NA,Vulpes,vulpes,NOW,27.0381,106.0256,Asia,China,0.6,1.3
Canidae,Vulpes,vulpes,24099,NA,Vulpes,vulpes,NOW,25.6272,104.7333333,Asia,China,0.6,1.3
Canidae,Vulpes,vulpes,NA,45065,Vulpes,vulpes,PaleoDB,50.966667,11.349722,Europe,Germany,0.781,2.588
Canidae,Vulpes,vulpes,NA,45085,Vulpes,vulpes,PaleoDB,50.98,11.31,Europe,Germany,0.781,2.588
Canidae,Vulpes,vulpes,23189,NA,Vulpes,vulpes,NOW,35.417,4.133,Africa,Algeria,0.8,1.8
Canidae,Vulpes,vulpes,23190,NA,Vulpes,vulpes,NOW,35.419,4.136,Africa,Algeria,1.95,2.6
Canidae,Xenocyon,atrox,23189,NA,Canis,atrox,NOW,35.417,4.133,Africa,Algeria,0.8,1.8
Canidae,Xenocyon,dubius,24111,NA,Xenocyon,dubius,NOW,24.1831,109.4322,Asia,China,0,0.7
Canidae,Xenocyon,dubius,24080,NA,Xenocyon,dubius,NOW,24.6533,109.2322222,Asia,China,1.2,1.8
Canidae,Xenocyon,dubius,24130,NA,Xenocyon,dubius,NOW,30.65416667,110.0747,Asia,China,1.2,1.8
Canidae,Xenocyon,dubius,24131,NA,Xenocyon,dubius,NOW,30.6542,110.0747,Asia,China,1.2,1.8
Canidae,Xenocyon,dubius,24132,NA,Xenocyon,dubius,NOW,30.6542,110.0747,Asia,China,1.2,1.8
Canidae,Xenocyon,dubius,24133,NA,Xenocyon,dubius,NOW,30.6542,110.0747,Asia,China,1.2,1.8
Canidae,Xenocyon,dubius,24134,NA,Xenocyon,dubius,NOW,30.6542,110.0747,Asia,China,1.2,1.8
Canidae,Xenocyon,dubius,24124,NA,Xenocyon,dubius,NOW,30.6542,110.0747,Asia,China,1.2,1.8
Canidae,Xenocyon,dubius,24126,NA,Xenocyon,dubius,NOW,30.6542,110.0747,Asia,China,1.2,1.8
Canidae,Xenocyon,dubius,24128,NA,Xenocyon,dubius,NOW,30.6542,110.0747,Asia,China,1.2,1.8
Canidae,Xenocyon,dubius,24129,NA,Xenocyon,dubius,NOW,30.6542,110.0747,Asia,China,1.2,1.8
Canidae,Xenocyon,dubius,27076,NA,Xenocyon,dubius,NOW,35.51666667,103.5,Asia,China,1.95,2.6
Canidae,Xenocyon,dubius,27077,NA,Xenocyon,dubius,NOW,39.66666667,115.9166667,Asia,China,1.95,2.6
Canidae,Xenocyon,falconeri,26945,NA,Canis,africanus,NOW,-3.166666667,35.16666667,Africa,Tanzania,0.01,1.95
Canidae,Xenocyon,falconeri,NA,36373,Canis,falconeri,PaleoDB,42.4,11.3,Europe,Italy,0.012,2.588
Canidae,Xenocyon,falconeri,28020,NA,Canis,falconeri,NOW,43.33333333,12.0025,Europe,Italy,0.3,1.95
Canidae,Xenocyon,falconeri,28019,NA,Canis,falconeri,NOW,44.01666667,11.98333333,Europe,Italy,0.3,1.95
Canidae,Xenocyon,falconeri,NA,77773,Canis,falconeri,PaleoDB,37.416667,-3.166667,Europe,Spain,0.781,2.588
Canidae,Xenocyon,falconeri,28327,NA,Canis,falconeri,NOW,-2.995627338,35.35245895,Africa,Tanzania,1.15,1.785
Canidae,Xenocyon,falconeri,NA,36112,Canis,falconeri,PaleoDB,40.216667,-0.916667,Europe,Spain,1.806,2.588
Canidae,Xenocyon,falconeri,20582,NA,Canis,falconeri,NOW,44.53,24,Europe,Romania,1.95,2.6
Canidae,Xenocyon,falconeri,20392,NA,Canis,falconeri,NOW,40.2,-0.9,Europe,Spain,1.95,2.6
Canidae,Xenocyon,Genus_Only,24269,NA,Xenocyon,indet.,NOW,51.2358,-2.7111,Europe,United_Kingdom,0.01,1.95
Canidae,Xenocyon,Genus_Only,22920,NA,Xenocyon,indet.,NOW,37.733,-2.383,Europe,Spain,0.3,1.95
Canidae,Xenocyon,lycaonoides,24347,NA,Lycaon,lycaonoides,NOW,32.6667,35.5833,Asia,Israel,0.01,1.95
Canidae,Xenocyon,lycaonoides,24436,NA,Lycaon,lycaonoides,NOW,40.6667,23,Europe,Greece,0.01,1.95
Canidae,Xenocyon,lycaonoides,NA,36220,Xenocyon,lycaonoides,PaleoDB,49.816667,9.95,Europe,Germany,0.126,0.781
Canidae,Xenocyon,lycaonoides,NA,159681,Xenocyon,lycaonoides,PaleoDB,67.85,-139.766667,NorthAmerica,Canada,0.126,0.781
Canidae,Xenocyon,lycaonoides,28022,NA,Lycaon,lycaonoides,NOW,43.0025,13.5,Europe,Italy,0.3,1.95
Canidae,Xenocyon,lycaonoides,28021,NA,Lycaon,lycaonoides,NOW,42.15,15,Europe,Italy,0.3,1.95
Canidae,Xenocyon,lycaonoides,NA,20563,Xenocyon,lycaonoides,PaleoDB,50.7,-107.9,NorthAmerica,Canada,0.7,0.8
Canidae,Xenocyon,lycaonoides,NA,71060,Xenocyon,lycaonoides,PaleoDB,47.766667,107.283333,Asia,Mongolia,0.781,2.588
Canidae,Xenocyon,texanus,NA,20498,Xenocyon,texanus,PaleoDB,34.5,-101.3,NorthAmerica,United_States,0.6,0.6